ordinal	task_id	slot_index	purpose	slot_id	public_body_status	nonempty_public_turns	program_structure	program_executable	execution_accuracy	program_accuracy	native_status	old_qualification_verdict	old_qualification_reason	diagnostic_error	episode_sha256
0	APD/2019/page_53.pdf-2	0	train	finqa_probe_slot:6eb436f2e64bdd6c3bfbfda55188220157789e5669e87259dee27e3041164964	nonempty	4	valid	True	1.0	1.0	scored	unknown	additional_free_text_claims_not_semantically_verified		81ce933e6110e4a8c44e3d624a45e8d25691c5040dc1bca15dd4f88e3d034a88
1	APD/2019/page_53.pdf-2	1	train	finqa_probe_slot:50721f282af9c9131cc20e0f203a09ec2e4964b6556633abd64d1c69ec2cef61	nonempty	4	valid	True	1.0	1.0	scored	unknown	additional_free_text_claims_not_semantically_verified		a53220bfd9f64e8126d1796527995a0321d062eff23d1c559f72d1c99310ebbe
2	APD/2019/page_53.pdf-2	2	train	finqa_probe_slot:d0091d301f934054f4a9d472bd2a4f29bd23f73b8f8653bdb23ac6856bf10f3a	nonempty	2	valid	True	1.0	1.0	scored	unknown	additional_free_text_claims_not_semantically_verified		7e3eb4d1a19eb58316e7d7784faa8de6a1ae46be579b423efec027af03e2777f
3	APD/2019/page_53.pdf-2	3	train	finqa_probe_slot:38fcb4a565b85b3bc1a0a26e1c75443a8f25453ebb29c5b5242a076d3df40720	nonempty	2	valid	True	1.0	1.0	scored	unknown	additional_free_text_claims_not_semantically_verified		6477dd5ad923a2c7d2348bbb970aa1e2aa7476a9eb44f73fd88d44a11d8a8459
4	APD/2019/page_53.pdf-2	4	train	finqa_probe_slot:784322b58cb00ae3656612329eb8be6514a8ffcc73ee5f95fd9b9c0cfa5f8a14	nonempty	3	valid	True	1.0	1.0	scored	unknown	additional_free_text_claims_not_semantically_verified		f54a68c1adda8aa3fe6408f3d32e1f7cc2aeac084eb51a2ca9ea1e0074390ac7
5	APD/2019/page_53.pdf-2	5	train	finqa_probe_slot:c68a0eb1a26eb1e4e6db5c9d086c1dcc6887f398aee3117ccb2501feb7770d4d	nonempty	4	valid	True	1.0	1.0	scored	unknown	additional_free_text_claims_not_semantically_verified		128e8640ab99d0f95a92eae6f9414be82c01e28ea75454af697efdcc5510b15c
6	APD/2019/page_53.pdf-2	6	sealed_diagnostic	finqa_probe_slot:c37dbd8a569a9945a2c92c6c32975f6c876052c06fa0f7f5e1979cf5f7f441e7	empty	0	valid	True	1.0	1.0	scored	CompletePass	finite_author_anchored_source_execution_delivery_proved		31a8f193c01108b382601d2b664602476eda881a451cc545823e68130e8a3c28
7	APD/2019/page_53.pdf-2	7	sealed_diagnostic	finqa_probe_slot:e5b380e60e5d90bc03f8b33d47976e036f2f4a4fd91f4f5260dd3443d69e042f	nonempty	3	valid	True	1.0	1.0	scored	unknown	additional_free_text_claims_not_semantically_verified		43f647927c181689d54da1003bee19455afe9d460b38c59cd89c25b4914971eb
8	STT/2013/page_71.pdf-1	0	train	finqa_probe_slot:dc92f5ea5d2bba2cbc4fc7db08c74516403d9bac6061d54af5adceae188f8eb4	nonempty	4	valid	True	1.0	1.0	scored	unknown	additional_free_text_claims_not_semantically_verified		1a42339ec379ed0b898eea9c127e51b62d9e8bfb92066f04e22814253d2d9f21
9	STT/2013/page_71.pdf-1	1	train	finqa_probe_slot:e8d620c8696741b2a82b7dd25dc10bd6e4b1f9f596a6172e65845e5dc84761f6	nonempty	3	valid	True	1.0	1.0	scored	unknown	additional_free_text_claims_not_semantically_verified		c370b729b1f741fb23083871366038a2a4ec65e176f1dcf180b9538ce3313f10
10	STT/2013/page_71.pdf-1	2	train	finqa_probe_slot:8cad7aa0b548064733b5ed476ed6f23e6fc44158a720de69af98c8dd8bef057c	nonempty	3	valid	True	1.0	1.0	scored	unknown	additional_free_text_claims_not_semantically_verified		48b485c3dc0fb07f9382874b55bbf2393f61f520111b29bb594a14c6f42a2502
11	STT/2013/page_71.pdf-1	3	train	finqa_probe_slot:831ef446fb9547652ee2df1efc562500ed0eda7e32d4bbdb168c81b74f6b1715	nonempty	4	valid	True	1.0	1.0	scored	unknown	additional_free_text_claims_not_semantically_verified		a134f4845283ac503e7b283a4fe940a871955f163fe0fbddb82844bd09d72aeb
12	STT/2013/page_71.pdf-1	4	train	finqa_probe_slot:f9749fd04751e7045896763d7c0aa5e026b949dc097b8b7a058224517f7f8402	nonempty	3	valid	True	1.0	1.0	scored	unknown	additional_free_text_claims_not_semantically_verified		0ee9fbec55277fda295fc0d35492b0bfcf134ff10783ef07f61d789b017af2b3
13	STT/2013/page_71.pdf-1	5	train	finqa_probe_slot:3d86525e4eacf8f64ab18f11c1e74d27f9630ef3f4416cf35b0295b8fd703f8a	nonempty	4	valid	True	1.0	1.0	scored	unknown	additional_free_text_claims_not_semantically_verified		e9b7eebccea684bfc839b5bd8a828d13ac2ddc5f69c5f7e463654683b719e54d
14	STT/2013/page_71.pdf-1	6	sealed_diagnostic	finqa_probe_slot:15e84e30431e1dcf966fb264a7242acc04fc3c9e8329763eefc72bebea72cbb1	nonempty	4	valid	True	1.0	1.0	scored	unknown	additional_free_text_claims_not_semantically_verified		ac5cfea86f55f7a2f1e4c09c77a4f655b24ba40662d24f71c7ac6f7f4c22f749
15	STT/2013/page_71.pdf-1	7	sealed_diagnostic	finqa_probe_slot:0ee59d82054f6a6abc87143414d03fa8c0862f2d03c55f27805d9c529521a93a	nonempty	4	valid	True	1.0	1.0	scored	unknown	additional_free_text_claims_not_semantically_verified		15225973a2ad3ac29b5560918900821fefa78280cf3106cf5ad2ca84f68eecc6
16	C/2009/page_195.pdf-1	0	train	finqa_probe_slot:f8770ee246cd60f27dfac6a836383f5b358f6f7c52ce059881c6c64fd9d86b6c	nonempty	4	valid	True	0.0	0.0	scored	unknown	additional_free_text_claims_not_semantically_verified		f19796fc564c9c4e3abccdc9156296d9bd4196117f677cddbc7059b505f42aff
17	C/2009/page_195.pdf-1	1	train	finqa_probe_slot:8d9201c896ef3db0cf445236abac5ffc75e65be7041bf73a0eff6e45436759ed	nonempty	2	valid	True	0.0	0.0	scored	unknown	additional_free_text_claims_not_semantically_verified		9d0781a663a2dd8abd5d88a74053322b644d8464b964e9f958d4a15ae7834b1e
18	C/2009/page_195.pdf-1	2	train	finqa_probe_slot:2ec1a944b992f0f6da1ade6c92f6fe4d8e7841198dabeb50749e7cc8fac30ea8	empty	0	valid	True	0.0	0.0	scored	invalid	submitted_program_result_contradicts_anchored_task		8f9a048d6eebe33afb0468ac79310760f39d0e43f5d48b5c72cc91872c54336e
19	C/2009/page_195.pdf-1	3	train	finqa_probe_slot:b095457bf66bae11a5cb2c073eecff144db5b2d069fa4267e4e8a9c869f6b88a	nonempty	2	valid	True	0.0	0.0	scored	unknown	additional_free_text_claims_not_semantically_verified		ae78c7cfc272e111f3db959514c0d20327808a48aa7585ef3fdd7d75f656cca2
20	C/2009/page_195.pdf-1	4	train	finqa_probe_slot:e0a3a297027541781cfa9766749a48372f899d60457d87ee9d42bd1a2ee920e2	nonempty	4	valid	True	0.0	0.0	scored	unknown	additional_free_text_claims_not_semantically_verified		a702fa5d75cd8af139c784dab606cfd317e27a18ef628800c91df74865f1389d
21	C/2009/page_195.pdf-1	5	train	finqa_probe_slot:69074f656998e37782cbcdfdbb4e13415b439a1892eca7a0261f870821a6ab61	nonempty	4	valid	True	0.0	0.0	scored	unknown	additional_free_text_claims_not_semantically_verified		c610faa43a491df4287c077459e7a419f63c43bb85762f0aa327a47829c6b1f4
22	C/2009/page_195.pdf-1	6	sealed_diagnostic	finqa_probe_slot:37bb1a914e8c366d5728b1f8924279a2b2bfd72df1f7d23e8922eb979da8ffe3	nonempty	4	valid	True	0.0	0.0	scored	unknown	additional_free_text_claims_not_semantically_verified		383ae43aed83093fa5bfd24297dcca0825d6fc1d1de8aceb5f3278e451ecc036
23	C/2009/page_195.pdf-1	7	sealed_diagnostic	finqa_probe_slot:ddda916314e4a3ee002cfce9bbaf3d768cdd3422a113173eae2cc22e1deb4eb8	nonempty	4	valid	True	0.0	0.0	scored	unknown	additional_free_text_claims_not_semantically_verified		db4294cc6ba9f225d732d5b35a51a5cd79c7527988963428c73be3011f7995bf
24	STT/2013/page_175.pdf-3	0	train	finqa_probe_slot:ed28acbfa7ddadec641e62f152f6d8491cb0a06d6fa0d3a173d750cc0bbb0150	nonempty	1	valid	True	1.0	1.0	scored	unknown	additional_free_text_claims_not_semantically_verified		df2de39d83dd0dbcb5d7c793f654f988bb7d5e63744ccc188cf451bf4ef84fa2
25	STT/2013/page_175.pdf-3	1	train	finqa_probe_slot:6679fb4d71394659dd1ba70eac08e60898634eeb32430c82058e060bf5a4ee8f	nonempty	1	valid	True	1.0	1.0	scored	unknown	additional_free_text_claims_not_semantically_verified		c4bba032e09e82904ad0b7677bfdc4fdfae423a64115a6ee5b5eb6daf1343c9a
26	STT/2013/page_175.pdf-3	2	train	finqa_probe_slot:56d24c49a0f7cf593983335a8c0bb50f80ff7c17103e1f02b1a850632865f2af	nonempty	3	valid	True	1.0	1.0	scored	unknown	additional_free_text_claims_not_semantically_verified		40614814ff026010326305bc8f2b78b5386e514852dfee65e09fed50bc68a338
27	STT/2013/page_175.pdf-3	3	train	finqa_probe_slot:2ca494959b36e00181a752b7eef505a419fde48457b326c8ddd98ef4be10c150	nonempty	1	valid	True	1.0	1.0	scored	unknown	additional_free_text_claims_not_semantically_verified		5ab222d457a08b7a5c10771676809ae0620067e76b4887f6fb09a7b24267c3b5
28	STT/2013/page_175.pdf-3	4	train	finqa_probe_slot:0fbd041d08ab03a34711171b78d38d35d80e17dca96ca0730ddadaeb6f239bde	nonempty	2	valid	True	1.0	1.0	scored	unknown	additional_free_text_claims_not_semantically_verified		706eb32267d88744598f5390424f07c527caea660477c59e3faadc83cad1cd0c
29	STT/2013/page_175.pdf-3	5	train	finqa_probe_slot:64f506532ee2a5fdd3fb1d2061b97108ef956a8164c224e15fbe502a569b34af	nonempty	2	valid	True	1.0	1.0	scored	unknown	additional_free_text_claims_not_semantically_verified		bed3ba3db0c475352006be38bcdb99eab80a4e8bea0309d18c719705d5045cf8
30	STT/2013/page_175.pdf-3	6	sealed_diagnostic	finqa_probe_slot:3fb4330a936a76d012858b7675b279776c6111813df4abf1f9c771eff8c01d0b	nonempty	2	valid	True	1.0	1.0	scored	unknown	additional_free_text_claims_not_semantically_verified		2afcebcce1261949cc96a4887da5dc1c6f21c42508e487dc287c76fe02973c92
31	STT/2013/page_175.pdf-3	7	sealed_diagnostic	finqa_probe_slot:04adc3693c14f428999064d5a14d83baa357d78fbaa6a840ffc612efad0919e3	nonempty	3	valid	True	1.0	1.0	scored	unknown	additional_free_text_claims_not_semantically_verified		f7922edafa107c41d85cfde3a437bead21529dc84720e8a793983abf303e12df
32	GPN/2016/page_83.pdf-1	0	train	finqa_probe_slot:ec4548520bc2ac2e171291bb03374cc56263b1c41dc594a73f57797076ce7001	nonempty	2	valid	True	1.0	1.0	scored	unknown	additional_free_text_claims_not_semantically_verified		7e7a93e7245144496146b62424e7b134e9fb801c06dba6671a428717bde911ee
33	GPN/2016/page_83.pdf-1	1	train	finqa_probe_slot:9be8ad4656f0bdc85a7d4e226ae6d95f5fa5160d87196b08ce9e76d938c0daab	empty	0	valid	True	1.0	1.0	scored	unknown	undeclared_Final_dimensionless_scale		ba932f451ace3be465928913dbf8f9f97486dc16414edd3fc7482e6133da80d2
34	GPN/2016/page_83.pdf-1	2	train	finqa_probe_slot:8101960a751b4ab9fb9ec66b8620bdaf498ae2383ef048520737ff45d749ca9f	empty	0	missing	False	0.0	0.0	invalid_prediction	invalid	normal_terminal_has_no_completed_Final		8c92e3adcb9c3cbe603c022239c810283841dae307a9874fc56e7d280c98e3ef
35	GPN/2016/page_83.pdf-1	3	train	finqa_probe_slot:cefdd5923f6db4f82c5b61daaf5b9f941b7a25401ba9f8535d28600358dc998e	nonempty	4	valid	True	1.0	1.0	scored	unknown	additional_free_text_claims_not_semantically_verified		25cadd2fab36b149234156325f427e6f86ae8bfc240e71175a24988eafae68ac
36	GPN/2016/page_83.pdf-1	4	train	finqa_probe_slot:d687a2731338c04aae023842c8c69122605fc4f2f6976d30d6089ea4e67ea632	nonempty	4	valid	True	1.0	1.0	scored	unknown	additional_free_text_claims_not_semantically_verified		83965e2f69a91b49758d5664f868a919ba87b48a41758d45931de033327d40df
37	GPN/2016/page_83.pdf-1	5	train	finqa_probe_slot:f808aa185749863d702470d2bdde4f28e44d673dbff52c41ad455099e26180f0	nonempty	4	valid	True	1.0	1.0	scored	unknown	additional_free_text_claims_not_semantically_verified		b925b5248225404e99a069a35d212483bf94d9b4507242a9e38ab6e89a872889
38	GPN/2016/page_83.pdf-1	6	sealed_diagnostic	finqa_probe_slot:530629b34b812735ec61fc5d75cf77cf9dfb965cb6997f188ee71796b9abcac1	nonempty	4	valid	True	0.0	0.0	scored	unknown	additional_free_text_claims_not_semantically_verified		c18268fb8ace02fd82850d04bb5991013004170054c8783a9962ba9a625a17d3
39	GPN/2016/page_83.pdf-1	7	sealed_diagnostic	finqa_probe_slot:ca88758461ba17e53a62018aefb0f0514ee557ff4626875573c89c053f4f066f	empty	0	valid	True	1.0	1.0	scored	unknown	undeclared_Final_dimensionless_scale		e2ce6b752189a575959d679ea43aa5d524bd1ec43cb848f0f80539b412188bae
40	MRO/2012/page_39.pdf-3	0	train	finqa_probe_slot:d44ace735ab3b6c31447ffa38371635c8e476ffc028a91febb94a2ddc8feb7c6	nonempty	4	valid	True	0.0	0.0	scored	unknown	additional_free_text_claims_not_semantically_verified		fd57c950835271c5892b2f91dac7d4b4d21f0d7dfca9b015d90d5924186370ae
41	MRO/2012/page_39.pdf-3	1	train	finqa_probe_slot:4cb7787e7dc868295992008feaa065f877783932691ee3922397abd157bbefec	nonempty	3	valid	True	0.0	0.0	scored	unknown	additional_free_text_claims_not_semantically_verified		4591ae9d7f5131dbe2b4cc5cf9d9fcadee7d0c59774a2be9c624daa46c322963
42	MRO/2012/page_39.pdf-3	2	train	finqa_probe_slot:20e839ef38d3f119b43f96edada6adddce4ee5b080350ead08702006ae49d38a	nonempty	3	valid	True	0.0	0.0	scored	unknown	additional_free_text_claims_not_semantically_verified		d26e3136111253993e42bc5dd0c893402a9e6bf55f4482d62d0ab6386f6c5ea2
43	MRO/2012/page_39.pdf-3	3	train	finqa_probe_slot:2670a95b2d82ba5a8976e0f4a57b7deb23420baf681e84013c064407f968705e	nonempty	3	valid	True	1.0	1.0	scored	unknown	additional_free_text_claims_not_semantically_verified		64f4cd8e11615147d05ccd299c259a7de1d51ad761aa1ed0bd279652caa8d175
44	MRO/2012/page_39.pdf-3	4	train	finqa_probe_slot:4203d551d4c26d6dbee5a46a29af255b4cd8671c530f4c9eb7b707cf4df0811a	nonempty	4	valid	True	0.0	0.0	scored	unknown	additional_free_text_claims_not_semantically_verified		aa8c4857b249e3e8e998469b6e3aa01aca83a344e31abbe6f8968d68328893f8
45	MRO/2012/page_39.pdf-3	5	train	finqa_probe_slot:ea571dd65bfea678f166e0bfa56b64e53bb257160e02d756904c46d4eb7e3fbb	nonempty	4	valid	True	1.0	1.0	scored	unknown	additional_free_text_claims_not_semantically_verified		477e6d110017cd69f6c924b443c9fbc777e0eab251d466daceb5405222bd7dd1
46	MRO/2012/page_39.pdf-3	6	sealed_diagnostic	finqa_probe_slot:8978ff251d66d7d88cc1dd50578b77cdec32c125cbc04b834fe7b0ddcca77778	nonempty	2	valid	True	0.0	0.0	scored	unknown	additional_free_text_claims_not_semantically_verified		d73d5bad8a8cb36ad85a7816adfbf0b64fb4a0ea42f5ce7c30b011ad8033a545
47	MRO/2012/page_39.pdf-3	7	sealed_diagnostic	finqa_probe_slot:4ede55de5ff357404665d66ab9e8bc7cce58430cce0b15460d2b073d6f97cdbf	nonempty	4	valid	True	0.0	0.0	scored	unknown	additional_free_text_claims_not_semantically_verified		d5337eb68b86b5b56ab8fdf22f69898de0cbfd03a99dca4176ea34fbc2225cb5
48	EOG/2017/page_78.pdf-1	0	train	finqa_probe_slot:85fd7448037db60a5c6ec00808a939fd0abf021528d69dbc767292547b6a757b	nonempty	3	valid	True	1.0	1.0	scored	unknown	additional_free_text_claims_not_semantically_verified		faca30975a8f768273c4a675d94b18c8db118a51cf028243d9b890030384c4e4
49	EOG/2017/page_78.pdf-1	1	train	finqa_probe_slot:6d6f8cde735c8fa13ef95ccffeb8b7587d6953a35dea77a942454929d8486eac	nonempty	2	valid	True	1.0	1.0	scored	unknown	additional_free_text_claims_not_semantically_verified		428420075f28156b0b63eab90c7bd02a61871d4e37fc9ac47a70b255de0c9ba7
50	EOG/2017/page_78.pdf-1	2	train	finqa_probe_slot:ccf3b0fc2b35988ef7c0dc61d0584643f38c30630c8055d0224dbb085f7040f9	nonempty	2	valid	True	1.0	1.0	scored	unknown	additional_free_text_claims_not_semantically_verified		5943fc9d1d8dfab945d1f98c2edab9a7793f70ce70e2e8b5248eb81e7e5764ea
51	EOG/2017/page_78.pdf-1	3	train	finqa_probe_slot:ef85531dad6f99236fa2d67b6591474f98cb8a6fe5b04ea53103558dd08ab0d0	nonempty	3	valid	True	1.0	1.0	scored	unknown	additional_free_text_claims_not_semantically_verified		4d514e3d58a1d25a31f35329e3cec49d11c0263bf9ff362c4526447a012b48b5
52	EOG/2017/page_78.pdf-1	4	train	finqa_probe_slot:677a9851a4d089b6e78ccd5c45dce65a6586afb9589fc94a3aec148570623b1a	nonempty	2	valid	True	1.0	1.0	scored	unknown	additional_free_text_claims_not_semantically_verified		70eaa524b35ac57b7ef55a505a79f69ec5b591fb325ea07afe86acf460e2cad6
53	EOG/2017/page_78.pdf-1	5	train	finqa_probe_slot:52fd61bfd16dbddfa9c7fd435490f39b3cba91ff0f094547ef6deef38422d91b	nonempty	2	valid	True	1.0	1.0	scored	unknown	additional_free_text_claims_not_semantically_verified		44b29092338e253f74bbf0f9b8f1c99f242ec1c434a00669d18b220bb23da980
54	EOG/2017/page_78.pdf-1	6	sealed_diagnostic	finqa_probe_slot:f408b2e527cfcdcb681ff22ca6b4d60c05c5c1f9d64433d22ce897b1617a9b62	nonempty	2	valid	True	1.0	1.0	scored	unknown	additional_free_text_claims_not_semantically_verified		de389a2e02a18d93b01872e20307c44828c93feff31f51a7c3edd2d85d1c1811
55	EOG/2017/page_78.pdf-1	7	sealed_diagnostic	finqa_probe_slot:d0d34975d4b7219397fbf505df781ee0a6e9c5791140a10783522bc750776081	nonempty	2	valid	True	1.0	1.0	scored	unknown	additional_free_text_claims_not_semantically_verified		73f54470d1e5f92cbef5528a84cba112d90ef3d0634bd8b5422ff805d8157a7a
56	MAR/2018/page_42.pdf-2	0	train	finqa_probe_slot:b3d50da6c0fd2b7418e599f1a20362463bde9e83dc907b0de4cb13084d63c3fd	nonempty	4	valid	True	0.0	0.0	scored	unknown	additional_free_text_claims_not_semantically_verified		8faa79ae0601638d689bb7de60817f7e1df3005da74041cc6510134ce421419b
57	MAR/2018/page_42.pdf-2	1	train	finqa_probe_slot:a285768a8db7df6c55426014cfaacfc8585ab4f143368e0257514da69528e79f	nonempty	4	valid	True	0.0	0.0	scored	unknown	additional_free_text_claims_not_semantically_verified		bc5f851ab2c9000c397e80c49d763d57777e2c81bc68bd215e70adfc595637ab
58	MAR/2018/page_42.pdf-2	2	train	finqa_probe_slot:c02aeb81d20883cc7c2a87322dbc95df6851508dbd88f371cfb1d6cab72bbeba	nonempty	3	valid	True	0.0	0.0	scored	unknown	additional_free_text_claims_not_semantically_verified		f14ba251d2eeb260359a1b85f1ff651db4c7eae873a8fb0a899b96c3982dd3f8
59	MAR/2018/page_42.pdf-2	3	train	finqa_probe_slot:9fb1096074cf73e6cc4977e79cefa29f431137f66e89adddc45003140493aa93	nonempty	2	valid	True	1.0	1.0	scored	unknown	additional_free_text_claims_not_semantically_verified		659261faf5a8ca780b7c63732d1f58d7a747f43e4e00637757e86f111050ca05
60	MAR/2018/page_42.pdf-2	4	train	finqa_probe_slot:16eaeb4a55daa8ed30501b3180796238e74a3d331a18235cddb277f131349704	nonempty	3	valid	True	1.0	1.0	scored	unknown	additional_free_text_claims_not_semantically_verified		a2a2d5c366be4bd2ccd0e1e5aceb47cdd7345269b4811edb5a5aa024cedbad29
61	MAR/2018/page_42.pdf-2	5	train	finqa_probe_slot:9908394547d70a6a7505dd0cfbbfef8d9f3b231ce26653199739c2dc6b2dc352	nonempty	2	valid	True	1.0	1.0	scored	unknown	additional_free_text_claims_not_semantically_verified		489b0e74aaedbbfbc4dacc3cf9edc0d20c9b9a3b3260704c348173257ca3e9fa
62	MAR/2018/page_42.pdf-2	6	sealed_diagnostic	finqa_probe_slot:3e1597f2766467d92d34c364ad34e03e7fa5b15bd9dbd69706a42f2b8997bf62	nonempty	3	valid	True	1.0	1.0	scored	unknown	additional_free_text_claims_not_semantically_verified		64d2cc2baa767130f806c76ebe2b62e12da45d4b755ee4d96c40080913fe6ce2
63	MAR/2018/page_42.pdf-2	7	sealed_diagnostic	finqa_probe_slot:1709db3d847c0e7ec4a244ffc2eddd487af1f2ab37f71b53d59bc2a41cf266d2	nonempty	2	valid	True	0.0	0.0	scored	unknown	additional_free_text_claims_not_semantically_verified		6bd7110ddc7bb351296dd376bb2fb2b8a2c64daaccd39d7fc111ec2c17a50afd
64	LMT/2015/page_52.pdf-2	0	train	finqa_probe_slot:8942e80185d7395c4edbe86cb545688541f19bdeee97f59d256ad15f65f3f309	nonempty	4	valid	True	1.0	0.0	scored	unknown	additional_free_text_claims_not_semantically_verified		8558a56e8274ea318779ee5d07cd826fa90273190c64be41254bc36a5f2c4be9
65	LMT/2015/page_52.pdf-2	1	train	finqa_probe_slot:b3f3c4f9d4e25c8f2f4663083c74456210672159a0bf33b83090e02b14c9d8c4	nonempty	4	valid	True	1.0	0.0	scored	unknown	additional_free_text_claims_not_semantically_verified		a5d4fb93a2edeb6315ed8b8fde46a4a1379493a34b3ee429c39760d2febba0dc
66	LMT/2015/page_52.pdf-2	2	train	finqa_probe_slot:2f48a1622f4e786bb0d7daec8cdb2d56c5b60ff918305bcdfeac76cea1de7b7e	nonempty	1	valid	True	1.0	0.0	scored	unknown	additional_free_text_claims_not_semantically_verified		1068b4e35c78a2138e06ab86022c02b88e24bed29313bb8cd122533bbb51b1b7
67	LMT/2015/page_52.pdf-2	3	train	finqa_probe_slot:872860aaad856f70d08811153ea1a685b7d9673eb72599f99ec596a4fb0b33e3	nonempty	4	valid	True	1.0	0.0	scored	unknown	additional_free_text_claims_not_semantically_verified		deb0b8f4836a46fb332b202c668f0551ccc0cac60cc1383d1e5f17a133c2113e
68	LMT/2015/page_52.pdf-2	4	train	finqa_probe_slot:5839dd8e3a362ab20f32e618dcd18114d8c75929a0e1c79f8a4d115ef7603872	nonempty	3	valid	True	1.0	0.0	scored	unknown	additional_free_text_claims_not_semantically_verified		ca10241ab3840079045fc58284ed3f557009e0f1cb2a88493267759167a36a3d
69	LMT/2015/page_52.pdf-2	5	train	finqa_probe_slot:28cc2e818489bdbe8d013e03a0c1756022df20980a0c7f60fda293c77d90a639	nonempty	4	valid	True	1.0	0.0	scored	unknown	additional_free_text_claims_not_semantically_verified		773cfca1b50a89fd8bd18da8688ef66634821f54e84879ca74103cb3e479a37a
70	LMT/2015/page_52.pdf-2	6	sealed_diagnostic	finqa_probe_slot:2fb734c66d5fa18a0a553e7b07e97960b0f4a83b79f1799414564be48cc3a61d	empty	0	missing	False	0.0	0.0	invalid_prediction	invalid	normal_terminal_has_no_completed_Final		662c39c6eb4ba57afbcffc0e14e154f14157985e093aa76519b3418d68f27e2a
71	LMT/2015/page_52.pdf-2	7	sealed_diagnostic	finqa_probe_slot:eaf861e3ab9443ef97f6d72b228d16cf1d1e03069135e6194c0986e08f412b42	nonempty	4	valid	True	1.0	0.0	scored	unknown	additional_free_text_claims_not_semantically_verified		f28cdc686cda3f92672f41dd660591d759e457e915f41093338c562aea603eff
72	VLO/2012/page_27.pdf-1	0	train	finqa_probe_slot:433a92774084e0d42e06d17730a450f27a3ef243ba2a8b544eae13c00bc5e09d	nonempty	1	valid	True	0.0	0.0	scored	unknown	additional_free_text_claims_not_semantically_verified		1ee1dc42c443ecf7469947229ffbfe3b3ae98b82d410f58c678582a2a708514d
73	VLO/2012/page_27.pdf-1	1	train	finqa_probe_slot:8b04d228e14187da23c409019a74ddb15f2793167a08fcf39ee598da5114f53f	nonempty	1	valid	True	1.0	1.0	scored	unknown	additional_free_text_claims_not_semantically_verified		c7a71bff699792187d945f8d4f91e88887aa7e4218dab8e1339c5a9550856636
74	VLO/2012/page_27.pdf-1	2	train	finqa_probe_slot:ccf9fc3c902f5b57ae6c1de2de320ba8f91f81712c15cb4176635d8ab1eb62cf	nonempty	3	valid	True	1.0	1.0	scored	unknown	additional_free_text_claims_not_semantically_verified		fde6574afac23b88ce958f316b429464d734311b64a335d0a706982ad6a90904
75	VLO/2012/page_27.pdf-1	3	train	finqa_probe_slot:9afeff5831c7ff957c789bcb08f8b66dc008abfa8a1aa7af106a0bfd10e65c5e	nonempty	3	valid	True	0.0	0.0	scored	unknown	additional_free_text_claims_not_semantically_verified		9b3185864b75832e10221fceabd380d3bbacaa3657ca4e4f6cad4cb1e0cd4c27
76	VLO/2012/page_27.pdf-1	4	train	finqa_probe_slot:e135e76325c98a802b2a11aa16ff48cab63acf9b57bd8dc6c64d5c8f8802ed4f	nonempty	2	valid	True	0.0	0.0	scored	unknown	additional_free_text_claims_not_semantically_verified		3574ac7b062312f91ac58f9f5aba99ad4329a40212226305f945bde3764478c6
77	VLO/2012/page_27.pdf-1	5	train	finqa_probe_slot:7596176afc1d7287b33448262c9a1e54abe440f550bd89dd1a9c52e7de5b97ea	nonempty	2	valid	True	0.0	0.0	scored	unknown	additional_free_text_claims_not_semantically_verified		b6f3ad2543e3ebd479161380216300a7530e5e558f9bf70b5d48a999d2a4dcb3
78	VLO/2012/page_27.pdf-1	6	sealed_diagnostic	finqa_probe_slot:59dc7adaf9e0f96a56a52ee4c8f9256439d7494f3d181cee75d323328b3b3ba5	nonempty	2	valid	True	1.0	1.0	scored	unknown	additional_free_text_claims_not_semantically_verified		f8465c3847df7fc9be3808275358e352d3fb2a145560563e213436e0a2f4100d
79	VLO/2012/page_27.pdf-1	7	sealed_diagnostic	finqa_probe_slot:eb1180f8b6d0b6c800fdf48804db4defc6354cbbdf6243162a556cfc8eba3acd	nonempty	2	valid	True	1.0	1.0	scored	unknown	additional_free_text_claims_not_semantically_verified		fc056d5e10d9861340022649fe23e2cd3a367973664c26837f34192a2f40a73f
80	C/2015/page_73.pdf-1	0	train	finqa_probe_slot:c6e7619c8525b711882618963b82aa1d4b92e33917240ff72c60e5759bcee192	nonempty	3	valid	True	1.0	1.0	scored	unknown	additional_free_text_claims_not_semantically_verified		5297380fd0f0e3fa2e0b675209fc199fdffdf8a7b15b6d65503980f354b12d77
81	C/2015/page_73.pdf-1	1	train	finqa_probe_slot:f13f66f41366932ced3333d10318fb48c1fd126315eaa0e9d9adbf6a86c1ba57	nonempty	2	valid	True	0.0	0.0	scored	unknown	additional_free_text_claims_not_semantically_verified		fda2cebb330b5d95b9cb30ce36ec88c054928e2357a3d4a9faa3f1bfa0395b83
82	C/2015/page_73.pdf-1	2	train	finqa_probe_slot:823ef2426965d5309512cc541d914d05073ff395388de8d11de85abf872b0870	nonempty	3	valid	True	0.0	0.0	scored	unknown	additional_free_text_claims_not_semantically_verified		b4d58e27e96818f0f1e6af71988ab3acb96b85d6d1bb28befbe64ddfcae2f7c4
83	C/2015/page_73.pdf-1	3	train	finqa_probe_slot:55d9149984efad267be9e727c9b940d3bab02eb7e4ac37b8eeb0a268685a6573	nonempty	1	valid	True	1.0	1.0	scored	unknown	additional_free_text_claims_not_semantically_verified		953552bd5cf1f241c8c6c95ef58c9055ab1935bd430f984bf61d3bb9697b2117
84	C/2015/page_73.pdf-1	4	train	finqa_probe_slot:66d8b8cad59ad4726cc12abc35245cdff14d06b41b83ae0c61e43b6dc1423e37	nonempty	1	valid	True	1.0	1.0	scored	unknown	additional_free_text_claims_not_semantically_verified		b95f6be30ebb16e931c5b2b35d6a2fd3ddfdb6a480cd8d6e269fd233f3a58778
85	C/2015/page_73.pdf-1	5	train	finqa_probe_slot:3277660bee4437555aac7225eb37344230a940b980345d72fcaf54c67cf3b50c	nonempty	1	valid	True	1.0	1.0	scored	unknown	additional_free_text_claims_not_semantically_verified		f0a42f948f6b276e52ae47bbcf0db481796d457c9363142442f418b43e524c7b
86	C/2015/page_73.pdf-1	6	sealed_diagnostic	finqa_probe_slot:44ed6f87b8e876be8ee7b72b814d656cd18ad8b37ebb7f8bec2bed513a07a4bd	nonempty	2	valid	True	0.0	0.0	scored	unknown	additional_free_text_claims_not_semantically_verified		d31b28cb7f6734b00eb34c19c891c005eed5182496c7ee382c7c5a9fdd45e47a
87	C/2015/page_73.pdf-1	7	sealed_diagnostic	finqa_probe_slot:6947b858985d8aee68d0c9959b8a95e9150b49e467b2ad1737a4c7a21f41d5ee	nonempty	2	valid	True	0.0	0.0	scored	unknown	additional_free_text_claims_not_semantically_verified		9c2916921f95377dac2950a6a34b03705a60cf3e78ed561533117b8cac3c100f
88	LMT/2015/page_106.pdf-3	0	train	finqa_probe_slot:19eb381a6cbb53558569b2cb01e8ae427d03f8c925bac9d2dd1937af04b7561b	nonempty	3	valid	True	1.0	1.0	scored	unknown	additional_free_text_claims_not_semantically_verified		7892b64b11dafa3b55f6c470284a654e9c7e9053268420a3a74a6573857e1ad7
89	LMT/2015/page_106.pdf-3	1	train	finqa_probe_slot:15cb0bb58598b2e7c9c3f86caebd78051d751a364f416ffa96e17e0e92af337d	nonempty	1	valid	True	1.0	1.0	scored	unknown	additional_free_text_claims_not_semantically_verified		84a9711664a11e1d405d0de17bd85d285d6c456005425a580be994bf259f4136
90	LMT/2015/page_106.pdf-3	2	train	finqa_probe_slot:098d1ac6eef889d49540374f92167df6cf82c724aeb545f3ef457328fb6c247c	nonempty	3	valid	True	1.0	1.0	scored	unknown	additional_free_text_claims_not_semantically_verified		c5a4cb9aace669cabc59ed25601c39e68a623f3dfeeeae445eda29ea82574f4d
91	LMT/2015/page_106.pdf-3	3	train	finqa_probe_slot:9e1d2f67affad453bb4b281ead839bda54384650659942fc0b1dadc33850878c	empty	0	valid	True	1.0	1.0	scored	invalid	Final_value_or_declared_scale_contradicts_source_bound_program		4e04ed808f9f9144f53f4d927bf0a4642284f92bc89ba82b077ce1bfea0b8f30
92	LMT/2015/page_106.pdf-3	4	train	finqa_probe_slot:cb22620b9eccf58fdb63c9acaad704d69c2bad175920d11154d57ceea5cf4214	nonempty	1	valid	True	1.0	1.0	scored	unknown	additional_free_text_claims_not_semantically_verified		bee7c02b62eb3697430abb3f2bd4cec9f01a8a5488d69296a83d5264d4e3897d
93	LMT/2015/page_106.pdf-3	5	train	finqa_probe_slot:d301a4d8b457eb4d5a9cd8b998b0e8e68a0a2e1e16a1e12c7922ebc45d68bf31	nonempty	4	valid	True	1.0	1.0	scored	unknown	additional_free_text_claims_not_semantically_verified		bca1a05f9ee64cab957b471d56f35b89746fced81b37d33374986b841e8173dc
94	LMT/2015/page_106.pdf-3	6	sealed_diagnostic	finqa_probe_slot:71604349ac3a5488f97344fd002d9140ac11d48d7a879bbc945675638d3400c1	empty	0	valid	True	1.0	1.0	scored	invalid	Final_value_or_declared_scale_contradicts_source_bound_program		cf3ad2bfd4f6b183f86459b27464dbf8b49429cae70c3a3cbd3df217275c823b
95	LMT/2015/page_106.pdf-3	7	sealed_diagnostic	finqa_probe_slot:53d746cb13ebc6b0f09311ab9b36a38b51c056c034d022dc6c8e10ca9f1b536e	nonempty	3	valid	True	1.0	1.0	scored	unknown	additional_free_text_claims_not_semantically_verified		42997fe3f20435f85b285079f49af4fea19cc83d14cd8c05c1afa8adb06e0893
96	C/2015/page_73.pdf-3	0	train	finqa_probe_slot:da4d7603475fad86dbe3e0116546327b186a5391e669abfbf455bb54e840fae4	nonempty	2	valid	True	1.0	1.0	scored	unknown	additional_free_text_claims_not_semantically_verified		5168f5c98c3e4b0fdb6277e8258a8fe872edb680e962fe63561054f915425089
97	C/2015/page_73.pdf-3	1	train	finqa_probe_slot:a987ee9ee921b633ca5516dea051119b8ab0cafe8c00bcc2e5a777f1790109ba	nonempty	1	valid	True	0.0	0.0	scored	unknown	additional_free_text_claims_not_semantically_verified		640c5ba7014d70be76c8de0e9a3c9028fe48b4b05fec7bdd4d7f916e18163aa3
98	C/2015/page_73.pdf-3	2	train	finqa_probe_slot:5416300ec38caef98c1ff8f3ce305113df333b1b8b4b7e445116ef1761e57844	nonempty	2	valid	True	0.0	0.0	scored	unknown	additional_free_text_claims_not_semantically_verified		c774d4eb8dbf47134df39896c8417029fe5c160577e71c545395fd616faf7399
99	C/2015/page_73.pdf-3	3	train	finqa_probe_slot:57ad4ee6f1b2a675f4bf413562d053379c115f7516d3f071a885609f5ce97905	nonempty	2	valid	True	1.0	1.0	scored	unknown	additional_free_text_claims_not_semantically_verified		33846ff2b91e1cd53fa0e283e2d268b6710620b6d28328336a66969ab2638beb
100	C/2015/page_73.pdf-3	4	train	finqa_probe_slot:5fa55df2cb4e468fcf820201d830db9e4ed3aca00cd6bd95861ba717411afd5c	nonempty	3	valid	True	0.0	0.0	scored	unknown	additional_free_text_claims_not_semantically_verified		9a08e895b070110b218fe4a32f4d724bfdb6543224f9d3206ff06c7d1214a45c
101	C/2015/page_73.pdf-3	5	train	finqa_probe_slot:b28fd3a2345eaab6f10f7ecaaf1ad1190cb6a49149ed3d6391147d90732c04a2	nonempty	3	valid	True	1.0	1.0	scored	unknown	additional_free_text_claims_not_semantically_verified		551c01cdbb6e602b27be6f8befe9bcac5222cf26cb949d92e0979a37517e86b6
102	C/2015/page_73.pdf-3	6	sealed_diagnostic	finqa_probe_slot:30446dd02a82f826b96995d2c363d37e20141862accf750d19fc321edbd0ccc6	nonempty	3	valid	True	0.0	0.0	scored	unknown	additional_free_text_claims_not_semantically_verified		338ff6392e55d76796e8c39f26f6d54a72b26da4116bd1b3c3922fc7beae23d9
103	C/2015/page_73.pdf-3	7	sealed_diagnostic	finqa_probe_slot:ad6d9783777a903a571f4e6eb9b42a39203a5aeafe36f82488e9462dfd2c8b1a	nonempty	1	valid	True	0.0	0.0	scored	unknown	additional_free_text_claims_not_semantically_verified		16cbc0209f0575870a485c75d52bbb5988b8dce25ad0b153e55d43810c1dd3da
104	MAS/2010/page_29.pdf-1	0	train	finqa_probe_slot:5568c06d7f9b08d22d3b7d8cedf4cceab059278d772c7d4809d3cc4ceecd94c4	nonempty	3	valid	True	0.0	0.0	scored	unknown	additional_free_text_claims_not_semantically_verified		891870a6d7aac1497d655d2ed3a76a26d41ad21be249cea9f88322146ef98481
105	MAS/2010/page_29.pdf-1	1	train	finqa_probe_slot:ce8e35c95847d4f10c9c3dcac1dcfc23acc277d3ecddb2305a09551da0a708ea	nonempty	3	valid	True	0.0	0.0	scored	unknown	additional_free_text_claims_not_semantically_verified		6959586510c41335f53974493776d2c0174e4e97dcbb990d9c1397ecc64a4575
106	MAS/2010/page_29.pdf-1	2	train	finqa_probe_slot:7094841c6a1a72a00a8d66a08d1e9c92ad876ba69a22668684e6b4a31295193e	nonempty	3	valid	True	0.0	0.0	scored	unknown	additional_free_text_claims_not_semantically_verified		08a971f026844a2d41cccd5288c20044c72c5eada74d6adfa4ab1d0b5faf68a4
107	MAS/2010/page_29.pdf-1	3	train	finqa_probe_slot:c7995b6689dfa6f8c1c6bd70caa934eac8f919b0392ef7b49f817329846a5cd2	nonempty	4	valid	True	1.0	1.0	scored	unknown	additional_free_text_claims_not_semantically_verified		62450c61883f4fd6be822f9988a436a7ccb79fa37f843fe23391b513ea334e1c
108	MAS/2010/page_29.pdf-1	4	train	finqa_probe_slot:734674df5d045bd686e786f86bef7947ba901aa891fc3169c1be608fcf12c232	nonempty	4	valid	True	1.0	1.0	scored	unknown	additional_free_text_claims_not_semantically_verified		4c32d3a22b731d1c4c12fb36d2487eef218ba57c8201d190ebdc9b61256159a0
109	MAS/2010/page_29.pdf-1	5	train	finqa_probe_slot:a974a9e98a7c3726b67fb7c0bc265e7dd86233cf4968f802605973f4c9c45716	nonempty	4	valid	True	0.0	0.0	scored	unknown	additional_free_text_claims_not_semantically_verified		4a476d21790e73c045b2ec5d92f316069c110b207ea66f9e286b0fcf1cc84aa6
110	MAS/2010/page_29.pdf-1	6	sealed_diagnostic	finqa_probe_slot:a81c601d5cccbe1ad1d548399eeec90d6727e65312bb01d10727b2539cf28e5d	nonempty	3	valid	True	1.0	1.0	scored	unknown	additional_free_text_claims_not_semantically_verified		fd4c918901f099ab1017a9c130ae2efceedc20bf101c85f257cfd6801b28a1aa
111	MAS/2010/page_29.pdf-1	7	sealed_diagnostic	finqa_probe_slot:2e001711d40e1a06fcfcc9126d62943052e37e59c600269a28c59934bfaddf8a	nonempty	1	valid	True	0.0	0.0	scored	unknown	additional_free_text_claims_not_semantically_verified		7aabce5c4154e9083bfb1448f01cda2fa8ded99c40264d609f6d44d40bf68af7
112	LMT/2014/page_46.pdf-1	0	train	finqa_probe_slot:2d4d70bb326ab7b388d63295aa65ea575f2d29d1f42782a62fc3f3e72c084dad	nonempty	3	valid	True	1.0	1.0	scored	unknown	additional_free_text_claims_not_semantically_verified		31e33e6ce0a48759bf2b03d8a28252250bf7879a3e4bdb03d28a78ec5444ac71
113	LMT/2014/page_46.pdf-1	1	train	finqa_probe_slot:76158a3802510e0ba9a6e9daf105e75ddc57fa763bef7552623ae4467e32d8aa	nonempty	4	valid	True	1.0	1.0	scored	unknown	additional_free_text_claims_not_semantically_verified		39077bc24b17a124c4a4d4e5e5d10862682e44e79bbaf78e242671c4b23fc0b1
114	LMT/2014/page_46.pdf-1	2	train	finqa_probe_slot:6f6c84c84876cacb1d3341906caa327cf78d76409b8fad1e2a00d96ff58b3df0	nonempty	3	valid	True	1.0	1.0	scored	unknown	additional_free_text_claims_not_semantically_verified		2325ad768e15b492f945744891bc88390e3af3969dce0cff521a34d3aac35867
115	LMT/2014/page_46.pdf-1	3	train	finqa_probe_slot:dd5fea8f83947c72cc10631f279effb947e160aa61ab8b048115238836e9d26f	nonempty	3	valid	True	1.0	1.0	scored	unknown	additional_free_text_claims_not_semantically_verified		15df63bfad5747f6f25d55fdc2c3910a696edd5239d68e7c233b4d8903ccf384
116	LMT/2014/page_46.pdf-1	4	train	finqa_probe_slot:b2238febad5c6a2a50ed8ba2f437e9d992ab7bfe1db8d6cb7e443cd3c801d242	nonempty	4	valid	True	0.0	0.0	scored	unknown	additional_free_text_claims_not_semantically_verified		01b5eff293f1c0c061dc75939846878a1e50b7ca4a0e9996c3a1894c1c07f727
117	LMT/2014/page_46.pdf-1	5	train	finqa_probe_slot:18d1c1433bc9f72c4c450be66450a0f39ca690b44fe28b0023691f4830ee212b	nonempty	4	valid	True	1.0	1.0	scored	unknown	additional_free_text_claims_not_semantically_verified		b28557ab3f2890de1e26c24b28570bbd21ea58b3813b06eac2f912c3f370ea20
118	LMT/2014/page_46.pdf-1	6	sealed_diagnostic	finqa_probe_slot:4c966529bbdc9c064d53a83e289d08abb902d6562029947f232e27d7ba73c1a6	nonempty	5	valid	True	1.0	1.0	scored	unknown	additional_free_text_claims_not_semantically_verified		a22bc800c9c9edc234688b7c94fa986bf2d03397bd1d9763a5103f320507083e
119	LMT/2014/page_46.pdf-1	7	sealed_diagnostic	finqa_probe_slot:199164ad8aeed9dbb98810713b945728e8cc6da8e43d39a53fb8f35b7cb48239	nonempty	3	valid	True	1.0	1.0	scored	unknown	additional_free_text_claims_not_semantically_verified		71ac63224b9bb516e38980bdc1cc2a37e786a39e1fd5ec49e224338411daa432
120	IPG/2018/page_104.pdf-2	0	train	finqa_probe_slot:dbffd269f93cce3836b198490485bcf869611c95d65d41a1e23be48f4a9b3863	nonempty	3	valid	True	1.0	1.0	scored	unknown	additional_free_text_claims_not_semantically_verified		7e2f9e21ec4ab08a9c066389eefbd31b7191b89e7cf6648f3b0cce14ff933eca
121	IPG/2018/page_104.pdf-2	1	train	finqa_probe_slot:96edf0e788440acef69e5ca48e84118d51ca7544c8a5352cc3f4b1ede3f6f5f1	nonempty	1	valid	True	1.0	1.0	scored	unknown	additional_free_text_claims_not_semantically_verified		cb5f39bf4ecae528f44cd6780e1c30c5cd7d53dec25c3bf1219ab4e27236c699
122	IPG/2018/page_104.pdf-2	2	train	finqa_probe_slot:5f1aa2fa357270b39fa4b474176abc26d4c2eabb82648ed5c430c6acb1e78bb1	nonempty	1	valid	True	0.0	0.0	scored	unknown	additional_free_text_claims_not_semantically_verified		ccea2c97e14c5d46252837ed4f57cb81f7a470b237b135000bc719841c95e16e
123	IPG/2018/page_104.pdf-2	3	train	finqa_probe_slot:9eb0a3bc54e2db7b67228521ffad5c190abce3e87293104e8f2e4cd6a6efdec1	nonempty	3	valid	True	0.0	0.0	scored	unknown	additional_free_text_claims_not_semantically_verified		707053665d6676c39ed5d6c1a01409a6d101e4e44ae8f9c4259d88c7a494a1a3
124	IPG/2018/page_104.pdf-2	4	train	finqa_probe_slot:329020f0a9374135fc02cc48be035dee131f79b9dd5e103c0e168e9045b517c6	nonempty	1	valid	True	0.0	0.0	scored	unknown	additional_free_text_claims_not_semantically_verified		0c8a4c2ecf0c859e8b51b3a0d40d4627f8426834e6c29cc00994eeaa960b83ff
125	IPG/2018/page_104.pdf-2	5	train	finqa_probe_slot:32a50cb853fea78bda25e878ef865d5346c80e4d2d71947b49d80e343a2bec61	nonempty	2	valid	True	0.0	0.0	scored	unknown	additional_free_text_claims_not_semantically_verified		76b1d77f8394033ec4ccac6f2dcd476789f5f8bb450aa914d8f5e09e9cd9511d
126	IPG/2018/page_104.pdf-2	6	sealed_diagnostic	finqa_probe_slot:10d853ea64d76192652521883f970bc19b0d90299bb4795da7dafaca3a9b1ffe	nonempty	4	valid	True	0.0	0.0	scored	unknown	additional_free_text_claims_not_semantically_verified		b06cb1b006d3df19c0b65f9f49c96845ef85459ec7340e9b4e3ec06335563e66
127	IPG/2018/page_104.pdf-2	7	sealed_diagnostic	finqa_probe_slot:5b65f3a586e9699d3180beacf91a3fb5f247c14c5dc61b91fb5184223f1e8024	nonempty	2	valid	True	1.0	1.0	scored	unknown	additional_free_text_claims_not_semantically_verified		f4547e8bd543348eb83388c825568e7982273607204faf73f8f59be28add4062
128	MRO/2008/page_135.pdf-3	0	train	finqa_probe_slot:dd7bc4228261c5ee29d825e5622a535c7924817d86e4dcf783b7790db43c5db7	nonempty	2	invalid	False	0.0	0.0	invalid_prediction	unknown	additional_free_text_claims_not_semantically_verified		960e3395fbf5aec5351e13c1f4973b9cdab1c51438fc2fa47d8a43245e27a8e1
129	MRO/2008/page_135.pdf-3	1	train	finqa_probe_slot:95f5fb88b7c98647b7d703f6b079d2548595572ff73aba3abed7644c003f2fe1	nonempty	2	invalid	False	0.0	0.0	invalid_prediction	unknown	additional_free_text_claims_not_semantically_verified		b02961ce941562cb193fe14a05464d3e76ee90a9587dad008a44351157060bfe
130	MRO/2008/page_135.pdf-3	2	train	finqa_probe_slot:30adf68d4d8b5c1819c71cae23470a86364e8c933f7b29dac9cb53e1905df2f8	nonempty	3	valid	True	1.0	1.0	scored	unknown	additional_free_text_claims_not_semantically_verified		41cc118dff89aed38510ce141fd8168c0786c70d7eeb40b355ca107cf325cd54
131	MRO/2008/page_135.pdf-3	3	train	finqa_probe_slot:f20822c0afcb3bff05b3534410fb161fd14e1879be4b2cbbbe170a14205b026a	nonempty	2	invalid	False	0.0	0.0	invalid_prediction	unknown	additional_free_text_claims_not_semantically_verified		0eae1b38c0486bbfd2c34f7ac4f3d18fbf32ddb449b97765aed7d4a59db0d363
132	MRO/2008/page_135.pdf-3	4	train	finqa_probe_slot:5700627a86fe9190165896cf997fb91ed976a3b3e48cbdb3952eab750b93bf46	nonempty	2	invalid	False	0.0	0.0	invalid_prediction	unknown	additional_free_text_claims_not_semantically_verified		2d73c6b9484454fdf593c18f532b891a89c2051eefa69dfa8e509e3e2d34d3ea
133	MRO/2008/page_135.pdf-3	5	train	finqa_probe_slot:f6033f9dec56ad8b5656c1cf703c951df0c87ab7616e3566462d689023bfd07f	nonempty	2	invalid	False	0.0	0.0	invalid_prediction	unknown	additional_free_text_claims_not_semantically_verified		bbdaeeea6d673e7ae2d56b9ae24f289a10e4717be042f338ffb755f6c0c02967
134	MRO/2008/page_135.pdf-3	6	sealed_diagnostic	finqa_probe_slot:d80d1012845a5342972351333bdc1487830ab21f0d68563eab3187be5aee3b8f	nonempty	2	valid	False	0.0	0.0	invalid_prediction	unknown	additional_free_text_claims_not_semantically_verified		c7d70849aa923c08b145e214b96a3e54e404d0124fd0065b962d58a3851dc61c
135	MRO/2008/page_135.pdf-3	7	sealed_diagnostic	finqa_probe_slot:fed7c1c41f6048b95e2c757c64e00db349e516493d6fa35d1407f2057ad3e982	nonempty	2	invalid	False	0.0	0.0	invalid_prediction	unknown	additional_free_text_claims_not_semantically_verified		478e581033b37c472fe464b91513a20b177774f4e7157a38b9edfc118ec90399
136	LMT/2014/page_45.pdf-4	0	train	finqa_probe_slot:ddbdc9539b38c3c19f208575b5a5ff31a55d3e9897a5ae9c2624b3aa494569cc	nonempty	2	valid	True	1.0	1.0	scored	unknown	additional_free_text_claims_not_semantically_verified		f01d508c6cee3b41ed778525886e86cb96a8418cbd257a0ee6a0a825ca3ce6b3
137	LMT/2014/page_45.pdf-4	1	train	finqa_probe_slot:2d4985e0cfdaefbeb94a1221c10b27321fe24be03762bbffcc64ce61efc879b9	nonempty	1	valid	True	1.0	1.0	scored	unknown	additional_free_text_claims_not_semantically_verified		bdcef42e89c3f131335c3db867a073c3ca3630feb2abf1659543a2026695e3bf
138	LMT/2014/page_45.pdf-4	2	train	finqa_probe_slot:e4c579cd9a3a23f5bdd4cfb2134acff85ef56d28010816793475513836b25df4	nonempty	1	valid	True	1.0	1.0	scored	unknown	additional_free_text_claims_not_semantically_verified		11829deb66fda5c085406434538fc5739a506751886553c071899bbfda230ec2
139	LMT/2014/page_45.pdf-4	3	train	finqa_probe_slot:13101532223a8e1912f4a81d2556c4fea25d69183608f91afa5314a88ffd7311	empty	0	valid	True	1.0	1.0	scored	CompletePass	finite_author_anchored_source_execution_delivery_proved		f33498743b67dc507442fb59289b501e0deca690d5b15fb6f241e57f44be1329
140	LMT/2014/page_45.pdf-4	4	train	finqa_probe_slot:e2647a58a0701377ec2486b1314a5ca9483620b75a0ef43b4992c8ddee61fc84	nonempty	2	valid	True	1.0	1.0	scored	unknown	additional_free_text_claims_not_semantically_verified		5021639e741345cdd8372c957c3afb19f52b2c78c4c71961b3ec4365ae3ee52c
141	LMT/2014/page_45.pdf-4	5	train	finqa_probe_slot:f0eaebffb54a13c56055535a51e23e0acc9c6d2a1576e4766acc6860495b74fe	nonempty	1	missing	False	0.0	0.0	invalid_prediction	invalid	normal_terminal_has_no_completed_Final		2b3fba71e48c764da0df612ba97897226cd16a936b98b91aae6953f64d8a9ad1
142	LMT/2014/page_45.pdf-4	6	sealed_diagnostic	finqa_probe_slot:b701e05d94f684d058b3d3f7447049b76b22b80b5706fb970b87018b04f1f401	nonempty	2	valid	True	1.0	1.0	scored	unknown	additional_free_text_claims_not_semantically_verified		26e0449c2aaa7cc9bcb832ec5ea339da79418f3d59449b53098a72a470535ae7
143	LMT/2014/page_45.pdf-4	7	sealed_diagnostic	finqa_probe_slot:2aa28aea7e6b6b9b340e0cbeabff47e544bb6c65415d65ab17d0b5858ae79640	empty	0	valid	True	0.0	0.0	scored	invalid	submitted_program_result_contradicts_anchored_task		4f9da49008e1df565f6c1a03318d9750b0ec1cc114f91822ad3419a74b297b00
144	APD/2019/page_100.pdf-1	0	train	finqa_probe_slot:8011da8fcb88632b2c2de35a7546a8e7ffa24401879e7c3d8d9f1b8a989e2583	nonempty	1	valid	True	0.0	0.0	scored	unknown	additional_free_text_claims_not_semantically_verified		8a6690e30ebb3d4532d95aa66827c951a84b53a2d03989ecb152458677a19861
145	APD/2019/page_100.pdf-1	1	train	finqa_probe_slot:15dbd441703f98e34a723dc677a07aacb2fdba6d9a6eabbcf1bba251f2d40931	nonempty	3	valid	True	0.0	0.0	scored	unknown	additional_free_text_claims_not_semantically_verified		d186a97ca533f09d7b7725f8f8ef255ff76fcbba0ad0339df33afc50fb89471b
146	APD/2019/page_100.pdf-1	2	train	finqa_probe_slot:ef58257251ce0d108e7037bd1faf06a637b9e19da54af0c16e8b3a1250febd25	nonempty	2	valid	True	1.0	1.0	scored	unknown	additional_free_text_claims_not_semantically_verified		2066cca96f2c90849ff8dd5fde7cef48ff92d62e97d7439785ba758782ca58ed
147	APD/2019/page_100.pdf-1	3	train	finqa_probe_slot:ee9814d1d666c411820830d3f666a79c62639440b03963cc3e8baea551607c9b	nonempty	4	valid	True	1.0	1.0	scored	unknown	additional_free_text_claims_not_semantically_verified		e397f96cfb9d9b64169ff55c3225c009dd6b363675d3ea524e9318ad4c668d96
148	APD/2019/page_100.pdf-1	4	train	finqa_probe_slot:116db7c7117acf48cf548c27d5e655a6d41b27e3898e5f3cc251dfcea8a9a9c7	nonempty	4	valid	True	0.0	0.0	scored	unknown	additional_free_text_claims_not_semantically_verified		4757469b8f9b6762e54166ce56e1dac654ca2edaeab161cddf0171825de434ee
149	APD/2019/page_100.pdf-1	5	train	finqa_probe_slot:76143f4ced122ccba5724bcb4dee91c75fb02e7b953c50f16402ff6c5b0940c8	nonempty	4	valid	True	0.0	0.0	scored	unknown	additional_free_text_claims_not_semantically_verified		31c99a0427a2b2a01192cee9f10ada542e9b54f4e93aeb2c6ff8a933ca381eea
150	APD/2019/page_100.pdf-1	6	sealed_diagnostic	finqa_probe_slot:e17e652e3f682888e22c82220bee767f8edf56a08a20d2cb257687cc2426d388	nonempty	4	valid	True	0.0	0.0	scored	unknown	additional_free_text_claims_not_semantically_verified		0a07ccf00bb53f96c76de01f29ecc8100656bae9324b093621845a8bd16cbdcf
151	APD/2019/page_100.pdf-1	7	sealed_diagnostic	finqa_probe_slot:ad3bc79dd2e2c7445723b512702f784575ab44dd7bf32c3fbfa202a9acbee6b5	nonempty	4	valid	True	0.0	0.0	scored	unknown	additional_free_text_claims_not_semantically_verified		76398a17a7d9a18299971d0d77920ba472788937856453d06a00b761bbc51d74
152	LMT/2015/page_55.pdf-4	0	train	finqa_probe_slot:fbf4cc93fcf31c29b79dd87f9a9a9a5e29449e4fd4a7cf100168b6f553fa7bc2	nonempty	2	valid	True	1.0	1.0	scored	unknown	additional_free_text_claims_not_semantically_verified		2c45c3859bf74aa1640f18c4ced2429a289edbda4445483580fdf39e6b553a0f
153	LMT/2015/page_55.pdf-4	1	train	finqa_probe_slot:c14dae2822f6440094c9a3a485584b132b2eb8c813c5b3aaeda6db0145933c66	nonempty	3	valid	True	1.0	1.0	scored	unknown	additional_free_text_claims_not_semantically_verified		a82aec61ffb797d1eacdce7cb04701565973c6ca8c19cbe2b007c24b42787623
154	LMT/2015/page_55.pdf-4	2	train	finqa_probe_slot:11973066549795246701888c90bed71b91757e98c1a6613e448e8b9429f0e493	nonempty	4	valid	True	1.0	1.0	scored	unknown	additional_free_text_claims_not_semantically_verified		400fa5ea5476b1ea28c43874affbdcc05baa69a41de86c0b00039885d7c300e2
155	LMT/2015/page_55.pdf-4	3	train	finqa_probe_slot:f5357db8b233a661f03e0165164bd2c737f715bd066096f97ab659fda4c0aa8b	nonempty	2	valid	True	1.0	1.0	scored	unknown	additional_free_text_claims_not_semantically_verified		30ac337ded108417788735aaf068b403d815174ac38049eb1c0488bf4f0e0125
156	LMT/2015/page_55.pdf-4	4	train	finqa_probe_slot:0c3999e15a2cc6aab88e755e535909922cb311d313bb32dbe63d853af9300af9	nonempty	4	valid	True	1.0	1.0	scored	unknown	additional_free_text_claims_not_semantically_verified		1e4db5f6c72e6e7d60b596f8b4daed8b9e193ea73521f70e157801fea17f768e
157	LMT/2015/page_55.pdf-4	5	train	finqa_probe_slot:470761a72ef6e588e6c39a5f7eaff891591a64d9f8b2de11e18e1a01fa8e2add	nonempty	3	valid	True	1.0	1.0	scored	unknown	additional_free_text_claims_not_semantically_verified		8be65548efda3488b0c015c894f6e486e3305e788f6855b7bc192d26b0ee69f7
158	LMT/2015/page_55.pdf-4	6	sealed_diagnostic	finqa_probe_slot:9e33b9d4f9abd45ed376cc686564debcfe8d07e333185662a51b7259113c1e44	nonempty	4	valid	True	1.0	1.0	scored	unknown	additional_free_text_claims_not_semantically_verified		bf75eec235dd0eb7cbcab876f6df91ffc90794fded8cea37c48d1c9bde0e2861
159	LMT/2015/page_55.pdf-4	7	sealed_diagnostic	finqa_probe_slot:e4759100919a9d1b20fb3204efdb0dd5287225d51cfc6f61ed34f5d943374edb	nonempty	4	valid	True	1.0	1.0	scored	unknown	additional_free_text_claims_not_semantically_verified		012fbf2bd17b7a49bac2f756e1cc8ed0efb2ec0d01589cc0c4d947e17df0f119
160	CDW/2015/page_53.pdf-1	0	train	finqa_probe_slot:9ee53c6041eaad57869c2d66d62ca2e15c8f0c73d7d5e9997baf4187526897ef	nonempty	2	valid	True	1.0	1.0	scored	unknown	additional_free_text_claims_not_semantically_verified		c192b2db06a7676ee9129601c1a822db0e52a8992755fbef28a856f9fcfa8957
161	CDW/2015/page_53.pdf-1	1	train	finqa_probe_slot:44d471357f95b26781067728bbcbe81feb424fb7b6ad1d13b64b9253e2d1d7b4	nonempty	2	valid	True	0.0	0.0	scored	unknown	additional_free_text_claims_not_semantically_verified		e707adea0758f6af7d751e8ec053027b830e62ad1733680709f0d3f5b97df15e
162	CDW/2015/page_53.pdf-1	2	train	finqa_probe_slot:f607236b15d9c314e140b4900835ec5c891580a5486a6b2bf68af38235fab092	nonempty	3	valid	True	1.0	1.0	scored	unknown	additional_free_text_claims_not_semantically_verified		cdf056b35ece1f89ea8106738ff6415036d69cc21654036c3f514d65d08bda53
163	CDW/2015/page_53.pdf-1	3	train	finqa_probe_slot:b39a26c15a5630ef82d3a5b83ce29cb33b65548d94c63f6a61bde4d622227d14	nonempty	1	valid	True	1.0	1.0	scored	unknown	additional_free_text_claims_not_semantically_verified		b20f8e0df24e787cb703d11a63d891fda2decb9bb2f3bff6a7689f61d44b0624
164	CDW/2015/page_53.pdf-1	4	train	finqa_probe_slot:2a9f52d910b6eb887c516c78e32714fa5d8f172b0f725552ea175a7af76d9615	nonempty	3	valid	True	1.0	1.0	scored	unknown	additional_free_text_claims_not_semantically_verified		003c9bc99b49185e02ea375317b334e5b3000243a9a6089fc5550d81439e1dc2
165	CDW/2015/page_53.pdf-1	5	train	finqa_probe_slot:782c8cfa954c44dfbacc58a3723b3aa2006d4792447fff1e76628ebe1ffdc62b	nonempty	3	valid	True	0.0	0.0	scored	unknown	additional_free_text_claims_not_semantically_verified		e2ac9ee4bc4df7f0baff429512c73acfff5b2e9d9e329b815e1a136748f9f999
166	CDW/2015/page_53.pdf-1	6	sealed_diagnostic	finqa_probe_slot:7ea65d88491db7e4e82361d4549a8bb701aa64312dc1e695111d64ebe7b80b0e	nonempty	2	valid	True	1.0	1.0	scored	unknown	additional_free_text_claims_not_semantically_verified		28230f4b23c0b02b6485fc55ab885b83d056f76a8c33848823995176a62e96ea
167	CDW/2015/page_53.pdf-1	7	sealed_diagnostic	finqa_probe_slot:6cb860fa6d281b2ec6840bba773dff2179bcf72287da061cce126be7a59346c7	nonempty	1	valid	True	1.0	1.0	scored	unknown	additional_free_text_claims_not_semantically_verified		17efbfba2724d544f4605405ec8b279bab4b9fde34f07e25d7b4d2cdad42feaf
168	C/2009/page_200.pdf-2	0	train	finqa_probe_slot:c0cfd49b332dc139d979b9de2515b17974e73d7db58dc03b1ca7d42abd2af789	nonempty	4	valid	True	0.0	0.0	scored	unknown	additional_free_text_claims_not_semantically_verified		e84350dbcf72dbfb141b2ee274603cdc10218372e18cf45347cae47bcce9ba4c
169	C/2009/page_200.pdf-2	1	train	finqa_probe_slot:256a9c8774c8d711a4f2b2a08d48df858abe940735369ff66f79fec6f5111565	nonempty	3	valid	True	1.0	1.0	scored	unknown	additional_free_text_claims_not_semantically_verified		af5670e93f47dfca660cf42d103cc954f9b70d02241533a60e6449df248fe0cc
170	C/2009/page_200.pdf-2	2	train	finqa_probe_slot:2ac8e7f7729a20ab100b9cb327e526109f5b8460d86886adb7f45bf402d30a42	nonempty	3	valid	True	0.0	0.0	scored	unknown	additional_free_text_claims_not_semantically_verified		df8ee5735232cba947369e15bc9bbe3817a5af4dac9fbd1a504181a122c93383
171	C/2009/page_200.pdf-2	3	train	finqa_probe_slot:836d07ddcd85d8f0a9526fd119a970d6747cc6c7f7d3ed0249dd0cf1724a0b6a	nonempty	4	valid	True	1.0	1.0	scored	unknown	additional_free_text_claims_not_semantically_verified		a4335b7fb0d46d21c836013232383e05636f03a56fbcdc259b3341e39db2f040
172	C/2009/page_200.pdf-2	4	train	finqa_probe_slot:5b98625ba6aafe58c54deb025ae30af9093eda737733f2b4f058de5d3d1a3417	nonempty	4	valid	True	0.0	0.0	scored	unknown	additional_free_text_claims_not_semantically_verified		5aaf55014392a89ed6adb20d3fdb73f3173b77d63ac5edc562867891793c0e45
173	C/2009/page_200.pdf-2	5	train	finqa_probe_slot:379173c26a0a39656ebd4cd54b7059c573525bd0953cc3dc24bf1eec5b5cd6be	nonempty	4	valid	True	0.0	0.0	scored	unknown	additional_free_text_claims_not_semantically_verified		cfd9f109e9079186042a7b04d012553775c77108e21678009412281a906d1c5f
174	C/2009/page_200.pdf-2	6	sealed_diagnostic	finqa_probe_slot:11ae6f540b0613b7f8f0b8865e0a86e405adf6e5354ae40db18c5e721320d888	nonempty	4	valid	True	1.0	1.0	scored	unknown	additional_free_text_claims_not_semantically_verified		55fc7853fa8d6605453f5a538981d3dcc2623ba20f5d92a97a7e0f199afcd70e
175	C/2009/page_200.pdf-2	7	sealed_diagnostic	finqa_probe_slot:fde48c98750853e9c1b2109445d952de0b7ca6b20ad6ffa13ee49629a5461cf8	nonempty	2	valid	True	0.0	0.0	scored	unknown	additional_free_text_claims_not_semantically_verified		2d638f0a3f46076ebb01bc7fd951a63d3723bc27921a589b79ab4c8683504cb1
176	HFC/2011/page_92.pdf-6	0	train	finqa_probe_slot:42b9f74e8c55b4d1d9e384fecb1d6b0e2d532b446e3ec7a775d36dbad7d861de	nonempty	1	missing	False	0.0	0.0	invalid_prediction	invalid	normal_terminal_has_no_completed_Final		ffa500a751e5656d8c67a49a8ae7e342b33d82ead1ef2e11908ef764fde4e02f
177	HFC/2011/page_92.pdf-6	1	train	finqa_probe_slot:fa27052dbba95b20cba7798d44a633f114009b77ce11a80439a71270dcdff6f6	nonempty	1	missing	False	0.0	0.0	invalid_prediction	invalid	normal_terminal_has_no_completed_Final		fd23f96c4635b37530a52b3a80108992c81e91474c745063770c8143571e0693
178	HFC/2011/page_92.pdf-6	2	train	finqa_probe_slot:5a604b433372b58476fd1be0914c15b18495a9b9c02da6b416b861a9988392e7	nonempty	1	missing	False	0.0	0.0	invalid_prediction	invalid	normal_terminal_has_no_completed_Final		ad5fa8f5f66d30ede3b89b9161b9a6d36446f40514df7ec08bcc119291cded1d
179	HFC/2011/page_92.pdf-6	3	train	finqa_probe_slot:597c6fbb779f68bb7d9e8889a165b30f70876b13b6749df2ac0201bc9b885c1c	nonempty	2	valid	True	1.0	1.0	scored	unknown	additional_free_text_claims_not_semantically_verified		cd692c972b86a9399c7e527bb20dc20be77d380b78034a8a2770fd150d8cc65b
180	HFC/2011/page_92.pdf-6	4	train	finqa_probe_slot:07ea96283f254f61bf8ae1ef72a81e553f679fdf9ab60019a8c9a87f96fa387d	nonempty	1	missing	False	0.0	0.0	invalid_prediction	invalid	normal_terminal_has_no_completed_Final		dc5ceeae30f1cb03856814eca09a8491261646cf67313fc3a32c0326a69b1ad4
181	HFC/2011/page_92.pdf-6	5	train	finqa_probe_slot:3e49c877c35f4ef631cd94ae258b7dc423d82769335594c4d1473e6e04ea0d95	nonempty	2	missing	False	0.0	0.0	invalid_prediction	invalid	normal_terminal_has_no_completed_Final		44f3a1ea5c1ceaf78ca2537a73a9103fe7aa62e31b8436535b3fe5c8538a7a5f
182	HFC/2011/page_92.pdf-6	6	sealed_diagnostic	finqa_probe_slot:548ff359026a65ff1bb3f2b80638e3549ce9f713310ad67027279c3f33e26ace	nonempty	1	missing	False	0.0	0.0	invalid_prediction	invalid	normal_terminal_has_no_completed_Final		a6d3c783b09b2d260a9a5bb72a34d7c2b2000dad7185438bb52161e28767c018
183	HFC/2011/page_92.pdf-6	7	sealed_diagnostic	finqa_probe_slot:ed8dbc95d58dda49c9a67158b59d14d3aa5dd6e3d8ae36cd90a12c2b3f0c93e0	nonempty	3	valid	True	1.0	1.0	scored	unknown	additional_free_text_claims_not_semantically_verified		ad9bde62f87eac5020d76bc98ae2c496237b0f1b6b24a2ff528b5aec3b30c982
184	MRO/2008/page_146.pdf-2	0	train	finqa_probe_slot:11b5a41e5840d0480b1ebb383d63ed942e08e860ba5da1a7695a88128e16067f	nonempty	4	valid	True	0.0	0.0	scored	unknown	additional_free_text_claims_not_semantically_verified		54495a7ace802af38c2c238027637fad725d5f95493a7a6277c155abb49545a6
185	MRO/2008/page_146.pdf-2	1	train	finqa_probe_slot:c469e47ee845cd0a3b47867310760017cca6d35363d2694ab70b624d58d8ad55	empty	0	valid	True	0.0	0.0	scored	invalid	submitted_program_result_contradicts_anchored_task		53a0ddfc445ee25fab6ba5d8f8bb23eaeb2145c38eeb73dcca77998775b7861e
186	MRO/2008/page_146.pdf-2	2	train	finqa_probe_slot:67e230710fcd1db4b4151822039a4b1ad594473111050b67a51cbeec5cb2c9d1	nonempty	1	valid	True	0.0	0.0	scored	unknown	additional_free_text_claims_not_semantically_verified		87d972a59eac8ae86b3e6d7891eff8a7c7cd4a9a70d413a361cbe8f37c1e9ff7
187	MRO/2008/page_146.pdf-2	3	train	finqa_probe_slot:aa741b31f5d6cf172609e9cc52678dd9f61501a01e6a09db8a85fc8288dc6814	nonempty	2	valid	True	0.0	0.0	scored	unknown	additional_free_text_claims_not_semantically_verified		2a34e63725ddd5c7fab20b00ce7314e7ecf1ba9bfcaec1850c648f3e68972f9c
188	MRO/2008/page_146.pdf-2	4	train	finqa_probe_slot:11f1802f4f7db0012e7ce39a41705e1d39fdead4e447ca76c7eeddabc985b67a	empty	0	valid	True	0.0	0.0	scored	invalid	submitted_program_result_contradicts_anchored_task		b70b7e56ec7c76c3d313caf060e9f18b1f0cccee7716fc997b2f6a3d5b2e0133
189	MRO/2008/page_146.pdf-2	5	train	finqa_probe_slot:282957144c0b4a314f0bbccfec5e677bad2ed73bc86bf13854f4730da42fe59a	empty	0	valid	True	0.0	0.0	scored	invalid	submitted_program_result_contradicts_anchored_task		76a609c34de5cfcfee4a1474211f3e6773c23b17d44b25b26e7656db2795f015
190	MRO/2008/page_146.pdf-2	6	sealed_diagnostic	finqa_probe_slot:4f837f7146c9db5c2d51ff565fdcf836778138679ac73a38b7c149283997eb4f	nonempty	2	valid	True	0.0	0.0	scored	unknown	additional_free_text_claims_not_semantically_verified		a83fb38184a35034c16cf61b30652d53845c4b499259c32873a0c6771c3a1fe0
191	MRO/2008/page_146.pdf-2	7	sealed_diagnostic	finqa_probe_slot:933d9a9c2112d2b5dd172823262a3a9d3aabc21e52a42f1734888e8737c0357e	nonempty	2	valid	True	0.0	0.0	scored	unknown	additional_free_text_claims_not_semantically_verified		56afd2e8ce48b98bd302b91aa785befcfcef9444f44921dc75d7c9e396c8f4d8
192	JPM/2017/page_69.pdf-3	0	train	finqa_probe_slot:f37ed6940a49ca0d6332706460ee9444c0ee93f649de2f4f85df6470486f56e8	nonempty	4	valid	True	0.0	0.0	scored	unknown	additional_free_text_claims_not_semantically_verified		d03c2df506c7156a4a6a05ccac10477dca3d5f44bb7445822b27c256cb1607e9
193	JPM/2017/page_69.pdf-3	1	train	finqa_probe_slot:4597165863c162b4bab780879bcfdf2ebcf3ac9b466bb5b53a0acb7d16287a69	nonempty	1	valid	True	0.0	0.0	scored	unknown	additional_free_text_claims_not_semantically_verified		d704612c3cb7ddd38fb90db2a206f9016c48f6164d6e1e7ebe4047ca842fcbcc
194	JPM/2017/page_69.pdf-3	2	train	finqa_probe_slot:2fa3a400052cc9f7d9c944e215c0af3a1c9102a34dc4f276845671650b5c18d5	nonempty	3	valid	True	0.0	0.0	scored	unknown	additional_free_text_claims_not_semantically_verified		d89c65bee8e60b695c02b88bd85e954e44684be8131d04d84ddb670919a15f5e
195	JPM/2017/page_69.pdf-3	3	train	finqa_probe_slot:9055575be1d206d11cb4de8b329d69fb93810383b1a1874bb420369d26a56995	nonempty	1	valid	True	0.0	0.0	scored	unknown	additional_free_text_claims_not_semantically_verified		d406a797fb7d9dbef266626324c8a2ec56cc4f9e95edfa9224992b302816680d
196	JPM/2017/page_69.pdf-3	4	train	finqa_probe_slot:9c8f764be178bdad8f6fa38616e684caa1922c2ac845a9bdd4464c35988adb31	nonempty	1	valid	True	0.0	0.0	scored	unknown	additional_free_text_claims_not_semantically_verified		5be084ccecef064024524277e8d0aa08b04ec35a4a429e5fd42744f3acf23e17
197	JPM/2017/page_69.pdf-3	5	train	finqa_probe_slot:2c65df3769d98d6e124d92630cfc3dffb04366ce2dc851485ed4eeeee7d6ea0a	empty	0	missing	False	0.0	0.0	invalid_prediction	invalid	normal_terminal_has_no_completed_Final		4e05f99cb0a8991440565db413615714e811ba897ed8c41fb567c57c6c1ee43d
198	JPM/2017/page_69.pdf-3	6	sealed_diagnostic	finqa_probe_slot:3400c28d80dd3decacc9350ba0bca424b135eeedcb3adf3908fd5d96b745edf3	nonempty	3	valid	True	0.0	0.0	scored	unknown	additional_free_text_claims_not_semantically_verified		a189a72038054539245a2e26464af6866c83428acbee2ca039005bec2a776355
199	JPM/2017/page_69.pdf-3	7	sealed_diagnostic	finqa_probe_slot:932affbe3a062b549aa6c6d84c3c91456ddc07e848a9de584d27ef3ec4d12874	nonempty	2	valid	True	0.0	0.0	scored	unknown	additional_free_text_claims_not_semantically_verified		6c05f750a1af89cef9eec34f1ce9ead3cec1469ec7473bd11cb75257f2da76e3
200	AAPL/2010/page_42.pdf-3	0	train	finqa_probe_slot:62e53865247c0ab005af4da3a8ea2af571a65aff6c3ab52c3183ffb13345a9aa	nonempty	4	valid	True	1.0	0.0	scored	unknown	additional_free_text_claims_not_semantically_verified		59cb8edb35c9bb310a964c53c83fb591995547d90872420b2f70a6e37c5e48ef
201	AAPL/2010/page_42.pdf-3	1	train	finqa_probe_slot:88e4a254dc58618b43433589d1c23c60ac7c4ff74fae84c71211da1c96f258dc	nonempty	4	valid	True	1.0	1.0	scored	unknown	additional_free_text_claims_not_semantically_verified		93216f798fb03d6cdaf26775c57305e51e0b38c80c40920c9c7b1fef6fd33af3
202	AAPL/2010/page_42.pdf-3	2	train	finqa_probe_slot:8432fa2a141604f8e4006d556f82e71d134d98befd4628b3bfe0f6b4a869bf1d	nonempty	4	valid	True	1.0	1.0	scored	unknown	additional_free_text_claims_not_semantically_verified		9f1173405aade76570d591bf5b7ac4ced701218ff129c7daf824a4abe0e5dc7e
203	AAPL/2010/page_42.pdf-3	3	train	finqa_probe_slot:1fa102fc7c3321649a1b4b96477a791b614def81a3612e4bfdda7c9d9381329b	nonempty	1	valid	True	1.0	0.0	scored	unknown	additional_free_text_claims_not_semantically_verified		82836ed37fa0df2d027001a3f7ac63e65488f642fab230fbacccb0c28a33e977
204	AAPL/2010/page_42.pdf-3	4	train	finqa_probe_slot:97e91321e7ee6c78199fdd75efd13e19ac0b798109363f61abad87a9f8975622	nonempty	2	valid	True	1.0	1.0	scored	unknown	additional_free_text_claims_not_semantically_verified		4406a447298a6e5b342cd8d7eb7728dec14a20d3e7d86d476a78674412efe80a
205	AAPL/2010/page_42.pdf-3	5	train	finqa_probe_slot:8d4c4701f7feb898779b57c3afd09c4014e1411dfe9fa3947953d2253eaa28f6	nonempty	3	valid	True	1.0	1.0	scored	unknown	additional_free_text_claims_not_semantically_verified		0ed3f6a9534a1b943b353f2ad5eaac0fd8632666025e1021bd4ba4b5bb37980c
206	AAPL/2010/page_42.pdf-3	6	sealed_diagnostic	finqa_probe_slot:d16a6a0091794caef7a43b6d16713ece5457cf94289e1d01f30e9541af6fa8e5	nonempty	4	valid	True	1.0	1.0	scored	unknown	additional_free_text_claims_not_semantically_verified		e5e8ee37e7ce483fa672a4e26a58a500e2869844390995c98c9989ca901d224f
207	AAPL/2010/page_42.pdf-3	7	sealed_diagnostic	finqa_probe_slot:42d4b61e55f32166b46af1267c306f3d06afd6bb14a6d99c651c2f59f51adb5a	nonempty	4	valid	True	1.0	1.0	scored	unknown	additional_free_text_claims_not_semantically_verified		ea7b1a090a94d1d3f46dd45734c3ae54f9f0858d332db4a531923f066166f179
208	LMT/2013/page_49.pdf-1	0	train	finqa_probe_slot:fbe85e640e19e16c9fa16997f741750b900b41d9a3736e6594ed639568943b26	nonempty	1	valid	True	1.0	0.0	scored	unknown	additional_free_text_claims_not_semantically_verified		054e4799c2f5f11f51a5ce01153d3a70d4a65a082d4607dd748333bdd02e869e
209	LMT/2013/page_49.pdf-1	1	train	finqa_probe_slot:38e858522e495a122f4609fc45a3134bff22d538a3c5f28a26a3888f119f0c58	nonempty	3	valid	True	1.0	0.0	scored	unknown	additional_free_text_claims_not_semantically_verified		cd88e34cc00fbc04c59075a0bdacc72a9134997fd313afbaa6fa492bcdd6cc9e
210	LMT/2013/page_49.pdf-1	2	train	finqa_probe_slot:b8b582ce64c0e7de7302b4604421cd4faa2053532915ed0f1cbf55ed03ae531d	empty	0	valid	True	1.0	1.0	scored	invalid	Final_value_or_declared_scale_contradicts_source_bound_program		6281509ca5ae43a9cbd5c7a6cdbbc2c0e164f3858aeffafe808f1ba535f75ed3
211	LMT/2013/page_49.pdf-1	3	train	finqa_probe_slot:8dcce6441bc2e9e8434da287ccdd607f843430077241d95f62f9564d49dcb503	nonempty	3	valid	True	1.0	0.0	scored	unknown	additional_free_text_claims_not_semantically_verified		957d4cf190fdbf656fc1e5ad34994d59558f0a166c70b7dd3184f459ac8b4940
212	LMT/2013/page_49.pdf-1	4	train	finqa_probe_slot:956d53491c82c68c3bc191739702a79f3b91895e75fe5e5013135ca0de530189	nonempty	2	valid	True	1.0	0.0	scored	unknown	additional_free_text_claims_not_semantically_verified		9725d3eb28c398d667248ed1123d83a5618c988d00f66d40bd23f2d06e250df3
213	LMT/2013/page_49.pdf-1	5	train	finqa_probe_slot:6cfe407fed31d9de58143ad37f853ef463fbcbd3e3aa16d069445afa22c01126	nonempty	1	valid	True	1.0	0.0	scored	unknown	additional_free_text_claims_not_semantically_verified		aa34e3bd71a0ef93769ac8a109fce4b913a273aeecfc20e00a694f4485e8e2aa
214	LMT/2013/page_49.pdf-1	6	sealed_diagnostic	finqa_probe_slot:652ff250e7a4027fda1d783da062facaf4414f958d7a0416125d2327686511f3	nonempty	2	valid	True	1.0	1.0	scored	unknown	additional_free_text_claims_not_semantically_verified		41106681f85134a532c4a86a4bc1ed2a60c5d56613b64518c4879e9679811aa7
215	LMT/2013/page_49.pdf-1	7	sealed_diagnostic	finqa_probe_slot:91dec35946ef2cb5f9495fc2ac4ffe51c233889d603a919b4ca110e5d5ff8caf	nonempty	2	valid	True	1.0	0.0	scored	unknown	additional_free_text_claims_not_semantically_verified		77a98645d48fd1d0c1753fd06e0a54e02fc6497f56186d1a35fca083d3ab0d2e
216	HWM/2016/page_79.pdf-2	0	train	finqa_probe_slot:f0e294c5644e3bf860d6bb50c8a5d599fddf877a1718bd755fa9ee6ea985fe14	nonempty	1	missing	False	0.0	0.0	invalid_prediction	invalid	normal_terminal_has_no_completed_Final		c1b6cf8474431f10426011ed9a030612372e7b40695eb2fd294995a48063e659
217	HWM/2016/page_79.pdf-2	1	train	finqa_probe_slot:45cd7206540e22a287d801e47364e759186d44098c0351dab934d9b0e02d63b4	nonempty	1	missing	False	0.0	0.0	invalid_prediction	invalid	normal_terminal_has_no_completed_Final		90a7c45607745a9252e71bc4f3fb463cae15a34ce70fe211cb5d1247f821da68
218	HWM/2016/page_79.pdf-2	2	train	finqa_probe_slot:b267330cdb40c3568ed11ba0729a7d9574461a07fb0eeaf57cfd350158a4c2bd	nonempty	1	missing	False	0.0	0.0	invalid_prediction	invalid	normal_terminal_has_no_completed_Final		67bb5c459f0871badee3766f10c8343e6ebcd4d5958de8c7ea77ce0a1a53e499
219	HWM/2016/page_79.pdf-2	3	train	finqa_probe_slot:59087358fbbf6ad2423c066d0611d89acdea19d976ae7766ecca124b1a3dd14f	nonempty	1	missing	False	0.0	0.0	invalid_prediction	invalid	normal_terminal_has_no_completed_Final		e313f72f555f83177f630a39a2afe05d3762671d1ea0c7712560b6e074313deb
220	HWM/2016/page_79.pdf-2	4	train	finqa_probe_slot:a4418113be492d5c07df01c2da6b189c3b8c80d7e98f618e418212f7e0005517	nonempty	1	missing	False	0.0	0.0	invalid_prediction	invalid	normal_terminal_has_no_completed_Final		6f0c569bea0dce810783f4c76ea16b1601584cbbc54322e97db4dbc742553345
221	HWM/2016/page_79.pdf-2	5	train	finqa_probe_slot:e7de3abcb4ea7ed8bf4f50c94924aaae97e844bdcb6ae5130661e99e203545b6	nonempty	2	valid	True	1.0	1.0	scored	unknown	additional_free_text_claims_not_semantically_verified		02df77981ab6217f317db17bab6c82f20d3c7154b824e765686dc0a46e07cfc7
222	HWM/2016/page_79.pdf-2	6	sealed_diagnostic	finqa_probe_slot:411e155dd8c136c1055b84a52c9ecc8ca43cf37cd71eb529f197e7a5d7cc5f96	nonempty	2	valid	True	1.0	1.0	scored	unknown	additional_free_text_claims_not_semantically_verified		e2d0ae73842ca7229b25fd05d7d03ebfb29a2060894e1e1e82f4788d10dceec3
223	HWM/2016/page_79.pdf-2	7	sealed_diagnostic	finqa_probe_slot:7adc64f275f128c09d8ea94d0f5707cdd733f79269cdb63358841c5f623e509f	nonempty	1	missing	False	0.0	0.0	invalid_prediction	invalid	normal_terminal_has_no_completed_Final		515c67eccfbfbfb70ed3631b598b8113ecb4143250c881e662d24dbeb29b679e
224	DG/2008/page_73.pdf-4	0	train	finqa_probe_slot:984c4a89dde74c8061f445eb7b9fffd2b90a303288bcc1ac3abac1b80535e4fe	nonempty	3	valid	True	1.0	1.0	scored	unknown	additional_free_text_claims_not_semantically_verified		3e489e4296dda2eb8382e9eb69732f564479005e4cba84004f76922f48cca4ff
225	DG/2008/page_73.pdf-4	1	train	finqa_probe_slot:65900e5037f7e46d43e3f48db5ab0564a91b2619087b8629b505fe05104b7005	nonempty	2	valid	True	0.0	0.0	scored	unknown	additional_free_text_claims_not_semantically_verified		0579844a69aee1f141f9201dadf54d6b7957b0d63ce50c9a5f94b3767d5c8fcd
226	DG/2008/page_73.pdf-4	2	train	finqa_probe_slot:d3497c4254eb849bd6613ff2a927f37d6edd67638e1d9fddf39cec050b032fc9	nonempty	1	valid	True	0.0	0.0	scored	unknown	additional_free_text_claims_not_semantically_verified		c0d54c77e84d064dc2032150f202e924c063d573da11d258d73d833e06f09b8c
227	DG/2008/page_73.pdf-4	3	train	finqa_probe_slot:d5fb0d63a209005f9714b3157091b87c147ebd676424f3d5a1029c6fcedcc779	nonempty	2	valid	True	0.0	0.0	scored	unknown	additional_free_text_claims_not_semantically_verified		95cd543388d810dfcbe62690316a1641f5d200260ee938da1260a09500192733
228	DG/2008/page_73.pdf-4	4	train	finqa_probe_slot:9301b5021d11d57157bb66e9887d9380fcec057df4de2c0f83851f3beeb1585f	nonempty	2	valid	True	1.0	1.0	scored	unknown	additional_free_text_claims_not_semantically_verified		400fe490fafcdf0b878cd5d87eb48f028abc2df81f57110fb382b5b21702e1cd
229	DG/2008/page_73.pdf-4	5	train	finqa_probe_slot:a816a00dd4ea62485ce931d69c0280b8ff12227cb96f713937ea77f93c74ec08	nonempty	1	valid	True	0.0	0.0	scored	unknown	additional_free_text_claims_not_semantically_verified		613966c87df773fdc49f813e393be45692e6d06a8e59a35e737ce351b18a5eb0
230	DG/2008/page_73.pdf-4	6	sealed_diagnostic	finqa_probe_slot:1a58ce2aa16c124381ba65e49f46646d68d7e617dd0830d40f1a06ac02adc59a	nonempty	2	valid	True	0.0	0.0	scored	unknown	additional_free_text_claims_not_semantically_verified		c2d7d90fe7ef011ba765647606bd8787ed11c565c555531d276418713cf0fd49
231	DG/2008/page_73.pdf-4	7	sealed_diagnostic	finqa_probe_slot:ea02d9af8f8c377e7c9bdf0502a473670d62248e2049ac1e07b7066e9c94cc85	nonempty	3	valid	True	0.0	0.0	scored	unknown	additional_free_text_claims_not_semantically_verified		a3ad95fbc02eb8525b0eaa1a1d819ae6cb601d0e715f69d52a2a696b67784c40
232	IP/2006/page_19.pdf-1	0	train	finqa_probe_slot:1858d2e44836fa796a623b2ff07f773666ff9ab5054450340d2c9645b81335f9	nonempty	3	valid	True	0.0	0.0	scored	unknown	additional_free_text_claims_not_semantically_verified		3aa67b1a62f265dd44009845fb2b1ebc754a4fdb8ff918abbce6aef1f11064cb
233	IP/2006/page_19.pdf-1	1	train	finqa_probe_slot:a75ed8f98c966254ac07e3a9496cbe826e2aecbd98c139ac27789e9df5fc5f71	nonempty	4	valid	True	1.0	1.0	scored	unknown	additional_free_text_claims_not_semantically_verified		e64be5608c109f803f0d64e9db89e61a1773ca066eddccd732195fe3969e56b3
234	IP/2006/page_19.pdf-1	2	train	finqa_probe_slot:73d353c2e13932f6b4a153d2e85d6fb697c2c90fec879b9cc135e14f47a96dd3	nonempty	3	valid	True	1.0	1.0	scored	unknown	additional_free_text_claims_not_semantically_verified		e967861a93b85aec76a24845fb056787eab860ada33774cbc908ecdefee3e616
235	IP/2006/page_19.pdf-1	3	train	finqa_probe_slot:9bb9cf3d167f20e52b204d31b14d8cf0ffe5419aaca8eb55a8d3276a7333d392	nonempty	1	valid	True	1.0	1.0	scored	unknown	additional_free_text_claims_not_semantically_verified		db9431f66deac0f37e70096be299db4649ba012072b429001b8a59cb40296cf5
236	IP/2006/page_19.pdf-1	4	train	finqa_probe_slot:7de793138c6de103d062b2642a532e360b312deee3d99fb31aaa26593a376636	empty	0	valid	True	0.0	0.0	scored	invalid	submitted_program_result_contradicts_anchored_task		e15e7738c8c2b7cf352a9268aff954ff0560e0021d47ad550fadf3cc27adf831
237	IP/2006/page_19.pdf-1	5	train	finqa_probe_slot:ca393ab7d2417cf76a25774d2350084af6bfa65a317201be92c07bce6d6f9f63	nonempty	3	valid	True	1.0	1.0	scored	unknown	additional_free_text_claims_not_semantically_verified		3ee906282122f5b54ac936214b426e007f23e28095ff2449462d43fb5ed5972d
238	IP/2006/page_19.pdf-1	6	sealed_diagnostic	finqa_probe_slot:c8e10db85bb93ced1616eb3592b829ab63598c1095f128100b67564d26f82aea	nonempty	4	valid	True	1.0	1.0	scored	unknown	additional_free_text_claims_not_semantically_verified		d7d2abb4924350b4e6e3312adc96bde78c0a560c9bc1f352145da4c10a999538
239	IP/2006/page_19.pdf-1	7	sealed_diagnostic	finqa_probe_slot:02e73493c4d479b0fc38f252fdc0ee22bdecfccbcdb796e71491c059077dc002	nonempty	3	valid	True	1.0	1.0	scored	unknown	additional_free_text_claims_not_semantically_verified		9e8e720a4787af6df9af437d8964d3e56cc408b5ec16b855125459c1abed9552
240	EOG/2017/page_85.pdf-1	0	train	finqa_probe_slot:31fa3c3b96cd3a052ffad394ae923af0a43036bf9c7af14498c8232210687cac	nonempty	2	valid	True	0.0	0.0	scored	unknown	additional_free_text_claims_not_semantically_verified		d31b50afd9468fa5e9ae8afe445c4e72b78a6a6c356f61c30bd802f59e2d30aa
241	EOG/2017/page_85.pdf-1	1	train	finqa_probe_slot:80611844a1b0701766b66a2d9304aabeae0b1e1309533a2bc9bb886eff42424f	nonempty	4	valid	True	0.0	0.0	scored	unknown	additional_free_text_claims_not_semantically_verified		9519d600462fb41e7b59bffd44114debfc860a05ebf1886f5e922045e2992d75
242	EOG/2017/page_85.pdf-1	2	train	finqa_probe_slot:44a1a3e8b794abb4335d6a0c54720b5f306a6d79caec21e4319f10fc0bcb0a7b	nonempty	3	valid	True	0.0	0.0	scored	unknown	additional_free_text_claims_not_semantically_verified		f5baa2e3679c539d212427e3ee75251e690a09a2281e03a122a38e29d2bd226c
243	EOG/2017/page_85.pdf-1	3	train	finqa_probe_slot:623c16c08d6e665ddf44ed4a487042d40ce28effba43ff218051048e75763c2b	empty	0	valid	True	0.0	0.0	scored	invalid	submitted_program_result_contradicts_anchored_task		04f3f1b9eeefa87450ce1259488c95ad880c2f347e4f1b17e781a47ec339c11d
244	EOG/2017/page_85.pdf-1	4	train	finqa_probe_slot:cd108e6aab9e07d05fa786aa43c02cbb6b75c5ade5f498f5ee86c23807c5c47b	nonempty	1	valid	True	0.0	0.0	scored	unknown	additional_free_text_claims_not_semantically_verified		0a277fdeaba5ae33e152d2f96f8b8ea2c6b46b4be56f069ba66f89a2cceb24ad
245	EOG/2017/page_85.pdf-1	5	train	finqa_probe_slot:b4558d803f22d09211391fc33c65d341032063edf5cf533e45108e6b5a5a8c7c	nonempty	4	valid	True	0.0	0.0	scored	unknown	additional_free_text_claims_not_semantically_verified		f830d0bfd87cba5d7584167ad15782a222d0768c0b1ee883bc4f55958038195e
246	EOG/2017/page_85.pdf-1	6	sealed_diagnostic	finqa_probe_slot:89b301128c5e6e07c4a9a54feecfb1700bb2f7c56ad48fd9937b8caa380fd8d6	nonempty	1	missing	False	0.0	0.0	invalid_prediction	invalid	normal_terminal_has_no_completed_Final		11020373fed45d4d868212d5f473e198ee91bd94e63cfcc4ba193b9233a979e9
247	EOG/2017/page_85.pdf-1	7	sealed_diagnostic	finqa_probe_slot:17b1a28189669a69208b05823d990188fbe5e778143e04e391f0b44108ea3479	nonempty	1	valid	True	0.0	0.0	scored	unknown	additional_free_text_claims_not_semantically_verified		991467a2317c733ed4b3a0699efef02d10c6be2f4dace9b6658578225b96a18f
248	KIM/2014/page_59.pdf-1	0	train	finqa_probe_slot:028e8237ff054f3fb74ff5915a7e965be0a54fbe627eb9c86c88a8329bd36006	nonempty	2	valid	True	0.0	0.0	scored	unknown	additional_free_text_claims_not_semantically_verified		f0f649f798a51eee2093b3ebd88b52a64c476edbc772281e5c443ec8bf77e9b6
249	KIM/2014/page_59.pdf-1	1	train	finqa_probe_slot:4c0bf2604b418f7dc9be70ea9ba4e8388fb5e41e07f144642438a4c57456ec0a	nonempty	2	valid	True	0.0	0.0	scored	unknown	additional_free_text_claims_not_semantically_verified		1fc54475477af79c2deb2a3a75ee3291bff00ffa4a71faf3a61a089528de26a1
250	KIM/2014/page_59.pdf-1	2	train	finqa_probe_slot:de854efeb6be82f7f759c9d99d5bf696d960d05e1bdd463e07bbdf28c844f8c3	nonempty	2	valid	True	1.0	1.0	scored	unknown	additional_free_text_claims_not_semantically_verified		c177a33320a22195e5bf48ee010fd20be7c3ef97e5b0b8c07fe4c9e3a0e437a4
251	KIM/2014/page_59.pdf-1	3	train	finqa_probe_slot:08c2f58a5ba27ab75fcea853ebcac90a2aed9fd87be5a816cc3926a4ea4e9872	nonempty	2	valid	True	0.0	0.0	scored	unknown	additional_free_text_claims_not_semantically_verified		afbdc21b8f190eb991e3534b84a5937ff483bf325febbb00ade266f8571ef6ee
252	KIM/2014/page_59.pdf-1	4	train	finqa_probe_slot:c8012768400a3754e156914ef76e8c1e734a3fa18139a368125f4e59e383e9a4	nonempty	1	missing	False	0.0	0.0	invalid_prediction	invalid	normal_terminal_has_no_completed_Final		95a1949a9081096d7953d8015ed0d68d995c680dd1ac53b52dfbb1037ca40d6d
253	KIM/2014/page_59.pdf-1	5	train	finqa_probe_slot:cd28fae8c7f89a76216cef41abbe93dacaba90aa357955254c720b42865bb028	nonempty	2	valid	True	0.0	0.0	scored	unknown	additional_free_text_claims_not_semantically_verified		c011051fce0ad11de94310ccdb3ed9beb48c96ccaadb1da4cd715d31422d4a7d
254	KIM/2014/page_59.pdf-1	6	sealed_diagnostic	finqa_probe_slot:13f0b62a3360df331f471367508c627868c88d7ab28312534f5e687083a437e3	nonempty	2	invalid	False	0.0	0.0	invalid_prediction	unknown	additional_free_text_claims_not_semantically_verified		7ae8553c0d929126637399b7da7044e2bb473cf55eca8d4f19e875d499252efb
255	KIM/2014/page_59.pdf-1	7	sealed_diagnostic	finqa_probe_slot:65da21c907acf8a191d92bb06d6dd56325a94058ac07fa7d5235bab3439b8447	nonempty	2	valid	True	0.0	0.0	scored	unknown	additional_free_text_claims_not_semantically_verified		b43c7185591d113e09412a5cbf63fdd96271e23d4d8ec47484a72518e37ad0c5
256	IQV/2016/page_57.pdf-2	0	train	finqa_probe_slot:e403f8492867a23cd82ebdb0553b7394aa6091734077b7d90ea70360acd88772	nonempty	4	valid	True	1.0	1.0	scored	unknown	additional_free_text_claims_not_semantically_verified		2a8a60b1f0cd8d72f50f624adf0998f46756fbbe7eeeca4449d8110ed1a9e590
257	IQV/2016/page_57.pdf-2	1	train	finqa_probe_slot:f99daaa0cc984a18da83542e1a5d5b84759abbec49de720c3def0ccc24f69cd2	nonempty	3	valid	True	1.0	1.0	scored	unknown	additional_free_text_claims_not_semantically_verified		4f3098886221e289f3b6b18941b05f81e5ab92fd7ac0b7ad42c91fdcf4cc9213
258	IQV/2016/page_57.pdf-2	2	train	finqa_probe_slot:c87135c18520eae290b47be421b7c2eee57b24b0edbe4bbdb33227e24902abc5	nonempty	2	valid	True	1.0	1.0	scored	unknown	additional_free_text_claims_not_semantically_verified		d231f6065d66fed1ba0f8ee91ce3a6ee68f0855ea659f2dd67ddf49158d50bbc
259	IQV/2016/page_57.pdf-2	3	train	finqa_probe_slot:ce379a9617b2e7674a54f939ad8c535b8d3b6ae96a904ec960092c320667e288	nonempty	2	valid	True	1.0	1.0	scored	unknown	additional_free_text_claims_not_semantically_verified		86e04ab6fac8409ff67eb2d8db55ed4f5bf2a5180bb394b85631772a009ba6e0
260	IQV/2016/page_57.pdf-2	4	train	finqa_probe_slot:0ccd8e616265c1a45b3b05a765a837d27bcc311d617f31c0b9da766d5e69dac9	nonempty	2	valid	True	1.0	1.0	scored	unknown	additional_free_text_claims_not_semantically_verified		c1150394d00ba6d4e5ad262f0f5dbb6bee3956b7c173841d3dd6d750184aeb0a
261	IQV/2016/page_57.pdf-2	5	train	finqa_probe_slot:4c2a109009d0e561601e29e0298ef9549661ed030aa61a114e8382103b50ad5f	nonempty	3	valid	True	1.0	1.0	scored	unknown	additional_free_text_claims_not_semantically_verified		7290de93aff2b6d062f4f5a008117cde835985156600dadcafe7d6543a623d32
262	IQV/2016/page_57.pdf-2	6	sealed_diagnostic	finqa_probe_slot:aa692f3e6c00b2ba889cb7d51491255ef996c7c76c6288265f144abb85b791b6	nonempty	4	valid	True	1.0	1.0	scored	unknown	additional_free_text_claims_not_semantically_verified		71de0d11d690d4ae64e8f37d2b5d210210298f5d9f63e1ae827fd74990960b62
263	IQV/2016/page_57.pdf-2	7	sealed_diagnostic	finqa_probe_slot:ca7ebb95c63f5733da9450208e146f53b888954645d18b7ece3128181ecf6edf	nonempty	4	valid	True	1.0	1.0	scored	unknown	additional_free_text_claims_not_semantically_verified		f281af96d1b9e2d6d17548155f772615c7e55141defe6e6ac37faa87d9d6e556
264	AAPL/2013/page_27.pdf-3	0	train	finqa_probe_slot:7b17464f50b844a1226e7da400546340a0d84719ebdbfb53b340360cc344d2b2	nonempty	2	valid	True	0.0	0.0	scored	unknown	additional_free_text_claims_not_semantically_verified		b20527b1923ee30344663cb13206adef284e585ffd04c182aca26d1ef7121d58
265	AAPL/2013/page_27.pdf-3	1	train	finqa_probe_slot:037cf15aa464c9b3a1e1821ef462037374a028f37fef3646d78a6a004d184eca	nonempty	2	valid	True	0.0	0.0	scored	unknown	additional_free_text_claims_not_semantically_verified		57f66d97e264d9a2c359cceab3f6ef9aedb1471cecc78f784a49016b6da52287
266	AAPL/2013/page_27.pdf-3	2	train	finqa_probe_slot:eb7dfeb659f686c32eb9671c861e9d9da5bbdfb6fd73149ac90062b88ed43225	nonempty	1	valid	True	1.0	1.0	scored	unknown	additional_free_text_claims_not_semantically_verified		aebc51b73a9adfc63b7a772f8870b148a8f72ef63c83c516322dbedea04d00cd
267	AAPL/2013/page_27.pdf-3	3	train	finqa_probe_slot:7318cbc14d386961797df11b2d1e6e408cf6fdcae18ff6bddc9bb31f0d974e8c	nonempty	4	valid	True	0.0	0.0	scored	unknown	additional_free_text_claims_not_semantically_verified		36208db3a759fdca558eb91fa411975541c9912858231fad4ab52130d6368f23
268	AAPL/2013/page_27.pdf-3	4	train	finqa_probe_slot:55df1d37a6185efc709b3944ca206555b24b8afbd0f13eb0c812e528ed01f94c	nonempty	2	valid	True	0.0	0.0	scored	unknown	additional_free_text_claims_not_semantically_verified		8dce7b40da31172673c2fffcc2c67c47850705f9055edcfa5f8ae25f9e03a389
269	AAPL/2013/page_27.pdf-3	5	train	finqa_probe_slot:f99019efbb06fe3a653c099a1780d259d7f96388d3533582a7df45f2f1ffd6a7	nonempty	3	valid	True	1.0	1.0	scored	unknown	additional_free_text_claims_not_semantically_verified		684afda1c399f51dff9a07a978e8bfcf14f3a66170094b321a37520b39cf6b53
270	AAPL/2013/page_27.pdf-3	6	sealed_diagnostic	finqa_probe_slot:dd280aaa9a6ed7266d09024a37902648f9870b511ffa62a7ef0552390a9d3c7a	nonempty	1	valid	True	1.0	0.0	scored	unknown	additional_free_text_claims_not_semantically_verified		50277728ac159888192cdc9da864bcda738134801ce3defb7187f2b3de5be7cd
271	AAPL/2013/page_27.pdf-3	7	sealed_diagnostic	finqa_probe_slot:15e579821eab12c31364d2f8815b01710b6bcc2f6b84d5be90e629026facdb46	nonempty	4	valid	True	1.0	1.0	scored	unknown	additional_free_text_claims_not_semantically_verified		58a532624dbf2e050bae4b7f334a2cf9abd302539f44ffdadacbfc94932e5599
272	AON/2015/page_72.pdf-1	0	train	finqa_probe_slot:5ac178caf84f75fe2989d8a779c91cb9158e4e99d25c4e0b69d911a686d5b558	nonempty	3	valid	True	1.0	1.0	scored	unknown	additional_free_text_claims_not_semantically_verified		fe587748ab36838da42e0ee28819ade0a1f73220f93246e6a04f624c9be82a50
273	AON/2015/page_72.pdf-1	1	train	finqa_probe_slot:df9ebc3da39a25e41a1734428b62d43e9eeec95ea13ddc97c0ff6e9752d16fbb	nonempty	2	valid	True	1.0	1.0	scored	unknown	additional_free_text_claims_not_semantically_verified		f35f3405ae2488eab29852b2df1a18fa208edf25e06a599e3f9c493c4e5769ab
274	AON/2015/page_72.pdf-1	2	train	finqa_probe_slot:f8d840001a9ed4ae1740606671a02d022bba47061fe5b23d5d234bfc842b01c9	nonempty	3	valid	True	0.0	0.0	scored	unknown	additional_free_text_claims_not_semantically_verified		b6378137e59099cb0734a56d8cb015e67ba8984ec1a937d71a9211b2376de504
275	AON/2015/page_72.pdf-1	3	train	finqa_probe_slot:da5a6545fad087ee3cebbacbab3d5e0f2b2d2956fd59c96b05a7781ac6bcc82f	nonempty	3	valid	True	1.0	1.0	scored	unknown	additional_free_text_claims_not_semantically_verified		661e537595785dfc82ee31c4fc594fe99e9fc428d6a8ff9ad70fd821d4e07d60
276	AON/2015/page_72.pdf-1	4	train	finqa_probe_slot:f437f753e4d7b33f53a5c3afeb0f0a7c8a9bb26bcb51dccd1148a77ca4aa7316	nonempty	3	valid	True	0.0	0.0	scored	unknown	additional_free_text_claims_not_semantically_verified		e7a8a8ef49a0a9f022a1e31b3a211730916386c8d1e35e31a777fbab776bda0d
277	AON/2015/page_72.pdf-1	5	train	finqa_probe_slot:9a5143c34fb48520ecf9a73e03c231520dd24a2a201ce8a638153697b412fe16	nonempty	3	valid	True	1.0	1.0	scored	unknown	additional_free_text_claims_not_semantically_verified		1a38030354ded6e2eb6b8fac5e07204c6bde2051627bfdab8d143a3fbab84827
278	AON/2015/page_72.pdf-1	6	sealed_diagnostic	finqa_probe_slot:bae46bdcd6da0ad95cadc8e413c40fd90cb2c183f79e9631bd37729bfb9fdd25	nonempty	3	valid	True	0.0	0.0	scored	unknown	additional_free_text_claims_not_semantically_verified		3467f9cdcc12e39b27ebf34f8889fffed215b56e398274a1f9c16e2cd8691454
279	AON/2015/page_72.pdf-1	7	sealed_diagnostic	finqa_probe_slot:ef7fd7540a34599c57e2bc90caf8b74507c53b588ada01e8baf5d75bcb6fe1ac	nonempty	3	valid	True	1.0	1.0	scored	unknown	additional_free_text_claims_not_semantically_verified		effaa7ef10e23d0447ecbb14797a686bad919a6db10562c0a1ff113a1f7a5abe
280	LMT/2013/page_49.pdf-2	0	train	finqa_probe_slot:7ecccf685a64b07760e86e1caffc9c5f904876e929f7ac6b5688c318f58160f0	nonempty	2	valid	True	1.0	1.0	scored	unknown	additional_free_text_claims_not_semantically_verified		88ab7de74cf4edb76459725990c7e5808ca25f7d0462dc3da490aaba5aea6c27
281	LMT/2013/page_49.pdf-2	1	train	finqa_probe_slot:656ca936d9bcfc8562fb3e512a9e853e01dda5501b8c5777f40256d4e4b8cc82	nonempty	2	valid	True	1.0	0.0	scored	unknown	additional_free_text_claims_not_semantically_verified		e6c3d94ea2dc579e0b544e5f8b7949a3043c9e18038505345235f0be5b5c0b69
282	LMT/2013/page_49.pdf-2	2	train	finqa_probe_slot:97ee40211ea8b27419d02540bb99882d3edc4b3f40db196d23c565725cf9efb8	nonempty	3	valid	True	1.0	0.0	scored	unknown	additional_free_text_claims_not_semantically_verified		b3f4978a78cf5fe54a5b627089f78014ab5f329fffee4f167103751255b79856
283	LMT/2013/page_49.pdf-2	3	train	finqa_probe_slot:52c831b9456c15a58a481b71263fb8ce662acb3a17e38d4d2bcfd83aaddbdc7f	nonempty	2	valid	True	1.0	1.0	scored	unknown	additional_free_text_claims_not_semantically_verified		e73f3298f527b083238fb4a270177f4dd4adeafa3a400e96260978acb01d46f7
284	LMT/2013/page_49.pdf-2	4	train	finqa_probe_slot:1c6d24c0bcfc11bb87f173929a153755ed4cc5d3cb14b40b4e6aff513e077141	nonempty	2	valid	True	1.0	1.0	scored	unknown	additional_free_text_claims_not_semantically_verified		a17bf359e616c6c20794b9dcb0fa703e758d1fe72937fab8e06c866800eb76a7
285	LMT/2013/page_49.pdf-2	5	train	finqa_probe_slot:cf2b977a515c1c2d1793c4daff0255dabe52f980eb3441ef22db49f6e93a882d	nonempty	2	valid	True	1.0	1.0	scored	unknown	additional_free_text_claims_not_semantically_verified		6f248d47f8c611946b47768a72500918a026652f7adb7d45d83034f3d51afe98
286	LMT/2013/page_49.pdf-2	6	sealed_diagnostic	finqa_probe_slot:e83b0f58831f2188334763032e18b62e4251ef3465f3b19d4fbef36b85510b12	nonempty	2	valid	True	1.0	1.0	scored	unknown	additional_free_text_claims_not_semantically_verified		2fcfeb7c76f1be203f36963fdc8a36ada49f2c5b91a52b69f9913a197a849301
287	LMT/2013/page_49.pdf-2	7	sealed_diagnostic	finqa_probe_slot:19b44f732dda13e5e1d96b958e1f648afac28a79507373ac3f8a6b3cb155827b	nonempty	2	valid	True	1.0	0.0	scored	unknown	additional_free_text_claims_not_semantically_verified		7605d063bedceee13b39b78b6cfbcfebf12365806ffc5bd507b086174f22728b
288	ORLY/2015/page_28.pdf-4	0	train	finqa_probe_slot:94dd292b1519500c057eb48ec8253326b3dead6e9f26a4199d71507b0bc0d96e	nonempty	2	valid	True	1.0	1.0	scored	unknown	additional_free_text_claims_not_semantically_verified		210031f7b771ba01ba58ebfbbc29e0bb978227c9c7f5d4fd6c6629932ead1693
289	ORLY/2015/page_28.pdf-4	1	train	finqa_probe_slot:f777dc0bed5c67f4e2b1aa8a1892648bf2808722204f02a616c7ce9c426e42d4	nonempty	3	valid	True	1.0	1.0	scored	unknown	additional_free_text_claims_not_semantically_verified		44e0af2d810e8303bfc81f525140c0beb31d5dde0b322e8124e453e2f2c1e004
290	ORLY/2015/page_28.pdf-4	2	train	finqa_probe_slot:e560a663321ac497dd6e81f59fb65cf7f7e36d6b8e93493571e63e8d09e2c696	nonempty	3	valid	True	1.0	1.0	scored	unknown	additional_free_text_claims_not_semantically_verified		b6a55e6383170b100c28793220df26f4b4f6ea7d79684f3a5440938b3367a180
291	ORLY/2015/page_28.pdf-4	3	train	finqa_probe_slot:6cfdd9b9e421bce76392ce1fc9e59157e11cb838a94cf5b59541b103646ae491	nonempty	3	valid	True	1.0	1.0	scored	unknown	additional_free_text_claims_not_semantically_verified		75a9a0be7595571e506215b14bab8619cb7441104b7ef9375c8516f3398d286b
292	ORLY/2015/page_28.pdf-4	4	train	finqa_probe_slot:f42db217136ff5d39a37cc52e5d57a78fa7998fa076f4a34cc5c8d2653214017	nonempty	3	valid	True	1.0	1.0	scored	unknown	additional_free_text_claims_not_semantically_verified		f4560e59495674d06a2da5870f1fdd19f518a3bb6d438ed394af86d7b86438bf
293	ORLY/2015/page_28.pdf-4	5	train	finqa_probe_slot:6e1062d50d45a05e7c247319af1dd5e1d3aa021e4c3ab5beb2e326b95a102a66	nonempty	4	valid	True	1.0	1.0	scored	unknown	additional_free_text_claims_not_semantically_verified		9a4d8a667e0a0a993fcf11222580a8ed110500c90d41e495b0b705faecd42466
294	ORLY/2015/page_28.pdf-4	6	sealed_diagnostic	finqa_probe_slot:5b97f4db7d7d13e7dc5fef492c779306def5d03742b3db9adf470588fda9f13b	nonempty	3	valid	True	1.0	1.0	scored	unknown	additional_free_text_claims_not_semantically_verified		d99620c165dd3663e02ef3e23d521ee40421c75145201b5f94e450a8d7f4bee3
295	ORLY/2015/page_28.pdf-4	7	sealed_diagnostic	finqa_probe_slot:bbda45dbaaa4aaabce9a881e722e69ea97754c2208a866fcb515fbce9d313fea	nonempty	4	valid	True	1.0	1.0	scored	unknown	additional_free_text_claims_not_semantically_verified		1ad242ee60b7ecf7301fa64942c520a2a97f5abed52518ba7f4393bf8855984f
296	C/2009/page_248.pdf-3	0	train	finqa_probe_slot:24fcc1f2c2396f737b944dc61dcf532412bf816e03032df07facfd746cf824a0	empty	0	valid	True	1.0	1.0	scored	unknown	Final_currency_scale_outside_finite_policy		c6811c10f1959cb9df2277a8ac85315c2e347ba20a672b02172bfa13b15569f0
297	C/2009/page_248.pdf-3	1	train	finqa_probe_slot:3f0bfa3f7f19cb2e04eb6f5a73381edbd0f817f72b324b6204a720f74d548c1a	empty	0	valid	True	1.0	1.0	scored	unknown	Final_currency_scale_outside_finite_policy		6f2212f8e94ad318e7ac0e00f43e97624111ebf971331882c6aad5775cae2967
298	C/2009/page_248.pdf-3	2	train	finqa_probe_slot:f4dc1ce4a24e85469eba26e49c802cf03443d6351841e608fe326fc91c17092d	nonempty	3	valid	True	0.0	0.0	scored	unknown	additional_free_text_claims_not_semantically_verified		f2a5b44d77df2a0b1f63e7f251c9d372e080ca9318e281b2b7f9654dde3af367
299	C/2009/page_248.pdf-3	3	train	finqa_probe_slot:3be5fcb003187f9fcfc8efed83b5b4836f72607752b35cb25420de782d159dab	nonempty	4	valid	True	1.0	1.0	scored	unknown	additional_free_text_claims_not_semantically_verified		f8b37ab6c151d33f0e6bad19e870568b224873aff1001c821a94b5e241bd555d
300	C/2009/page_248.pdf-3	4	train	finqa_probe_slot:540b0af8042bfaf72f2d4f14aa1f1d15547b904ab9a8f2d16f1057805e98d688	nonempty	4	valid	True	1.0	1.0	scored	unknown	additional_free_text_claims_not_semantically_verified		87cf7fd2de64a0308d98011ad8621d82366a2b1973b2ceb1c2d9c345c8eba133
301	C/2009/page_248.pdf-3	5	train	finqa_probe_slot:6eb0e1175f45f6a26637742a2d1086e3b907bd85be980c3e45c97c800285dac6	nonempty	3	valid	True	1.0	1.0	scored	unknown	additional_free_text_claims_not_semantically_verified		08a0d752c30bfb4c4e7daad32c6e4958ec31b02c9d64271f90fb1741a7f6688c
302	C/2009/page_248.pdf-3	6	sealed_diagnostic	finqa_probe_slot:d60cbb363e1fc966aacc1382909d8642359cb868e06bcc8ffe480fa3000f1a4d	nonempty	1	valid	True	1.0	1.0	scored	unknown	additional_free_text_claims_not_semantically_verified		dab7881f444ae0f3d6cd87b200cc30221e3cabb68262e8419800cbf5e02d6c2e
303	C/2009/page_248.pdf-3	7	sealed_diagnostic	finqa_probe_slot:86b2979b779010cdf1f8b6d5d108bfddf8e500cb58c5f5e6c42ff64d3d06573d	nonempty	1	valid	True	1.0	1.0	scored	unknown	additional_free_text_claims_not_semantically_verified		6e63f9c6cfbe8057bb0adfc9772307068aca58df72c5faad59b1b335a172bef7
304	MRO/2008/page_70.pdf-3	0	train	finqa_probe_slot:1d20116e12545286ff14508d7c730dab27577c6a6e19f79f8f2767c323b010a1	nonempty	4	valid	True	1.0	1.0	scored	unknown	additional_free_text_claims_not_semantically_verified		712f42e7362e088256be0340740a0a381fa01b97b32e6f596b07b3b3406aefdb
305	MRO/2008/page_70.pdf-3	1	train	finqa_probe_slot:d763015a5eed20929781a133db0d82b1b44034ed1ecb11272a5d4fe2ec748ae7	nonempty	1	valid	True	1.0	1.0	scored	unknown	additional_free_text_claims_not_semantically_verified		7e676d2bb7ec43a4f7a9d4a418d3eebff76ee14566b1b324c0902a3ba78ba19c
306	MRO/2008/page_70.pdf-3	2	train	finqa_probe_slot:6a4b0d8ba0992736333f450f4934c65a72efec7d8ce2734bedafe1dd98d72f78	nonempty	3	valid	True	1.0	1.0	scored	unknown	additional_free_text_claims_not_semantically_verified		bad1ed0168d92ae18f82dfdccb3b90245fac01178d76790d4ff3818572cc09ee
307	MRO/2008/page_70.pdf-3	3	train	finqa_probe_slot:fb8449c23305170d32b46c3a28d3cb326dc1434766a7f6b35a46a364b63930fd	nonempty	3	valid	True	1.0	1.0	scored	unknown	additional_free_text_claims_not_semantically_verified		8d8490730f277c59cf65b1198b3b9a75e2aa20e9c1fbfde8ac9fafd8482fc991
308	MRO/2008/page_70.pdf-3	4	train	finqa_probe_slot:b4e05bd6f1c064e27e3c42a98f9c425d1c7992af02811eb57c4ac04ec6c68f6b	empty	0	valid	True	1.0	1.0	scored	unknown	Final_currency_scale_outside_finite_policy		d9ac5bd2cdb879bfa2b54a1d676d5a45d304eca5469cfa3cd095b7c5e4b9af3b
309	MRO/2008/page_70.pdf-3	5	train	finqa_probe_slot:835d8b064c99207f03a9b8c6528108c9d04fdeed6e4ab8724b2bfa31cdccbf0f	nonempty	3	valid	True	1.0	1.0	scored	unknown	additional_free_text_claims_not_semantically_verified		ee8a2bf8cde86b379769adde63123d3b0b20428a2c14b3eed5784a6a41650ed3
310	MRO/2008/page_70.pdf-3	6	sealed_diagnostic	finqa_probe_slot:052397a8ea9aabc0d392877a022100574f09f012d4ac3d990f94d734211ea3a2	nonempty	4	valid	True	1.0	1.0	scored	unknown	additional_free_text_claims_not_semantically_verified		f5c533bbe897eb9eab364c626b8315a2bcbef4dceb4cac5c2b5522b329336365
311	MRO/2008/page_70.pdf-3	7	sealed_diagnostic	finqa_probe_slot:c330acff4df3f205305801cd35ca04b3b4e84bb40783050d521b424b67c138a6	nonempty	1	valid	True	1.0	1.0	scored	unknown	additional_free_text_claims_not_semantically_verified		a57f437ace1b624b631b4b69a4b54e53bbaeadae220c741e3f2b77a2631c31a8
312	C/2009/page_41.pdf-1	0	train	finqa_probe_slot:5fb1bdc31d690deff6d8927b5dbd1476c26bb99116861978e21f24973384e20c	nonempty	2	valid	True	1.0	1.0	scored	unknown	additional_free_text_claims_not_semantically_verified		09319e3cfdaf2d151564c17fd3ddaa12e226e1bed9a00031dc3620728b7aed24
313	C/2009/page_41.pdf-1	1	train	finqa_probe_slot:42ef619d0418c7eae36da85b2d975a8095a749b8591bd196c1f0becf8d9573b0	nonempty	4	valid	True	0.0	0.0	scored	unknown	additional_free_text_claims_not_semantically_verified		18d0bee5f7c19293dd08294c474afa00a50b26b2f0c16e2f7885eacfdc94e473
314	C/2009/page_41.pdf-1	2	train	finqa_probe_slot:be286dfcb66557ae66d97ecd073db3b65e24ae7662f9a8c2d1cc1b9207eb6993	nonempty	3	valid	True	0.0	0.0	scored	unknown	additional_free_text_claims_not_semantically_verified		8662811af479412859a13e8d428b804930a464b7593c96e4fd9a984143b06029
315	C/2009/page_41.pdf-1	3	train	finqa_probe_slot:8fb316695b5b321def30ed33b9cc8c988f95a4fa13ac1df1ccb0041f9a1a6242	nonempty	4	valid	True	0.0	0.0	scored	unknown	additional_free_text_claims_not_semantically_verified		119a62be872fdf3ba8bdd4fa362191992732c10361ed031133d6a399e3f516d2
316	C/2009/page_41.pdf-1	4	train	finqa_probe_slot:80dc88f481d2bb8a9348dc226cc30a0d5216ee49b0806c974f37dd9dd083ae95	nonempty	2	valid	True	0.0	0.0	scored	unknown	additional_free_text_claims_not_semantically_verified		83aeef1c0061b7dce967e545e791ae1dfb8700b499609a4e885bbb00a1403159
317	C/2009/page_41.pdf-1	5	train	finqa_probe_slot:01145b9ef9e778e952e861afd2c95b68925174f84b0eda198695eb7b19867f85	nonempty	1	valid	True	0.0	0.0	scored	unknown	additional_free_text_claims_not_semantically_verified		3edebb213b737754f00c03d0c4b5ed2f2926db5f13d3884b384a0c37555419b7
318	C/2009/page_41.pdf-1	6	sealed_diagnostic	finqa_probe_slot:f4cba1471b60c8fcb1158167f19fb1949b5e392e5cbde0b34bc0f979c706e8ff	nonempty	3	valid	True	0.0	0.0	scored	unknown	additional_free_text_claims_not_semantically_verified		1aa35282b6f41c4c5e82a6cf0ee375a97ce5a2bd4f8e9d35fbfff5f748c65a0c
319	C/2009/page_41.pdf-1	7	sealed_diagnostic	finqa_probe_slot:abc38eb506e0891bdc09acbd3cf005326d3eb54130a4bb22c937f880bf9c4d29	nonempty	3	valid	True	1.0	1.0	scored	unknown	additional_free_text_claims_not_semantically_verified		0e883ccc0dd4d5a37891731a8663b16f505a4e28d5fa1343fda43b489528b15c
320	LMT/2015/page_86.pdf-1	0	train	finqa_probe_slot:66e5bf9efe963b67473a493b1a85e206d899e198609527c58080fcd702f5b258	nonempty	4	valid	True	1.0	1.0	scored	unknown	additional_free_text_claims_not_semantically_verified		d36de9964f681e9697ae206fae12e2aa20c2276260c579bc66abae9c7fd7ecab
321	LMT/2015/page_86.pdf-1	1	train	finqa_probe_slot:4495f80dc7338b9c4df59ab205f248b6fd4f2e049b816896c9ad682163cbb0af	nonempty	2	valid	True	1.0	1.0	scored	unknown	additional_free_text_claims_not_semantically_verified		2035912071a610fdc0811785bc6e2e28612fca6a2792892fc01bf77d34ba4740
322	LMT/2015/page_86.pdf-1	2	train	finqa_probe_slot:2a405f09357cf3c7d03420508959388d73951be0d5df663894b51d31a50bf5fb	nonempty	3	valid	True	1.0	1.0	scored	unknown	additional_free_text_claims_not_semantically_verified		f3df1da8eb14bc1de3ef95837e31cbbde100da1eceb65a1cfbbee2d8fc4ac235
323	LMT/2015/page_86.pdf-1	3	train	finqa_probe_slot:6887d0087d413cf865b569a5eb5b7361ad531e489829466c7fa8c26e9ad3e6fc	nonempty	2	valid	True	1.0	1.0	scored	unknown	additional_free_text_claims_not_semantically_verified		2b903498a5dab917d027f1d417a2796e777f52d3a6a80d5b96dc6963366098c6
324	LMT/2015/page_86.pdf-1	4	train	finqa_probe_slot:415240b88e1623ad6aea06a6d3cbae30ff9f9eb9a404d4de7a32278607a8b805	nonempty	1	valid	True	1.0	1.0	scored	unknown	additional_free_text_claims_not_semantically_verified		187313b04d5c55bf3b4ee757c22b0475f54b9c51a1ce264f947dce03c94e563a
325	LMT/2015/page_86.pdf-1	5	train	finqa_probe_slot:87d4d079d76a1d172da398973df72d2ecef95110f41d961adfdc00ca00d31aff	nonempty	3	valid	True	1.0	1.0	scored	unknown	additional_free_text_claims_not_semantically_verified		fcdb29349afd1709b0c534ce1ae790c9c03f534e30064051c101be7e23718310
326	LMT/2015/page_86.pdf-1	6	sealed_diagnostic	finqa_probe_slot:421f59d1b09a4a4651dd0681fbc483135f8705fac7196b1d43250c1c8e8537f7	nonempty	3	valid	True	1.0	1.0	scored	unknown	additional_free_text_claims_not_semantically_verified		e68988ad069e24affed9a032875bb9afcb8e0527ef24eea4e1a01d37987f0448
327	LMT/2015/page_86.pdf-1	7	sealed_diagnostic	finqa_probe_slot:e6999f7fd1729933cb7f580e41ac5cd71c234f0eb38b3d72011d6d9124df1641	empty	0	valid	True	1.0	1.0	scored	invalid	Final_value_or_declared_scale_contradicts_source_bound_program		2f8bd8b02bc7c008c3ecfacb5f313d1b46c8fffcfa0f8e308dd756d18809d949
328	LMT/2013/page_47.pdf-4	0	train	finqa_probe_slot:2935d3d30de40004f92abe1a28991108af53efc99a864c928ad3c3c32281edb0	nonempty	3	valid	True	1.0	0.0	scored	unknown	additional_free_text_claims_not_semantically_verified		f06c015a9b73cabba4964ff4caaa474e7d06bf4c4cb3e386010241744a4521d6
329	LMT/2013/page_47.pdf-4	1	train	finqa_probe_slot:0ea589062b05e0683c7a221de7a0c883a525eec635355999033ab7d46afee82c	nonempty	1	valid	True	1.0	1.0	scored	unknown	additional_free_text_claims_not_semantically_verified		73a0a16fa949a2405777a2d6681a2890135a42effa395c948667688e9dd4e5e5
330	LMT/2013/page_47.pdf-4	2	train	finqa_probe_slot:10dcd255f2fb958b6628d636bd048b636a308dfd8d40df6e0cdf9f36f44b6dd8	nonempty	3	valid	True	1.0	0.0	scored	unknown	additional_free_text_claims_not_semantically_verified		226df1b8903ae63ecab81e401a1e4a65a333172273950a3982a0ffbf5e5aa89b
331	LMT/2013/page_47.pdf-4	3	train	finqa_probe_slot:2377c7651dd06931b1e5c8aacb4654c64017cbd5894f1a8cfaaad3b165ac7791	empty	0	valid	True	1.0	0.0	scored	unknown	numeric_leaf_missing_or_ambiguous_in_author_sources		e0f8678afef54dd843ea2ba5fdc7a6faf794e32f34d816497f2e1c42a137d94d
332	LMT/2013/page_47.pdf-4	4	train	finqa_probe_slot:e65537786d9a282613c305cd7e2ab18ee9576150d19ccd046fa0bb754b2df44d	nonempty	1	valid	True	1.0	1.0	scored	unknown	additional_free_text_claims_not_semantically_verified		5d0862653551ee70d89b20b16ad21d088c740e21c9c2dcbbf0cd42ef17298fee
333	LMT/2013/page_47.pdf-4	5	train	finqa_probe_slot:52e2bf138520afa3e2e3b613cc6f8d8df109c08ff11673af0c0a92c7dd17fa52	nonempty	3	valid	True	1.0	1.0	scored	unknown	additional_free_text_claims_not_semantically_verified		a2520c598e8dac56d390a40d855629582a47dd8bb44cdce4d3a11e9afa9bb7b9
334	LMT/2013/page_47.pdf-4	6	sealed_diagnostic	finqa_probe_slot:051027c7e3e42db39ef526402ffb851968d58ab51bcb529192169daff8e7367a	nonempty	3	valid	True	1.0	0.0	scored	unknown	additional_free_text_claims_not_semantically_verified		1d0b7784a58db6404f301f65f47ad6f218a42697d94dbcf831f5c0d4026b1dd8
335	LMT/2013/page_47.pdf-4	7	sealed_diagnostic	finqa_probe_slot:4f3d69444b1c8b232616eeb723523e4a5c714341bee51df0a1cca5821bcc2bc0	nonempty	2	valid	True	1.0	1.0	scored	unknown	additional_free_text_claims_not_semantically_verified		e8e0127a352c6c9d259b6f85ac07ba38c09e46adc1a34c980c82d36c8e606439
336	LMT/2007/page_39.pdf-2	0	train	finqa_probe_slot:d0640d16280c67f7c31b4a88da26b46a7d053ab150f85504533f47ac946b7992	nonempty	3	valid	True	0.0	0.0	scored	unknown	additional_free_text_claims_not_semantically_verified		c0f5da01429906d77ff537cd66e312623e377635bc23096bc6020a2610474f75
337	LMT/2007/page_39.pdf-2	1	train	finqa_probe_slot:6269999162bc15dd059de55cebd8ceda6cf7e1d3f8a81924890267c6430a32ff	nonempty	3	valid	True	0.0	0.0	scored	unknown	additional_free_text_claims_not_semantically_verified		9f384d230ed8e843adff0b0723a3df1aec66b3e6f0ebf9ef7f6ebb7e0b087dbc
338	LMT/2007/page_39.pdf-2	2	train	finqa_probe_slot:5c61c017cf0e695a81a9e40915b3256aa450d7b9a13dd03dc499ee729e579886	nonempty	4	valid	True	1.0	1.0	scored	unknown	additional_free_text_claims_not_semantically_verified		f93736b476336c94185d777bca660b007d0c9d7ccc078297d85a89eb8d038f21
339	LMT/2007/page_39.pdf-2	3	train	finqa_probe_slot:670480f852589083e5222eed1ff9d2d8a0c4e2c9e27cdd10318d4864d75ab72d	nonempty	4	valid	True	1.0	1.0	scored	unknown	additional_free_text_claims_not_semantically_verified		24902fa6abb11753803bb5b16405a435cb9915ddcb40015ffd35c949581a71fe
340	LMT/2007/page_39.pdf-2	4	train	finqa_probe_slot:74d362244ca64e48368d745cf409d30538d7a0b2f78fcb264acb525f60238a5a	nonempty	4	valid	True	0.0	0.0	scored	unknown	additional_free_text_claims_not_semantically_verified		03edc03d58437b5a53ba9c51b776c7d633e00f96c9da9abdcef55ba0e49661eb
341	LMT/2007/page_39.pdf-2	5	train	finqa_probe_slot:f4aec2895f3bed1b5a402ca6c34681ceed7e2fdb0518df96c1988a84bdc40f61	nonempty	4	valid	True	0.0	0.0	scored	unknown	additional_free_text_claims_not_semantically_verified		07a39f768caa9a1e9cd858b497a535d9da182b2531b6bda5b642edbdd4847c0e
342	LMT/2007/page_39.pdf-2	6	sealed_diagnostic	finqa_probe_slot:7357fc90fd0fd770a81eb761266dcc07922d4156d410bca46c3c7cf7c48748ea	nonempty	3	valid	True	0.0	0.0	scored	unknown	additional_free_text_claims_not_semantically_verified		be7abc7ea69dd4effadf8942c436d2ae59191c35a4cae40710cf4a22035c9ce8
343	LMT/2007/page_39.pdf-2	7	sealed_diagnostic	finqa_probe_slot:cd9875a7f535bdbc0918b58b42d9aa51feaf9c84be97878eb8e3470e4a9c8554	nonempty	2	valid	True	1.0	1.0	scored	unknown	additional_free_text_claims_not_semantically_verified		0f41ea75fa4598d64b576d0784bdda83f58e0fa7ff7af281cdb86e4be5c53491
344	VTR/2007/page_48.pdf-2	0	train	finqa_probe_slot:943f3328e0115789c50c0aaa16136af644e1d962cc2654c5cb34e2bdc31f2076	nonempty	2	valid	True	1.0	1.0	scored	unknown	additional_free_text_claims_not_semantically_verified		386f30645f24b68220bd414fe5d87c8a3cf1efecd6a50eae78ca27cd707d6ef8
345	VTR/2007/page_48.pdf-2	1	train	finqa_probe_slot:06ee424dba1139092d213b5e6c451385b4bc2973582ce3996e2aaf01bf169893	nonempty	3	valid	True	1.0	1.0	scored	unknown	additional_free_text_claims_not_semantically_verified		67be2a71e7e950ba42dadcc42596e1005480f3104b7183eb41ac052d0762f2f2
346	VTR/2007/page_48.pdf-2	2	train	finqa_probe_slot:70bb52e54c554121ac92661a34cf44306967326082f11badb570aab32f307f3d	nonempty	1	valid	True	1.0	1.0	scored	unknown	additional_free_text_claims_not_semantically_verified		7d99f3002878c4ed8266802d92bb6ad80df1286441562ab8a48efd34ea7eb694
347	VTR/2007/page_48.pdf-2	3	train	finqa_probe_slot:434523d4ef360be2f8af648efbc23b1ee9da6ab1eb342fb70c7ca95c2e5f2545	nonempty	3	valid	True	1.0	1.0	scored	unknown	additional_free_text_claims_not_semantically_verified		4a35141d0aa30b0759b6eb77a4e796b080cd0f20df43c36df9af91862cc8c345
348	VTR/2007/page_48.pdf-2	4	train	finqa_probe_slot:7c84e3e9c64449c3b260d3f2e86bb617bb508b7796fa985382e94b9b1d9d53bf	nonempty	3	valid	True	1.0	1.0	scored	unknown	additional_free_text_claims_not_semantically_verified		8d893450b3cc8a69abcfaa24b974b144ecd3644d66ceb6aa6c9cc2c0705a3c45
349	VTR/2007/page_48.pdf-2	5	train	finqa_probe_slot:e180eaab022c4d883cdb598b98f0ce2d33ed0a2f1bcbc0b4a658e3265b97487b	nonempty	3	valid	True	1.0	1.0	scored	unknown	additional_free_text_claims_not_semantically_verified		6a004e89ba06eda02c0222f0b5dcee91cacafdca224b362a30c49397b8b74aff
350	VTR/2007/page_48.pdf-2	6	sealed_diagnostic	finqa_probe_slot:de3493b4905a75b7f4f47c7ff9ed994e4e05d77561841cb193fb8eddc70a5cc4	nonempty	4	valid	True	1.0	1.0	scored	unknown	additional_free_text_claims_not_semantically_verified		5cc2728fae1afa66a2dd1dd7728a8d8790523d38ece6b8f1d1131fe96684677f
351	VTR/2007/page_48.pdf-2	7	sealed_diagnostic	finqa_probe_slot:fd4eebb2d73111319f7a6849c1d2bccfef38c61682c1589d45b60e07a6a429ba	nonempty	3	valid	True	1.0	1.0	scored	unknown	additional_free_text_claims_not_semantically_verified		62b0e97bbace6305bbcfa198828d1589953fc3d8be62ea6bec441eac961eda5a
352	LMT/2013/page_44.pdf-2	0	train	finqa_probe_slot:7b4bde5e8e99dee7f2eba5e3737c1cfc3b00842263d7569daadd3fbbe14ec9db	nonempty	4	valid	True	1.0	0.0	scored	unknown	additional_free_text_claims_not_semantically_verified		03fd5cd9f7ca75396c4db881215d96f4c6ac642c4f9d08724f4b626c0ebf87c7
353	LMT/2013/page_44.pdf-2	1	train	finqa_probe_slot:3404290bc1fc4b761b67349ccbd7366fb62211b5bb0bbf899ce4c5841b8db572	nonempty	1	valid	True	1.0	0.0	scored	unknown	additional_free_text_claims_not_semantically_verified		0caa0bceddef694f2393e04d1487af588d2ef7ea4779f3cd32e496d203fe7343
354	LMT/2013/page_44.pdf-2	2	train	finqa_probe_slot:491d3c41418c3d08e315dbbb84d27c787a4e240515981943d2e9746e72a5a352	nonempty	3	valid	True	1.0	0.0	scored	unknown	additional_free_text_claims_not_semantically_verified		d0beb605672c91f353fef889ed2d8c3fd7754f022481ec44a5a4e6eb14f381c0
355	LMT/2013/page_44.pdf-2	3	train	finqa_probe_slot:db872b1831ad5fdb3813f7d1c93da79280e9c1baf1813a4a862c12525982dbd2	nonempty	3	valid	True	1.0	0.0	scored	unknown	additional_free_text_claims_not_semantically_verified		8e0a2689d3b5ae8380ca30333a2b6f3c19945e2ec46811aab9732efc69c51daa
356	LMT/2013/page_44.pdf-2	4	train	finqa_probe_slot:90c66cc3c296c9a59a3232b5c89930a3dbd3688d81c38545b94a05e86120e42a	nonempty	2	valid	True	1.0	0.0	scored	unknown	additional_free_text_claims_not_semantically_verified		45170de9f09c4db7359d8f1df6f3ded0cfd644030fe1a498177021c3734d20cc
357	LMT/2013/page_44.pdf-2	5	train	finqa_probe_slot:51109445d9aaa05f1bc769e59868da65b62a3657b7e080efc6c7ac633ef76de4	nonempty	3	valid	True	1.0	0.0	scored	unknown	additional_free_text_claims_not_semantically_verified		080d69733ad1e42d7318faccae713851073f1a8ecf078fed61ca532e3b958adb
358	LMT/2013/page_44.pdf-2	6	sealed_diagnostic	finqa_probe_slot:64d17cffe5b69bcd4af9880957ea03594f4128d059f43eba90ee2cfb894f6336	nonempty	3	valid	True	1.0	0.0	scored	unknown	additional_free_text_claims_not_semantically_verified		979a1c7df3e037e7e40394a25b7094c574f485b3f9dfd5ab8f8aba69d69dc23e
359	LMT/2013/page_44.pdf-2	7	sealed_diagnostic	finqa_probe_slot:19e21c3311d0dbcbcf84a2896a6620d811b9666f1cc440f13521a4be5fb845f7	nonempty	4	valid	True	1.0	0.0	scored	unknown	additional_free_text_claims_not_semantically_verified		d93926485010e1814aef78a6a062e2849a93c2d3d0e7d0e4e7fb96a5337455d2
360	LMT/2013/page_45.pdf-1	0	train	finqa_probe_slot:4fec6887479e89ffef75b0926fbd2fbb349ffe85b127c6c277fcdc5ef0c7b22e	nonempty	3	valid	True	1.0	0.0	scored	unknown	additional_free_text_claims_not_semantically_verified		e1d20148719a61fa09046ab7d3da1e8b524b9061573da0829feb5e3fe8777f71
361	LMT/2013/page_45.pdf-1	1	train	finqa_probe_slot:621adbc7197b650f436ddb562a1fbc7b5acededd59ef7a4d0ecd0dc1248d095e	nonempty	4	valid	True	1.0	0.0	scored	unknown	additional_free_text_claims_not_semantically_verified		6b4ea497fc76f3aaecb33c7b09b16933ec3ca49c98929ad83ca3705bdebb1b6b
362	LMT/2013/page_45.pdf-1	2	train	finqa_probe_slot:9942aaf4802dc29867d9d0690c79b1a99073800c9acda99974e58081135e5326	empty	0	valid	True	1.0	1.0	scored	invalid	Final_value_or_declared_scale_contradicts_source_bound_program		178ea828b746347e2d137e76facc6f8f54fc7886b3143901fd4470fe24990fe5
363	LMT/2013/page_45.pdf-1	3	train	finqa_probe_slot:9857d7ef5c7cbd65948c967695f3478bc2303b3d8a62ce23079e3d2f706a7feb	nonempty	3	valid	True	1.0	0.0	scored	unknown	additional_free_text_claims_not_semantically_verified		82ec14b80fb7eb4cbb5ea5fd36bc6be27825d22f96eef5f6c10c273ce0d3ee01
364	LMT/2013/page_45.pdf-1	4	train	finqa_probe_slot:52ce3ce94fd14c530092ee86200e615dde0a18d77e4f863b4a6eee4f346878de	nonempty	4	valid	True	1.0	0.0	scored	unknown	additional_free_text_claims_not_semantically_verified		9ddaa2ad38996816c8bd5f279d36ad9eacf1fd8b12f75e1c965e5af7e32b9fd1
365	LMT/2013/page_45.pdf-1	5	train	finqa_probe_slot:12885f4dca7edefe4c051e144757b154ade438597fc41a3eddc3fa3ea13d6f6f	nonempty	4	valid	True	1.0	0.0	scored	unknown	additional_free_text_claims_not_semantically_verified		4245254ac6774d5d44c26e43c363ea1fde763c18c208686c28dbf96729b2333c
366	LMT/2013/page_45.pdf-1	6	sealed_diagnostic	finqa_probe_slot:361a930d9b5dc379b54824ea619a545f11e0199c1741a9598aa1f0906668100f	nonempty	4	valid	True	1.0	0.0	scored	unknown	additional_free_text_claims_not_semantically_verified		2b8811c42b2da1488a45649ced8404ed6d5ec22b3472ee3953542b5c49efe4eb
367	LMT/2013/page_45.pdf-1	7	sealed_diagnostic	finqa_probe_slot:6d4bd43b35cd54b9bfcbbaa1b0a487dd377a4a977bebbca2d74d2f6006dddda1	nonempty	3	valid	True	1.0	1.0	scored	unknown	additional_free_text_claims_not_semantically_verified		0bff06c9f9f0787a9150e0de9fa8cad16d3190d4bd3bc32ad0ed5b2fefb55e57
368	AAPL/2014/page_26.pdf-2	0	train	finqa_probe_slot:58728b859f27958b92ce693d28f26fcc8730ce130891d34da620cbc1f43beab0	nonempty	3	valid	True	0.0	0.0	scored	unknown	additional_free_text_claims_not_semantically_verified		25bff72d7ff6e1eb27fd303e8c51760b6995298b922ae4b8fdaccc3890462b98
369	AAPL/2014/page_26.pdf-2	1	train	finqa_probe_slot:fc2eb1b2c466f50c00832df30c9f2f343fb5f7335acd84d1b965569ea68a23a0	nonempty	2	valid	True	1.0	1.0	scored	unknown	additional_free_text_claims_not_semantically_verified		56d85536ab2f22615063f0e23e261571e9abe6ec1779d6bcb8dddf62aa84b444
370	AAPL/2014/page_26.pdf-2	2	train	finqa_probe_slot:d49513e6c3e1d06caa787765e7738cf2dded2e2918073c224523944841a54c8b	nonempty	2	valid	True	1.0	1.0	scored	unknown	additional_free_text_claims_not_semantically_verified		6178df98a70b11996f75de3a2b35c378cdf5504bf9c3b52f8ad3cb1d12b07fa1
371	AAPL/2014/page_26.pdf-2	3	train	finqa_probe_slot:6953db9278cc8a30d5862f02b50a2f1d3cb26007d500f7a19f40070602d3fd21	nonempty	2	missing	False	0.0	0.0	invalid_prediction	invalid	normal_terminal_has_no_completed_Final		c9b90786b639c8df7cae4cc88145bacc49738981de21f478eba6dce829f0fd11
372	AAPL/2014/page_26.pdf-2	4	train	finqa_probe_slot:cddd846577fc6fe7c2e3b6b99a9cb838552f7cdee9293e4d2856e356b8606d44	nonempty	2	valid	True	1.0	1.0	scored	unknown	additional_free_text_claims_not_semantically_verified		1663fb5369065cf85a6993037b6c92d1e582db0396b8cd08921febf360b2add8
373	AAPL/2014/page_26.pdf-2	5	train	finqa_probe_slot:97f90707bbeb638103b64b982c615a9b3520508e90d23a5acf1995348d2264d7	nonempty	2	missing	False	0.0	0.0	invalid_prediction	invalid	normal_terminal_has_no_completed_Final		d67c5641a3cbbc25e167cf160967a103daf835ad932d9016e9161ac35f1a2581
374	AAPL/2014/page_26.pdf-2	6	sealed_diagnostic	finqa_probe_slot:35948bf956fcc69aadf993107fab1078a675988d68198b3fe749a942796278ef	nonempty	2	missing	False	0.0	0.0	invalid_prediction	invalid	normal_terminal_has_no_completed_Final		b63655ddffaf4091c40c9c04f3b112edfd0f5e97a3e69542f57f3dc607a72ec2
375	AAPL/2014/page_26.pdf-2	7	sealed_diagnostic	finqa_probe_slot:08696337e9ee81f5919c863b594f0b5ea5b1349e037e2a63b130c0ffa51b4d1d	nonempty	4	missing	False	0.0	0.0	invalid_prediction	invalid	normal_terminal_has_no_completed_Final		51a550a3bd88084f15a58640c135da04ed6a77a06ceec08a10d2c174732fa142
376	C/2009/page_141.pdf-2	0	train	finqa_probe_slot:4071dc76c5d2d0cd0f881d923fec540e1defee9507569bc6040e02d24b7cc7d0	nonempty	3	valid	True	1.0	1.0	scored	unknown	additional_free_text_claims_not_semantically_verified		ccfcb5d87fb48f5761e4275c605b02dac9196ff2c797706723ec18a287261de1
377	C/2009/page_141.pdf-2	1	train	finqa_probe_slot:960866364a5bfd49d4f2f6f80c25977f998f9aa412acb48230e8665a78283467	nonempty	2	valid	True	1.0	1.0	scored	unknown	additional_free_text_claims_not_semantically_verified		230e628e01607fc8e45b165c81764fbcc35b106bff02c10724726fecb0c64ffe
378	C/2009/page_141.pdf-2	2	train	finqa_probe_slot:edaeec4ed9bc9b4d070685aebb7e3a31a0339e445e735ac141f8fb1078c88df7	nonempty	2	valid	True	0.0	0.0	scored	unknown	additional_free_text_claims_not_semantically_verified		73277d0fe90773f5394100c371236ee87b46e434aef41221087fcec6e9261ea9
379	C/2009/page_141.pdf-2	3	train	finqa_probe_slot:e4b0b8b757388fad61622d16df5c1c6b8124928f71b9e2020ba07844cf41f959	nonempty	1	valid	True	1.0	1.0	scored	unknown	additional_free_text_claims_not_semantically_verified		b1b61ea6abda7d6f6b762ab79b58c98e5ed7ac957191d8283e267ac5b3f327cd
380	C/2009/page_141.pdf-2	4	train	finqa_probe_slot:c3678b8547173ced5aa6bc24c0c94d9802d16efb8c79444b3e42855a214d86db	nonempty	1	valid	True	1.0	1.0	scored	unknown	additional_free_text_claims_not_semantically_verified		d5e92f1d3dc3e1d28c8b645ce228efaf685e31a130686b410ca94c8e2f78be31
381	C/2009/page_141.pdf-2	5	train	finqa_probe_slot:5507297c6c687f7d6d6641ae09448e78ae39358492584f97e2f4225e052de517	nonempty	1	valid	True	1.0	1.0	scored	unknown	additional_free_text_claims_not_semantically_verified		d278aa8476848385441c29c1df2045c42be0342fe6b8b5cfdd15c8ad68b6fa6d
382	C/2009/page_141.pdf-2	6	sealed_diagnostic	finqa_probe_slot:4dc18ee3bce92f5acfedaeefa24c143892fae7f3d009f617bb6f844a88464482	nonempty	3	valid	True	1.0	1.0	scored	unknown	additional_free_text_claims_not_semantically_verified		2bcbf20c0789b224573b4eecc7d739d95796de98c81109067510133fa70180b9
383	C/2009/page_141.pdf-2	7	sealed_diagnostic	finqa_probe_slot:bc3c1b89eea51527e3e327a127ce6e0fa39495fed9667dc47214a9f2b9bfaa94	nonempty	4	valid	True	0.0	0.0	scored	unknown	additional_free_text_claims_not_semantically_verified		e02a2264ec14537b621cc62cce031e9447af127ef1e45e5f9682f3b95bd84363
384	MRO/2008/page_119.pdf-4	0	train	finqa_probe_slot:fa529096eed81e43261fb3e6bc7ff24bf59afb2596ec70fff8511557e2fbba15	empty	0	valid	True	1.0	1.0	scored	unknown	non_numeric_value		6d989a92968384eff7ca9956922682d12ecc2acec80348deba6beaf48c5779ce
385	MRO/2008/page_119.pdf-4	1	train	finqa_probe_slot:821cb3d5cc1524bc58b7dcd725149ebaf9e861ea276259492a3c0168f6cf7f2d	nonempty	3	valid	True	1.0	1.0	scored	unknown	additional_free_text_claims_not_semantically_verified		48a2bb2ff86d9557b5fb08d00d6fd25c3acba0ae73aab9689091b6e46b149589
386	MRO/2008/page_119.pdf-4	2	train	finqa_probe_slot:e1daffc9551561aa1dec6a319d51f354668b740c223d18c5b53714cfa070f057	nonempty	3	valid	True	1.0	1.0	scored	unknown	additional_free_text_claims_not_semantically_verified		ee846cb6b712aa183f0e9c03fad6668b3b797acc9941b45d6a0d73ed0f5df09e
387	MRO/2008/page_119.pdf-4	3	train	finqa_probe_slot:502e7522e37595121d4f7ce9ed41b04b4956de91b08ce626cb84548042384d34	nonempty	3	valid	True	1.0	1.0	scored	unknown	additional_free_text_claims_not_semantically_verified		6ea65ba7bd551e1594efe925a0c0028663dcc9bef0de70a92823af162db1edf3
388	MRO/2008/page_119.pdf-4	4	train	finqa_probe_slot:2df5f92cb6df2bc463726c132610538d03ff320248c1adf8ee0b353416c62a53	nonempty	1	valid	True	1.0	1.0	scored	unknown	additional_free_text_claims_not_semantically_verified		c89513dd65659a48290cba2c6a466d9f67ccc5b16e8e7fb4ebaffa86a128bac3
389	MRO/2008/page_119.pdf-4	5	train	finqa_probe_slot:19d3d880c3a442031820b1cc6f3db128dcbf30934ec51f54c68bbfc8efe7562f	nonempty	3	valid	True	1.0	1.0	scored	unknown	additional_free_text_claims_not_semantically_verified		91e9f68c18782e22a5ef2fcfcb3daf01ad72c4d8ec3a3b8dd47590a2c38f512d
390	MRO/2008/page_119.pdf-4	6	sealed_diagnostic	finqa_probe_slot:b0343b9a85eeb97ba285eedfeb0e1c5ab009462efa7bb0582b338acb7143b469	nonempty	2	valid	True	1.0	1.0	scored	unknown	additional_free_text_claims_not_semantically_verified		ce60db3f64098af3d779b53c324ed70f8b692116d2a0ef1d55f8af97644f89b5
391	MRO/2008/page_119.pdf-4	7	sealed_diagnostic	finqa_probe_slot:de9ecdc8af6aac7a31cc94a15c4f0687227cdf897e4fc02b235c14bc2af8fae7	nonempty	1	valid	True	1.0	1.0	scored	unknown	additional_free_text_claims_not_semantically_verified		9cf593acb433196e5e8da36cdc8ec3b3e9900b8b085df6d58398575b7f7d6b1a
392	LMT/2015/page_53.pdf-1	0	train	finqa_probe_slot:4a8edfecfc5dec0494c32bc90956066898654ff17007eae57ee25b8772b1d816	nonempty	3	valid	True	0.0	0.0	scored	unknown	additional_free_text_claims_not_semantically_verified		c81d33a8a0a9124c6f253832adf542f9bd60155a81b2e730ec5274d84fa07903
393	LMT/2015/page_53.pdf-1	1	train	finqa_probe_slot:ca9bbed26b8291c0135fdadbe1b4190a3c1cccd8137b86b65f043ccc0dd71416	nonempty	1	valid	True	0.0	0.0	scored	unknown	additional_free_text_claims_not_semantically_verified		c917eb79d020cb913d8b3911dde1e863a4dae833554b45c48cb13106ae707a16
394	LMT/2015/page_53.pdf-1	2	train	finqa_probe_slot:f7865aa0172caa9be9edac3d17c1c31dee3abeec9fbc930ccf2fc8559d8f70d6	nonempty	3	valid	True	0.0	0.0	scored	unknown	additional_free_text_claims_not_semantically_verified		7a73b7f8ebc9680d8ab6e7affc07399f7d259ba16891e8da047697ecf4885192
395	LMT/2015/page_53.pdf-1	3	train	finqa_probe_slot:703469d847f0e500f12b22b6eae903a3dcff20fa9047aee00baf4a024436b207	nonempty	3	valid	True	0.0	0.0	scored	unknown	additional_free_text_claims_not_semantically_verified		c59bf1bd05f6abe8a521f2b93ee4be7096969c306907c28f00a4cc4e61097bcb
396	LMT/2015/page_53.pdf-1	4	train	finqa_probe_slot:367f536950c1fe9c36f0f4fc0d8cb5534fbe8c04ff63f10da9a1cc9701e4967e	nonempty	3	valid	True	0.0	0.0	scored	unknown	additional_free_text_claims_not_semantically_verified		c8dfab04eb3157aa253262f3be04a517996d3feab1b6bb31325f7b865b673b02
397	LMT/2015/page_53.pdf-1	5	train	finqa_probe_slot:78eb3014408fe5557d83d9ce41ee6c2c6b5d2d557485a1f6828a9fbb36fca5c0	nonempty	4	valid	True	0.0	0.0	scored	unknown	additional_free_text_claims_not_semantically_verified		7d79b56b76f023fbaeb219c354fe22e7559d4ec59d87ccbcf1270fd15e63b027
398	LMT/2015/page_53.pdf-1	6	sealed_diagnostic	finqa_probe_slot:cbc036349001fecd1d195a1fdf91eff0dc2aee354b1434b77367361898e44d11	nonempty	3	valid	True	0.0	0.0	scored	unknown	additional_free_text_claims_not_semantically_verified		b7798b4e9511e0a9866312fbdcc036c9e0b0fd0ccc277a20b1362b8d689bdc3d
399	LMT/2015/page_53.pdf-1	7	sealed_diagnostic	finqa_probe_slot:9fb6582da6eebb3f7cf92c22220b351c999a78e553813545231c640f3d05b3ce	nonempty	4	valid	True	0.0	0.0	scored	unknown	additional_free_text_claims_not_semantically_verified		e42e124c6771ba87a347c6e390b5ff970c80dd321c0bdb06694ce66350caf52a
400	C/2015/page_73.pdf-2	0	train	finqa_probe_slot:242c4d4d165ef6d3cbcd014d4b493da5735e4128d6c0679392baeff60ee779ff	nonempty	2	valid	True	0.0	0.0	scored	unknown	additional_free_text_claims_not_semantically_verified		5dd4597fd3212fa70f305a4756812baca8e9ac4cefad830f2cb6f0bc3c346d7d
401	C/2015/page_73.pdf-2	1	train	finqa_probe_slot:ccbd84be78d19e80008581d8c325891bcaaf225e478a50fc8ab5a2a9d844150d	nonempty	1	valid	True	1.0	1.0	scored	unknown	additional_free_text_claims_not_semantically_verified		fecc528dba11a8befd73fe1b15a0a34897a3f90364ec7458be000b5064b5aa15
402	C/2015/page_73.pdf-2	2	train	finqa_probe_slot:1127bdb1b097490f3aa42db17e47b3e47d24c6bb520f36a1c23b94f2f8b4a365	nonempty	2	valid	True	1.0	1.0	scored	unknown	additional_free_text_claims_not_semantically_verified		85693c59965dd734a9428ef43f8954ce4d1255350b6def853cad0b39d842721b
403	C/2015/page_73.pdf-2	3	train	finqa_probe_slot:a5c3fac40c2b0cd968755f2747f40c924f84a1eb7ce47cd91bb7c424e22db134	nonempty	1	valid	True	1.0	1.0	scored	unknown	additional_free_text_claims_not_semantically_verified		94a966fc60bc65c97728f9efaf6eb4a8ddd7ae2aa095dd50153d6d8fb222bfc7
404	C/2015/page_73.pdf-2	4	train	finqa_probe_slot:51e21a3909a59083d8fa30c3ef714a35b0c0617e8fab79bfbdfe7fbbbfe4f9e9	nonempty	1	valid	True	1.0	1.0	scored	unknown	additional_free_text_claims_not_semantically_verified		95393f434b7c2d9ff91dc8aaa4de7101f8a9de0073e08f609b2984b88b9331b6
405	C/2015/page_73.pdf-2	5	train	finqa_probe_slot:ca2d10e468acbf3cf2ffb6676eb97733bb8b9f5c96236119afd7170aa861c19b	nonempty	1	valid	True	0.0	0.0	scored	unknown	additional_free_text_claims_not_semantically_verified		f88cc7515f573945e521879a251606577ebf565c1c081231dd52d971d9b99d5a
406	C/2015/page_73.pdf-2	6	sealed_diagnostic	finqa_probe_slot:2e69b17bcca105393fa5ac631ae565dc1725f1437bbb478511fdb1790ad75729	nonempty	1	valid	True	0.0	0.0	scored	unknown	additional_free_text_claims_not_semantically_verified		7833d60ba970238995719097cc69499b6d9e95e03547a2bd034ab37cde5e03c0
407	C/2015/page_73.pdf-2	7	sealed_diagnostic	finqa_probe_slot:1f661ba11e7c5d9d2e12223e1e1690a6ec3a93e2b1a8c92063f2ca82e49ae125	empty	0	valid	True	1.0	1.0	scored	unknown	undeclared_Final_dimensionless_scale		0c78408e8879d736e27a9f67aaeb711d7c0b6558d02e11da9df146e19d81b87e
408	C/2015/page_46.pdf-1	0	train	finqa_probe_slot:d7c5d8e4fb677cc26c4a088e68c53dc0f4735fa9ecd8be10e626b31237d68ec3	nonempty	3	valid	True	0.0	0.0	scored	unknown	additional_free_text_claims_not_semantically_verified		518204c5e956519dd0112d254e412c2c03bbcd21132a2a40651911445bc379ce
409	C/2015/page_46.pdf-1	1	train	finqa_probe_slot:2f0c27f3710068b6501edcd092df23c1a66a1d8b06856788693c975b01ec7596	nonempty	2	valid	True	0.0	0.0	scored	unknown	additional_free_text_claims_not_semantically_verified		c2dae47a40adda41246667e865571c71f16650ebf9feba28a7762ab3d4e32360
410	C/2015/page_46.pdf-1	2	train	finqa_probe_slot:b993b03dadfdaa1f70e2132ae5419109aec116798877252315873c6721059440	nonempty	2	valid	True	1.0	1.0	scored	unknown	additional_free_text_claims_not_semantically_verified		b8d86a1d16b4699b764944936f59b13331d53e3708a1dab1262e98c1102ba299
411	C/2015/page_46.pdf-1	3	train	finqa_probe_slot:97e732177ec6528c9aaa02a9c73e8422c8e1e9e57dec3fdd61c52319f8b4d30c	nonempty	1	valid	True	1.0	1.0	scored	unknown	additional_free_text_claims_not_semantically_verified		cd2986f7bb3faf2295d461905555832a412d0c2a17ca405e8da689f5b65aefc7
412	C/2015/page_46.pdf-1	4	train	finqa_probe_slot:a1edad7dc8629e4810782dd59736000f5d2913540188c59d71e5d0a7920fd1c3	nonempty	3	valid	True	1.0	1.0	scored	unknown	additional_free_text_claims_not_semantically_verified		be4b18e72624167f6af636f67bcc691397539d1c28347e75461d7033405bb0b1
413	C/2015/page_46.pdf-1	5	train	finqa_probe_slot:a73f4c40ffa16a5d8d127b601e4c3daf413982df17c99707e92ea624ce22b74d	nonempty	3	valid	True	1.0	1.0	scored	unknown	additional_free_text_claims_not_semantically_verified		902fecb68680c28932a691f0142c3ddbf09e79e425fa30032fbd6348ca42d8cd
414	C/2015/page_46.pdf-1	6	sealed_diagnostic	finqa_probe_slot:03e962148b9e19f5912bcb0a8e71ec5c24cf809a1cf6f48f4951f81608b7da57	empty	0	valid	True	1.0	1.0	scored	unknown	Final_currency_scale_outside_finite_policy		ce00e04bfdf83a46a3e805c1d34a31c0a7f216cec61012e065126707e9e50e8e
415	C/2015/page_46.pdf-1	7	sealed_diagnostic	finqa_probe_slot:79eedfb9d76fce91aa284e51d7e98615147a36a14b8f140975ea0ea4fde2abb4	nonempty	2	valid	True	1.0	1.0	scored	unknown	additional_free_text_claims_not_semantically_verified		b93d1176ca2d77b765173a999b3c731c8ca4c3fc0ea924f3fc3734bf1604e8d7
416	CDW/2015/page_54.pdf-1	0	train	finqa_probe_slot:52627af15153c9df0481946704cf93b5772022977829ca19c51e215dddcdc8c5	nonempty	1	valid	True	1.0	1.0	scored	unknown	additional_free_text_claims_not_semantically_verified		3812dca317f28f17519b4a7c137511870d13cb54ce97a5fc14bffb5e2df13c51
417	CDW/2015/page_54.pdf-1	1	train	finqa_probe_slot:7a578f7df3ba8012e161ede2f274b0be0a109c27541b270edd6a5f9f4aa91439	nonempty	3	valid	True	0.0	0.0	scored	unknown	additional_free_text_claims_not_semantically_verified		8d23d2aa97b86945a1a781b15fff5f723a4999bf6eda93a1c457492d8719ac7f
418	CDW/2015/page_54.pdf-1	2	train	finqa_probe_slot:793d8337f4de74187e79ca503665d39e2082988ba6cc8ceaa3eb0956499dff82	nonempty	2	valid	True	1.0	1.0	scored	unknown	additional_free_text_claims_not_semantically_verified		9fef4ed70830ccd9a90d6eff7819d27629b6109c00b9750c81e8b844b5cdae00
419	CDW/2015/page_54.pdf-1	3	train	finqa_probe_slot:bded358f4265bac8239d3b84d841b11f340b581d43567c6100cc37f8509c1601	nonempty	2	valid	True	1.0	1.0	scored	unknown	additional_free_text_claims_not_semantically_verified		52a5ed2dfbd2e61a38948f566fbb7ededb50ebe26b167c880f6eca07c5845152
420	CDW/2015/page_54.pdf-1	4	train	finqa_probe_slot:9eff3f7b3ba2d363c6bd70117ca05739a82ec0a9d21ff379eaf428c7aa08f0b4	nonempty	2	valid	True	1.0	1.0	scored	unknown	additional_free_text_claims_not_semantically_verified		aef244cbfcb50be8570879c8bd48194071c2c9236c0b539263a89a9844c3abfb
421	CDW/2015/page_54.pdf-1	5	train	finqa_probe_slot:d61426aba2e710b5b2c7fa42c5e4e2a857a8d932a9231d130d4c5d31b9568b5b	nonempty	1	valid	True	0.0	0.0	scored	unknown	additional_free_text_claims_not_semantically_verified		740664c3068c48f542a801e7eb743df2e53c4648145f2e52508f19ca286b75fd
422	CDW/2015/page_54.pdf-1	6	sealed_diagnostic	finqa_probe_slot:e7670ec969f2e4ca29c50b1f6077ce5c389308f7701b994218fae10b44bf03cd	nonempty	3	valid	True	1.0	1.0	scored	unknown	additional_free_text_claims_not_semantically_verified		c175b84dc6fe24ea073111fb48c603a78a722a4811457adfd4f0cc57c7d6ff37
423	CDW/2015/page_54.pdf-1	7	sealed_diagnostic	finqa_probe_slot:70dee575eb667fdfdf190d5cf85949e52939ee084fb27e0df843ed0283dfe55e	nonempty	2	valid	True	1.0	1.0	scored	unknown	additional_free_text_claims_not_semantically_verified		9793f018c9a5c68dd255b82a96e30a5e7471a41fa7f1bf21ffe743d0d5a8cdca
424	LMT/2014/page_85.pdf-3	0	train	finqa_probe_slot:b7624e966e6f2b068bcbafdd96bbc18c4f0119e4b84f755a207cac8e7cba7c91	nonempty	3	valid	True	1.0	1.0	scored	unknown	additional_free_text_claims_not_semantically_verified		2c6327958c9d64c6e1547b7e5b01801afc91c12d87ab7d48fb7ec60d8f6d75c1
425	LMT/2014/page_85.pdf-3	1	train	finqa_probe_slot:1b77c7062b68a04eb69b832bdf3d8e9f6863c43b47339c634f5b43b1515bdeaa	nonempty	2	valid	True	1.0	1.0	scored	unknown	additional_free_text_claims_not_semantically_verified		70eb81aa076a24dd01d9898f8523329fbbb2deed73b97ab4b27231c315ba1b83
426	LMT/2014/page_85.pdf-3	2	train	finqa_probe_slot:2c5d5cff99346a6e9fb05c9b150c243d389b10c466f0c73f9358d86473622e5c	nonempty	4	valid	True	1.0	1.0	scored	unknown	additional_free_text_claims_not_semantically_verified		734774e4acff8191c5135fa6f830c0ba0f106f3e7e5aebba6f3ab504a1c672b0
427	LMT/2014/page_85.pdf-3	3	train	finqa_probe_slot:8ca6d230891dded8c490bb9f8df58b77bab415bb0a0401287273bd9d90a678fe	nonempty	4	valid	True	1.0	1.0	scored	unknown	additional_free_text_claims_not_semantically_verified		041955e0ead496cd367cba5aa8aaafc068bf9ea0b44e047ddd65d8cf5c3ce2e5
428	LMT/2014/page_85.pdf-3	4	train	finqa_probe_slot:05103e542b82e53e4fc464b24ef397f99680bacd3579cce15d7f19e8f2e1ba9e	nonempty	3	valid	True	1.0	1.0	scored	unknown	additional_free_text_claims_not_semantically_verified		07b09e3fa0955d5f2e65d3dcc61b9f91dffe567c8debe2163c476814fa14101b
429	LMT/2014/page_85.pdf-3	5	train	finqa_probe_slot:c7ac6d1d2a9e0e3587dd3db53f6a8316f5dc3f0bd5d1d95d34200fbc8daff855	nonempty	4	valid	True	1.0	1.0	scored	unknown	additional_free_text_claims_not_semantically_verified		2abb5502cbc8fe77e2c63dba556ebc1505b03619c2b9a72cb22862e21e07ff87
430	LMT/2014/page_85.pdf-3	6	sealed_diagnostic	finqa_probe_slot:fab47e4af538bc02e9d2c1fe7b235ee18b815af597c1e799a1249cd4aac37697	nonempty	4	valid	True	1.0	1.0	scored	unknown	additional_free_text_claims_not_semantically_verified		f2a6d1961510faf422640dc628889da57661cea49195d53742898c61b7010817
431	LMT/2014/page_85.pdf-3	7	sealed_diagnostic	finqa_probe_slot:6f3a3485d48ab6db567c3253f20def25b1a332082405263d81cdddd0be17faf6	nonempty	4	valid	True	1.0	1.0	scored	unknown	additional_free_text_claims_not_semantically_verified		2964dc099ebdd338ea22759382d270c0e4c7db5fb832f009f16af1333cf0e8a3
432	MRO/2012/page_40.pdf-2	0	train	finqa_probe_slot:38842463791c32722891b7860a3afe41086b836711486993ea82fa1652b4365b	empty	0	valid	True	1.0	1.0	scored	unknown	undeclared_Final_dimensionless_scale		f1efd34e64844a32653298f7e268c46a781ef28126a2dac87717ebc08b061a3e
433	MRO/2012/page_40.pdf-2	1	train	finqa_probe_slot:cf2fa9d7427c4da1147ed37ab04885ac9947d3c9c6ba8cc427a72334269e8380	nonempty	1	valid	True	1.0	1.0	scored	unknown	additional_free_text_claims_not_semantically_verified		e1a815b190c396acf969e939facac559e45b2ef83f7f5e8eabecf766a16b1cd1
434	MRO/2012/page_40.pdf-2	2	train	finqa_probe_slot:fef1b12efe9b769674201df34c9aac602202d707e94605480be414cf41a95d5f	nonempty	4	valid	True	1.0	1.0	scored	unknown	additional_free_text_claims_not_semantically_verified		1ad06878eba251eb2979281290b1d2903d5f0398275c4b57d2dd1ffe37484a0f
435	MRO/2012/page_40.pdf-2	3	train	finqa_probe_slot:024a675215318ad80287ddae04e75ead9eb44649329dc5af54a8b7cf3066ef5b	empty	0	valid	True	1.0	1.0	scored	unknown	undeclared_Final_dimensionless_scale		187fa5ea96bea87dd2b8813cc52ab6eb106c924c51beb2332ae2b9d6c4b76394
436	MRO/2012/page_40.pdf-2	4	train	finqa_probe_slot:b7a423498acdaaf79efbec00adf7b75e20c467376a341c3b3f09af3263342374	empty	0	valid	True	0.0	0.0	scored	invalid	submitted_program_result_contradicts_anchored_task		f49043801dcaaf216f0869eefa178c1a7ce56dde83ed2230de5cf6784eba815d
437	MRO/2012/page_40.pdf-2	5	train	finqa_probe_slot:f9e1800b52d8a7cf1bd287b5049d830df0c81e58a9cd8a797d3efa45c2143b5b	empty	0	valid	True	1.0	1.0	scored	unknown	undeclared_Final_dimensionless_scale		6d3471d4036418af292d70a9cf9d652f8758826cd03e0432ebed94306215b5cd
438	MRO/2012/page_40.pdf-2	6	sealed_diagnostic	finqa_probe_slot:0c4292bf4de4f17f1a440430ab46f09f9ac2c879b9ce3878efe870306c9957ab	nonempty	4	valid	True	1.0	1.0	scored	unknown	additional_free_text_claims_not_semantically_verified		f90ed30bb1a5bd5e2adb449b8a6f9407bb08d129f8a174796ee92ee3e808f357
439	MRO/2012/page_40.pdf-2	7	sealed_diagnostic	finqa_probe_slot:cdd1e033fc7ba2020150c031276df9c16fe600bb1cca103e3a4e8cc807445bdf	nonempty	4	valid	True	1.0	1.0	scored	unknown	additional_free_text_claims_not_semantically_verified		451c07ddee9db70b74788eba69740aa1938281307efbe65d52d08ff843ab711f
440	RE/2013/page_109.pdf-3	0	train	finqa_probe_slot:d5962667e2a455f827508095676577c771ef7c04ac7c03759d56d0b638c408df	nonempty	2	missing	False	0.0	0.0	invalid_prediction	invalid	normal_terminal_has_no_completed_Final		a66cc586bdc4a2edd4b08c85efd2065a7b4c33c6174ec12b6eaef2e8b9d7f2eb
441	RE/2013/page_109.pdf-3	1	train	finqa_probe_slot:ca95d058413875f851ed86e5f206443c056c0d94d395255663f5eb8e6fb88f6b	nonempty	4	valid	True	1.0	1.0	scored	unknown	additional_free_text_claims_not_semantically_verified		00bf1e1e3baf64f1627ba388b3f4978c4f679c24607d4b1bf5b06a15afd8e222
442	RE/2013/page_109.pdf-3	2	train	finqa_probe_slot:ba7a27176f52ff3e5245e455993b9f08cdca75e7d018f05f819ec07a3132d0a0	nonempty	1	valid	True	1.0	1.0	scored	unknown	additional_free_text_claims_not_semantically_verified		68b3dc241b868ff2d1ef3094272a96335109492295565f008122ab6b57f411d0
443	RE/2013/page_109.pdf-3	3	train	finqa_probe_slot:a8df4f352724a21d882c78f509c29b56500855b2179662e0c06062f2a19f747f	nonempty	1	valid	True	1.0	1.0	scored	unknown	additional_free_text_claims_not_semantically_verified		d2c2bbc437a1a705a62604a7d40d05e57f455e61f62db2902223340f8e51d92c
444	RE/2013/page_109.pdf-3	4	train	finqa_probe_slot:80a4c8cc9513b93c3f82ecf4c07dfa09259bb67ad26c72ae2e1c1f0f99fd9339	nonempty	1	valid	True	1.0	1.0	scored	unknown	additional_free_text_claims_not_semantically_verified		6cdc6299822c395793f911420a703cea6c28cbdfccc22089da330016b40a9399
445	RE/2013/page_109.pdf-3	5	train	finqa_probe_slot:4fd7c19dc022562919d84433112c8296544c78f4c547f0cb08d18d40577ad261	nonempty	1	valid	True	1.0	1.0	scored	unknown	additional_free_text_claims_not_semantically_verified		528fc43cfae70d7be4e4badadcc81d5a388290a8159d5a9302f9e7442ab422fa
446	RE/2013/page_109.pdf-3	6	sealed_diagnostic	finqa_probe_slot:447ca00783ae360bd1fc2c3f76db8933ad49275db13b2e3788ac4683eff07315	nonempty	3	valid	True	1.0	1.0	scored	unknown	additional_free_text_claims_not_semantically_verified		56d7a25e4f9b0cca9bff36e85b363f728a198139a44e25f3d19887304286cc53
447	RE/2013/page_109.pdf-3	7	sealed_diagnostic	finqa_probe_slot:4d61f1da580b3903e4fc76e96825274cc54b2862340b914515afca456a0d53be	nonempty	4	valid	True	0.0	0.0	scored	unknown	additional_free_text_claims_not_semantically_verified		8db8af0e8a247533592eb6411533f06c686fc5ccb034cee60a28bd9dcdedea30
448	IP/2018/page_50.pdf-2	0	train	finqa_probe_slot:2eae5725ae9062d3b35d00abb043372ec56cb4b8b6995a9efabb1a810a9d525a	nonempty	4	valid	True	0.0	0.0	scored	unknown	additional_free_text_claims_not_semantically_verified		43f1840974427c1238d2b7adfe658e5750f41d153a517f61885682b42f1618af
449	IP/2018/page_50.pdf-2	1	train	finqa_probe_slot:aad63166c058470ee2e2c9ad1bb5ea5a25485c3421ffc44cbab74441cdf44b5a	nonempty	3	valid	True	1.0	1.0	scored	unknown	additional_free_text_claims_not_semantically_verified		98358646c4cd00f69f9cae20d07435fd2514b574055472ba1840ce08591a4fa2
450	IP/2018/page_50.pdf-2	2	train	finqa_probe_slot:ff9ea0c5375c608da6dc0bcdb4de017810c0f492c1678a3b380ddae2a4d2dcd6	nonempty	3	valid	True	0.0	0.0	scored	unknown	additional_free_text_claims_not_semantically_verified		bd1eb18359cce603fbff7f7e8b41b675e31206aedfe08ff20a4d856196f2b158
451	IP/2018/page_50.pdf-2	3	train	finqa_probe_slot:35ef76e5613f07ad2bf8264f94e5462cf33313982e8eaaec485ff09f1f86dfc0	empty	0	valid	True	1.0	1.0	scored	invalid	Final_value_or_declared_scale_contradicts_source_bound_program		0e0b5f3d4c85c927091a87e21008bd01311d3c75b5048b35c33d943505ff9bc4
452	IP/2018/page_50.pdf-2	4	train	finqa_probe_slot:ce284fa2f640aa3579a7b35903d21edc739c57f930a853e148a87d80091eb0f9	nonempty	4	valid	True	1.0	1.0	scored	unknown	additional_free_text_claims_not_semantically_verified		1078f95cc90bbd9b6e772c0a45dacac478514098221f224b88e8d872bdf3a307
453	IP/2018/page_50.pdf-2	5	train	finqa_probe_slot:f5f44fdfe736786061987500719ee878a8aaa1e140e15ab336a707ebaeb82d64	nonempty	4	valid	True	1.0	1.0	scored	unknown	additional_free_text_claims_not_semantically_verified		22515c0cba616e85196fd55ec4fc7709dfa80c7969b88ed1aff8f5b778a5947d
454	IP/2018/page_50.pdf-2	6	sealed_diagnostic	finqa_probe_slot:8e8ac7e3ebf2e3e47158b8162a74e78bee2441eaca06e7c55b14f80f1b3188d8	nonempty	4	valid	True	1.0	1.0	scored	unknown	additional_free_text_claims_not_semantically_verified		1a2bd679656147fa411a2014ef1e08264b0031edb59c91bf83f804acb1a2ea3c
455	IP/2018/page_50.pdf-2	7	sealed_diagnostic	finqa_probe_slot:792fb0a530bd799b0f8e18d01443eb11973a122cd30e6020158ca8232e667895	nonempty	3	valid	True	1.0	1.0	scored	unknown	additional_free_text_claims_not_semantically_verified		c17605d892ffd0e35230e8415a41aaaaa2222452a35ba8297ff2e0799489145d
456	LMT/2014/page_47.pdf-2	0	train	finqa_probe_slot:81e96da13f158382868b7e6b9d490cd9aaafed3c52e3d5b0d5b31ee374d4dbb4	nonempty	3	valid	True	1.0	1.0	scored	unknown	additional_free_text_claims_not_semantically_verified		e033125a92ea5b720d5e427533ef9af3096ab5808701fceda7a9384121dfda45
457	LMT/2014/page_47.pdf-2	1	train	finqa_probe_slot:850ef9d823d9ee6c0cb379b4dc1275d865a6a0e41d4c78b089511595443a7884	nonempty	3	valid	True	1.0	1.0	scored	unknown	additional_free_text_claims_not_semantically_verified		614f53fa6ef72bd083adc392a7970562bc7e00842dee26f6f852abf6717ff35e
458	LMT/2014/page_47.pdf-2	2	train	finqa_probe_slot:372594645248bce02f09a9e007a04ad910a4ef46b7697903a123e7d5f09170ac	nonempty	3	valid	True	1.0	1.0	scored	unknown	additional_free_text_claims_not_semantically_verified		eae220dd19f4d521d2f67c72fa36672a61d9eaadf3bbf8cc958681621ea3e04c
459	LMT/2014/page_47.pdf-2	3	train	finqa_probe_slot:a983ec023280fa4b01aff5ea9b3d7c2712b0475b632e404dc597631661899196	nonempty	2	valid	True	1.0	1.0	scored	unknown	additional_free_text_claims_not_semantically_verified		2c0f11ae29413b726a070149892c94a2d85f4b4c7f439251de36d6ae78da755d
460	LMT/2014/page_47.pdf-2	4	train	finqa_probe_slot:a6eed6b8dce2cf29563fc6c771a7818b0633a0bbaed3651f02e728870edf4922	nonempty	3	valid	True	1.0	1.0	scored	unknown	additional_free_text_claims_not_semantically_verified		fddbb72a79bd6cef30fbf1350bbee75af8cf57c725c3b0681cc3d553b23309be
461	LMT/2014/page_47.pdf-2	5	train	finqa_probe_slot:5860694499b8d4b60cfe7244ffcad662d69689d4346cc25640447d0efdc17670	nonempty	3	valid	True	1.0	1.0	scored	unknown	additional_free_text_claims_not_semantically_verified		af62673098587f6cde5bb6d524c9675d76bf96bc66324bb575d84e9545c0cd35
462	LMT/2014/page_47.pdf-2	6	sealed_diagnostic	finqa_probe_slot:7db745f1d5a0d652e7c2f2ee8c91bf4f5365ce91f7baccbc3662cc9bbdac7099	nonempty	3	valid	True	1.0	1.0	scored	unknown	additional_free_text_claims_not_semantically_verified		23287772a2750caaf58a4c36a711c6605393856ffb7773c371f7d43cedd5226c
463	LMT/2014/page_47.pdf-2	7	sealed_diagnostic	finqa_probe_slot:b8131f259bcaff2d2723f32935a16d483fad9ba3205d807ef9beb471c66186be	nonempty	3	valid	True	1.0	1.0	scored	unknown	additional_free_text_claims_not_semantically_verified		bab0f2b1102d8e43a3955486b0468dd04b2b346e673db44be97980519eb8a0c2
464	LMT/2015/page_86.pdf-2	0	train	finqa_probe_slot:a13e4c36303d58f9b00a9984c1cc42902da163a4b51dbcfdb94e5b9f7c345646	nonempty	3	valid	True	0.0	0.0	scored	unknown	additional_free_text_claims_not_semantically_verified		c1928379feea75cb8d02051a49bb2f685be8d1b5e8e10b40f4c4b29b43afe66f
465	LMT/2015/page_86.pdf-2	1	train	finqa_probe_slot:59fd4a48d5625ab277120a534853f67fa966ca59df61aadbe20a499b05de0636	nonempty	1	valid	True	0.0	0.0	scored	unknown	additional_free_text_claims_not_semantically_verified		bc2bf4a672902a367d05a587705b62fd13d4a0c7db360f6c399a7b620a5cd1d3
466	LMT/2015/page_86.pdf-2	2	train	finqa_probe_slot:f839c3a9d9f9de18bae1f16f2feff511ec0a6d432f8e7fec01055525851247a4	nonempty	1	valid	True	1.0	1.0	scored	unknown	additional_free_text_claims_not_semantically_verified		6c220f96a1e7962ebaaa7eb633cdd360832277acecb875dd237bfa0b255f2801
467	LMT/2015/page_86.pdf-2	3	train	finqa_probe_slot:796d62ec1cfff6dc4d270bdeebba1d785458c852002981e1cb5d1cab1b599910	nonempty	2	valid	True	1.0	1.0	scored	unknown	additional_free_text_claims_not_semantically_verified		93c24a3aeba5810f3ddf5485b666482d4abe9a8c474f872c423468c8c98f781f
468	LMT/2015/page_86.pdf-2	4	train	finqa_probe_slot:447288bcc3c2c086e2e2991a76c685ab40149ca1962d3fb88d8bb8e0e9402f6f	nonempty	3	valid	True	0.0	0.0	scored	unknown	additional_free_text_claims_not_semantically_verified		161f7d784a4f0033dd3c66a0f6991dd2ee51af76b8879bc29d6d6d065ab0d4d4
469	LMT/2015/page_86.pdf-2	5	train	finqa_probe_slot:87c83506435647c31397705348b38fb745295d166030e954b933ad1db668903e	empty	0	valid	True	0.0	0.0	scored	invalid	submitted_program_result_contradicts_anchored_task		3f26223f65f9d438dafee151ac48a4c62bc32f140bc835283226720bafadabdc
470	LMT/2015/page_86.pdf-2	6	sealed_diagnostic	finqa_probe_slot:fe9345f06034ccd19a00026a2f70e8d6988f77351c9777a38eb54687ed25107d	nonempty	2	valid	True	0.0	0.0	scored	unknown	additional_free_text_claims_not_semantically_verified		339ebdbc76857995da9fd5003fd7849eafec197cc9ccd84c98466c136164d164
471	LMT/2015/page_86.pdf-2	7	sealed_diagnostic	finqa_probe_slot:514094d31466806dddf51eebe3bd01a62c0b284d0ac92252a50aaf0679a7bb79	nonempty	3	valid	True	1.0	1.0	scored	unknown	additional_free_text_claims_not_semantically_verified		75a2762db87a25263d9a8a687af619b4fe6e45e0d53f3ca24c14983d365ba955
472	IP/2006/page_84.pdf-1	0	train	finqa_probe_slot:776f8e093f493393c500a1b0beaa1cbcaf537c0c715786dbf47ad7f57f14dc9d	nonempty	1	valid	True	0.0	0.0	scored	unknown	additional_free_text_claims_not_semantically_verified		3483d473e5726aec3cf4036055648e02a0479c3d7c6919584ae7b0d82658c27f
473	IP/2006/page_84.pdf-1	1	train	finqa_probe_slot:14f493cbd1d755bfff95f961b47c45cdefcc2e3bfd82c61a48b63b570a50b4cb	nonempty	1	valid	True	0.0	0.0	scored	unknown	additional_free_text_claims_not_semantically_verified		3719b05e34b4fd5d6cf0c77e6600eea4f98184542f9745c1a7cac3165479b770
474	IP/2006/page_84.pdf-1	2	train	finqa_probe_slot:43d6d4fb0b4ec354db7e633933e7be8396b41276987d41ae2c7d9111dd69f570	nonempty	2	valid	True	0.0	0.0	scored	unknown	additional_free_text_claims_not_semantically_verified		306f9a6257be3bd55b24632a85475f2a27401b8e2db622ddb86ef40a7fdd7613
475	IP/2006/page_84.pdf-1	3	train	finqa_probe_slot:f117dae8a4258154e19634edb934e7ff6dc215ffa05913da6dcca9ec2eb9f521	nonempty	3	valid	True	0.0	0.0	scored	unknown	additional_free_text_claims_not_semantically_verified		de84893b6ec91d36d08b9d6b807c9ecf35c1678935190b40ed333bf23b7898d5
476	IP/2006/page_84.pdf-1	4	train	finqa_probe_slot:9fd61084b1b58c45982e1f9d14ec46363811c35c23d72a6ae840572dfc391b35	nonempty	4	valid	True	1.0	1.0	scored	unknown	additional_free_text_claims_not_semantically_verified		b7cfd819de550029f5a160aefb8c32b7aabfbcab99602210de2ca1c698de5eae
477	IP/2006/page_84.pdf-1	5	train	finqa_probe_slot:13d8c50521df31096774be828a0a478c75fdba8c97fd41aed6154b09458a8daf	nonempty	4	valid	True	1.0	1.0	scored	unknown	additional_free_text_claims_not_semantically_verified		c0f8e18576bc1171b844cbe7411f66e984b52390eaaa300577d3f0b27711f775
478	IP/2006/page_84.pdf-1	6	sealed_diagnostic	finqa_probe_slot:6d062676dbf7a021ec7052157f7e29da6f88f8bb0375065aa99a46376eb203d9	nonempty	3	valid	True	0.0	0.0	scored	unknown	additional_free_text_claims_not_semantically_verified		3ee16b3b2bf7228bca3e5cb55a1afb8fa81194d1cfbc001320fb07f9991f0561
479	IP/2006/page_84.pdf-1	7	sealed_diagnostic	finqa_probe_slot:bafe76f43f494ab33874f864ec46bbcfd14b4d8a362e9bdd2cbaff595f9a2268	nonempty	4	valid	True	0.0	0.0	scored	unknown	additional_free_text_claims_not_semantically_verified		b0b8d86deffd2803c44cc11154cd87f7b5a1229dbb92f4be3fa2b99c7be13882
480	HFC/2011/page_92.pdf-2	0	train	finqa_probe_slot:8232e7d47eb1fc1022b374146600068da8e94b24b4ee01e14c67fed62a32a7c1	nonempty	1	missing	False	0.0	0.0	invalid_prediction	invalid	normal_terminal_has_no_completed_Final		cd3033db0db82839146b5b7e6c3ca7e6678aa33b190577f29b2dd1c07aa96a48
481	HFC/2011/page_92.pdf-2	1	train	finqa_probe_slot:9e4cadb5cf014dc789f3487b081c24a0c5075a2d2a86eed2b60b69dbe5d6f246	nonempty	1	missing	False	0.0	0.0	invalid_prediction	invalid	normal_terminal_has_no_completed_Final		a5e79bdf8bf3f30648319813af10ec8e464236d2ce409577b83b23ebc91d7277
482	HFC/2011/page_92.pdf-2	2	train	finqa_probe_slot:95ff638c0fd7c613f9e67d99503654efa2b3f164231b56cab71a0fdbedd2428c	nonempty	1	valid	True	0.0	0.0	scored	unknown	additional_free_text_claims_not_semantically_verified		f89d1f569a9caa57c86a3872a4ffe68a24668e12a19966c1a58db8587de5a163
483	HFC/2011/page_92.pdf-2	3	train	finqa_probe_slot:7dc8316313a8db5b0e149bb30983cb72651967516606f53940a5bf3575cd2da8	nonempty	1	missing	False	0.0	0.0	invalid_prediction	invalid	normal_terminal_has_no_completed_Final		4dcbaac1262055ce3d7cf39953d9d925f2aabad26027d370c858b361f85bf602
484	HFC/2011/page_92.pdf-2	4	train	finqa_probe_slot:2929be23f7333c67a21cc124f0d2f6de432bcd0b136ec9d59eb06066044a2294	nonempty	1	missing	False	0.0	0.0	invalid_prediction	invalid	normal_terminal_has_no_completed_Final		bd62bd7c7e441ce4bc8b48de86cae6412604cdd238b58d758a5f4478ecb29011
485	HFC/2011/page_92.pdf-2	5	train	finqa_probe_slot:0897f4ac3c51725af8bd3ba2837f0ce4bb1c2e47818ee6b3796d271be8e4653f	nonempty	1	missing	False	0.0	0.0	invalid_prediction	invalid	normal_terminal_has_no_completed_Final		de53eab053876cb2c4c2aef24dbf7256a7f77dc4e67206cf6ff3cc5d12503b25
486	HFC/2011/page_92.pdf-2	6	sealed_diagnostic	finqa_probe_slot:a095fd9927eef31306fb6b750f9291f1fb07c97b66cf6fedc34b5c1f8034ee5d	nonempty	1	missing	False	0.0	0.0	invalid_prediction	invalid	normal_terminal_has_no_completed_Final		445f4ee935adfc19f4ff4b2412160ac66ff93cae38e4308000e33a84034b91c5
487	HFC/2011/page_92.pdf-2	7	sealed_diagnostic	finqa_probe_slot:2ff856249f4117882cfc26488d0209a87c7f51726c4b15eed2c5d41ad16f8a5e	nonempty	1	missing	False	0.0	0.0	invalid_prediction	invalid	normal_terminal_has_no_completed_Final		f725f64e630a3941d76cd0ecb00e1a0fe74de765374d0e4974b42918a9a64b86
488	AMT/2004/page_76.pdf-1	0	train	finqa_probe_slot:03b2dfd42e67e117808deec68b5023c26df91c9903fef57eeee47f0762225f42	nonempty	2	valid	True	1.0	1.0	scored	unknown	additional_free_text_claims_not_semantically_verified		755aa13ef3505bc67f54b18aa4ea59b648bf799188221612a3e473e832f9c5c7
489	AMT/2004/page_76.pdf-1	1	train	finqa_probe_slot:60d9582719ab40bfd575b4fe342cd6f5bcf6bd6b569b87e42a986626e4ef292f	nonempty	3	valid	True	1.0	1.0	scored	unknown	additional_free_text_claims_not_semantically_verified		87f901ecb5cf549762dea0f109f560d9144fcf1f0b59c1d7d98d54aa56e6fc78
490	AMT/2004/page_76.pdf-1	2	train	finqa_probe_slot:1a7c9e8ba592bde57f45dab4c442edc35d2dd984436d69af809e4cfd6d9467e5	nonempty	3	valid	True	1.0	1.0	scored	unknown	additional_free_text_claims_not_semantically_verified		a1646552cc9b20fb9544fd3f6a7339d8f03d1721325319f166f0e8a44508fa9f
491	AMT/2004/page_76.pdf-1	3	train	finqa_probe_slot:e8e01cc80a56111cd7f96d2f95e4a09a58f92bd0c1dcfa7d5decfbba59994f4e	nonempty	1	valid	True	1.0	1.0	scored	unknown	additional_free_text_claims_not_semantically_verified		78d9d822c8bb5e71903c3ab434f392f543f427af52aaaa84c880a88338e43fe7
492	AMT/2004/page_76.pdf-1	4	train	finqa_probe_slot:cce8f317f91249061369bcb82d06c63da058ba3b8a20ebb6dc3b96978a194459	nonempty	1	valid	True	1.0	1.0	scored	unknown	additional_free_text_claims_not_semantically_verified		ebe01bcf777e4f80223b7999087e37f3efc77769bfaf159613ece83c71e0a49b
493	AMT/2004/page_76.pdf-1	5	train	finqa_probe_slot:3f301150d6ad9e5acad79739e7576d6afdc6c6c064dde8a6151ad44c0ea5fe73	nonempty	3	valid	True	1.0	1.0	scored	unknown	additional_free_text_claims_not_semantically_verified		31cf0c7f603385df7651c00e107fe3a77cd721fb94d5845ec3910a78bb791e9c
494	AMT/2004/page_76.pdf-1	6	sealed_diagnostic	finqa_probe_slot:82a8554bb57d714004f1f1112d7d0c175997f70b2cc0cbf600167d9d0250a987	nonempty	1	valid	True	1.0	1.0	scored	unknown	additional_free_text_claims_not_semantically_verified		9ecee64a050a564573c31b19534e610ed21112850bcf4f66ec96050b47f8cf40
495	AMT/2004/page_76.pdf-1	7	sealed_diagnostic	finqa_probe_slot:37bdf07f7c82d7421b436949d6fac4a55f04e2af9bd316a26ec36ed33846d282	nonempty	1	missing	False	0.0	0.0	invalid_prediction	invalid	normal_terminal_has_no_completed_Final		274b42f07f3ff6efd4f9b62f60d237f0f4d081066c2370c3165053eafabe6a45
496	DRE/2016/page_64.pdf-2	0	train	finqa_probe_slot:2b7fc78a4c569e42012971944f194df61935347b988d3ac83e10c2212567c7b2	nonempty	3	valid	True	1.0	0.0	scored	unknown	additional_free_text_claims_not_semantically_verified		6cd2f0d372c845b6cefe3704c6c7a15f2dfc9d5cab20b30e7c22f313ec50488a
497	DRE/2016/page_64.pdf-2	1	train	finqa_probe_slot:3a5f1a85e7cb22c4870ddf1650898bdb2affac770b56964fa285fa34586de5f0	nonempty	3	valid	True	0.0	0.0	scored	unknown	additional_free_text_claims_not_semantically_verified		8069de6222e6630c76fc44dd878d62fcc75d822c7c9d2c6a5755b31cca3e14a2
498	DRE/2016/page_64.pdf-2	2	train	finqa_probe_slot:fc9ac220741bc336643b696b12606c4aa86f985f335ed622710d3750e3b8e8f7	nonempty	3	valid	True	1.0	0.0	scored	unknown	additional_free_text_claims_not_semantically_verified		7399ca35b2db493bbf06821261af40dec936779de2287aa7b9a942cc6f6a5096
499	DRE/2016/page_64.pdf-2	3	train	finqa_probe_slot:ca48f16b9c706a1e8c08786c2b3a9530c7fb12e1cedc500fbbf932a33651023a	nonempty	3	valid	True	1.0	0.0	scored	unknown	additional_free_text_claims_not_semantically_verified		14f889c78742c2dde64f52137c5d329e0350b9a092f5313749bcfc1b5492e8c0
500	DRE/2016/page_64.pdf-2	4	train	finqa_probe_slot:cc71c804d802ad18561eec79fdb3078390b032cda78be125ed52445f5dc2d6d5	nonempty	3	valid	True	0.0	0.0	scored	unknown	additional_free_text_claims_not_semantically_verified		1204aad7be744dce37d62c8d0808b5b536d4931cd0228fb7ca669c72589f47ed
501	DRE/2016/page_64.pdf-2	5	train	finqa_probe_slot:ef118d46b68e4cf2cd3145b0eabb63030b9ed2cdec3107328f2d0915e0b4adc7	nonempty	3	valid	True	1.0	0.0	scored	unknown	additional_free_text_claims_not_semantically_verified		71c6392b4bd1d77b86dd837f818b94804b3c14a52ad22adea89a18e04459ac09
502	DRE/2016/page_64.pdf-2	6	sealed_diagnostic	finqa_probe_slot:85a725a7aabbd1072deef22a60f1de90d763f433e2c27432fabd7c12e0509cd3	nonempty	3	valid	True	0.0	0.0	scored	unknown	additional_free_text_claims_not_semantically_verified		44dab2f086c1b042cc238d9de746de58b21abec899f17323df548322035bd268
503	DRE/2016/page_64.pdf-2	7	sealed_diagnostic	finqa_probe_slot:31a4d5d732ea21866bdb4f4a95fd3ec2e12c95408d7f80ee72037a669a28dd7b	nonempty	3	valid	True	0.0	0.0	scored	unknown	additional_free_text_claims_not_semantically_verified		3431541e53854e45bad47d290b708aa9585ae77b22e17975f5662969a59a57e6
504	C/2009/page_48.pdf-1	0	train	finqa_probe_slot:648e05404932e3905d024a9842515f01fb05de87a699b32944962fb864a9f606	nonempty	4	valid	True	1.0	1.0	scored	unknown	additional_free_text_claims_not_semantically_verified		1c13e582ba6380d996bf8049f9f13983b6717536f24117c474195022d73d1c95
505	C/2009/page_48.pdf-1	1	train	finqa_probe_slot:0b67a7fc07827317c9c9c7f7328d7b7a2f27427022c80c9577e11d900f0fd04e	nonempty	1	valid	True	1.0	1.0	scored	unknown	additional_free_text_claims_not_semantically_verified		ada829e09d1a2a4c37ab21a943ea15ad8093b664ce917e0c44ad7d3aeecf2c90
506	C/2009/page_48.pdf-1	2	train	finqa_probe_slot:d2bf3a279f1fce9bc4cb25346ae7643223117353afeb93fd10ba8f8e16052cfc	nonempty	4	valid	True	1.0	1.0	scored	unknown	additional_free_text_claims_not_semantically_verified		e8ad6d23eeb7a643bd80c3c38d53891bce5ab866f75a850a5e87531e8bfa0a37
507	C/2009/page_48.pdf-1	3	train	finqa_probe_slot:f5cfcdbb373488d38e007837de9e5bbdf4d274c74d4b1d417a0d2a44923916f0	nonempty	1	valid	True	0.0	0.0	scored	unknown	additional_free_text_claims_not_semantically_verified		e2a2cb5d42cf20472a833ec682fbec1a8a9c543a0755041f7c5dfe44db44cfe7
508	C/2009/page_48.pdf-1	4	train	finqa_probe_slot:e9069358140d0af869acfd38ad08823e828ee024c2845610baae6d6b15f616ba	nonempty	2	valid	True	1.0	1.0	scored	unknown	additional_free_text_claims_not_semantically_verified		55c25e48800aaad4f6fe778a235eceb8592c0cf55e44fa31369b4ef5bc50b152
509	C/2009/page_48.pdf-1	5	train	finqa_probe_slot:9e3263a8ff34e297bbd1ae89d56795245ff98d855c024f54cd2e66f860fc8a7e	nonempty	2	valid	True	1.0	1.0	scored	unknown	additional_free_text_claims_not_semantically_verified		52ae2f6761d4ca5b30bd08a474cd1e7a587ecc32546c118096cbab226b64c0ad
510	C/2009/page_48.pdf-1	6	sealed_diagnostic	finqa_probe_slot:60958c1771b888acd82e140e3fa90c9436c23bc99675ae6e2492f4b3ab957a3e	nonempty	3	valid	True	1.0	1.0	scored	unknown	additional_free_text_claims_not_semantically_verified		7b6c1c1878c518b257a595f89063670ea31cb0ce291ce267309a32baebfd73c4
511	C/2009/page_48.pdf-1	7	sealed_diagnostic	finqa_probe_slot:7282a05296c0824cd56284b79e2617a4b7b2dd4ccffc9eb918a2ffc49b691083	nonempty	3	valid	True	0.0	0.0	scored	unknown	additional_free_text_claims_not_semantically_verified		cb1a5a9dfc8ab8698b751ba3e5be9c99cbc77361ecdacef75cc4dba7a66b3f85
512	MAS/2010/page_29.pdf-4	0	train	finqa_probe_slot:8e02f4e9b3720c16b63395054800fd1fc7a794895641e81d7d4a8f45761c7bb9	nonempty	2	valid	True	1.0	1.0	scored	unknown	additional_free_text_claims_not_semantically_verified		06250a81713c71cd5463d80884dc9af5eed93438543eb7aef22afd231a376fd0
513	MAS/2010/page_29.pdf-4	1	train	finqa_probe_slot:87a3095fb6fd54ac6ef71cf18ce86e3a0259269db886ca1869080a8785d391d7	nonempty	4	valid	True	0.0	0.0	scored	unknown	additional_free_text_claims_not_semantically_verified		549ecf80c496e8239d614ae4b2cf6359b77041c778d82a790fea67e1a9cf2570
514	MAS/2010/page_29.pdf-4	2	train	finqa_probe_slot:10cd3731bf02851aaa683ee267f1bd1c7f357ce77f0bf0fdfd8bf4be47525f6a	nonempty	3	valid	True	1.0	1.0	scored	unknown	additional_free_text_claims_not_semantically_verified		af4535f203d13da884fc0c09c61993ef1bec56294fa99da5820f1cb8322fe87d
515	MAS/2010/page_29.pdf-4	3	train	finqa_probe_slot:ecaa8a2152eb8c5c531a906a63e051221b0c86a2e070685466282cdfe016ef66	empty	0	valid	True	1.0	1.0	scored	unknown	undeclared_Final_dimensionless_scale		cd9c1f4779e9181442ae9f086b755da80debd69789bcd4e1ad7f077f0b4fba11
516	MAS/2010/page_29.pdf-4	4	train	finqa_probe_slot:16fecfd46a04f6165a00d2838933fb293d38e475b2fa0c8bb21b504bec3b2cf9	nonempty	2	valid	True	1.0	1.0	scored	unknown	additional_free_text_claims_not_semantically_verified		121eeb24a1dc4c08bc9dfa727d4b3c6f8cfc8c4c7b373395e339abc2d902c831
517	MAS/2010/page_29.pdf-4	5	train	finqa_probe_slot:8254cc68c1c993a35d96307c826be3273392d8e55712c54e4cbc040a8f452adf	nonempty	1	valid	True	1.0	1.0	scored	unknown	additional_free_text_claims_not_semantically_verified		4478462e52002760ec806eb70ec0b4b3beb047ca8039439a8fb1c56dafe9ec4c
518	MAS/2010/page_29.pdf-4	6	sealed_diagnostic	finqa_probe_slot:fb4141fdbe6626e811edb51cb92ff93c0f3d005d8d8ae38d0dbbf191f507b65c	nonempty	2	valid	True	1.0	1.0	scored	unknown	additional_free_text_claims_not_semantically_verified		1b6d3a0f615e188cc693f5389ed73e4dddc3fd0c34b18b4cd6f098699347c14f
519	MAS/2010/page_29.pdf-4	7	sealed_diagnostic	finqa_probe_slot:a0e48604a45f26e95cb2c710c7da6db31d9c20781e8814ab1d4d1e5030584319	nonempty	4	valid	True	0.0	0.0	scored	unknown	additional_free_text_claims_not_semantically_verified		4295895b059c1034f41a49577d4c86113b6cd078fc76a2961d8ae23dff40258b
520	STT/2013/page_71.pdf-2	0	train	finqa_probe_slot:0a2b3fa7047aec5c47f3ff779aa4d20a3b05f0e852848bde4a2866ec54396ced	nonempty	4	valid	True	1.0	1.0	scored	unknown	additional_free_text_claims_not_semantically_verified		79db654bd6f353ccb28d59031648177e37331f47c7388c2d71f835fecd0e68a6
521	STT/2013/page_71.pdf-2	1	train	finqa_probe_slot:125de8a8f3142c2851d24af8086db781b2a745f142b0e4f6547014dd60435f4e	nonempty	3	valid	True	1.0	1.0	scored	unknown	additional_free_text_claims_not_semantically_verified		b0e806c19524861aa4cb7a90e1f5b13bb4587ca0ae05db158b73c18c95b914a0
522	STT/2013/page_71.pdf-2	2	train	finqa_probe_slot:21ff1d3634e0523e96cfdaca339b078386bcea40d9548f5e1cb5f93f48a4a7f0	nonempty	4	valid	True	1.0	1.0	scored	unknown	additional_free_text_claims_not_semantically_verified		f0b0054d5f972b581b743a05e658a1ab7c17385b84651f135e49b9e97af09805
523	STT/2013/page_71.pdf-2	3	train	finqa_probe_slot:8a7439a8fca62827cbac35b53ed0f0ab82eb36aa0026b60738df3ab59907e7d0	nonempty	4	valid	True	1.0	1.0	scored	unknown	additional_free_text_claims_not_semantically_verified		4c41032cddb4f73f1764da02a84045407e619338e401f91a8aedfa6e3160fa4d
524	STT/2013/page_71.pdf-2	4	train	finqa_probe_slot:1e69da26d186c118af41e7146592a17df6ecbac7a8e7c8ad83b3f44c74f1c894	nonempty	4	valid	True	1.0	1.0	scored	unknown	additional_free_text_claims_not_semantically_verified		e8a0db79b12574ed16c73ced75500db4c6090bbd2eab42bb28032cafb7cc2238
525	STT/2013/page_71.pdf-2	5	train	finqa_probe_slot:b72805c6bdada549a1a8eaea35b39bd1462d039ccf493fbdd0fee0401e60d576	nonempty	4	valid	True	1.0	1.0	scored	unknown	additional_free_text_claims_not_semantically_verified		1fc3276fe8652d022b626a57f974b8003e8ee0b5517130b3ec1de1815fb091d2
526	STT/2013/page_71.pdf-2	6	sealed_diagnostic	finqa_probe_slot:b4299d1857fc6defce5f500de3fd43e2677c5bfdd524f669a88b5c69a37c2e0a	nonempty	2	valid	True	1.0	1.0	scored	unknown	additional_free_text_claims_not_semantically_verified		7abe5e40f7015ec81a91a41868b7acb320410c2b4cfdb57a06f072c83309d2db
527	STT/2013/page_71.pdf-2	7	sealed_diagnostic	finqa_probe_slot:f8d81968cee3526dc3066cba48fcacef43a9fa207eb0f11eec7736be60d681d6	nonempty	4	valid	True	1.0	1.0	scored	unknown	additional_free_text_claims_not_semantically_verified		bec1d0109024ec9a71601fde6c40ed6337f102299dd33e97377c435539833c5c
528	EOG/2017/page_78.pdf-2	0	train	finqa_probe_slot:eef76bde92923b37d0f038f6814cc81a8fc731025b85f1498fe676b487fdf25a	nonempty	1	valid	True	1.0	1.0	scored	unknown	additional_free_text_claims_not_semantically_verified		5ab7798aa4e7f4e6464ac4785c3bcdd4268869bf48d3dd539960276544bcbeb7
529	EOG/2017/page_78.pdf-2	1	train	finqa_probe_slot:e3f0a1dc07b9f0e071e75e3e8c74f9a0251782683feb84c9989d597d482abe2e	nonempty	2	valid	True	1.0	1.0	scored	unknown	additional_free_text_claims_not_semantically_verified		dfd471e26d54597c79937ac067eb5af2ab460d103099aa4cff559681f3e56c2a
530	EOG/2017/page_78.pdf-2	2	train	finqa_probe_slot:24fe453ea801aaa6e3cefef315dc610574f0d292b93ec11e8cb3b398075341e0	nonempty	2	valid	True	1.0	1.0	scored	unknown	additional_free_text_claims_not_semantically_verified		dfa43c301994d1b9a467367020d365070214cb931b988345975827067c312ebc
531	EOG/2017/page_78.pdf-2	3	train	finqa_probe_slot:523452892d7e5bf49622ec2135fea4fe7d8825a89aff895009d142fa80cf1a3c	nonempty	2	valid	True	1.0	1.0	scored	unknown	additional_free_text_claims_not_semantically_verified		e0a810de044edece6029f255859172a6021031facbaf99a46590b3c8cbcfd27e
532	EOG/2017/page_78.pdf-2	4	train	finqa_probe_slot:5eedcf175d14bd34f5bc06e7152657b9293b0fda6daa93e910d5cec2ae50908a	nonempty	2	valid	True	1.0	1.0	scored	unknown	additional_free_text_claims_not_semantically_verified		cfb9dede331d9145d89bae435ed115ebe2b58baee6be1a16d3838539e42e7547
533	EOG/2017/page_78.pdf-2	5	train	finqa_probe_slot:2f36f0ee61bab85ba0b9a974fdaa16098ade80df876a42f47f1294b61a758b40	nonempty	3	valid	True	0.0	0.0	scored	unknown	additional_free_text_claims_not_semantically_verified		33e127ec31511ad9eb4cb3ee7895db3e6f935d6cff1e192eae647ef6e561bc43
534	EOG/2017/page_78.pdf-2	6	sealed_diagnostic	finqa_probe_slot:34b8d7cde41aab5a531a5564d5ff749bbfecd6ba748d2803f47698866f83ea76	nonempty	2	valid	True	1.0	1.0	scored	unknown	additional_free_text_claims_not_semantically_verified		112b080937aeaf89b5ee5a82de685ca8dba6a6a6f121eb205f3e3241886e57a3
535	EOG/2017/page_78.pdf-2	7	sealed_diagnostic	finqa_probe_slot:0242c931aa14301e3678c3372bedeb9d8d7001c4f648167108604c71e16d0516	nonempty	2	valid	True	1.0	1.0	scored	unknown	additional_free_text_claims_not_semantically_verified		2ee4174cda44ac570ba928960dfbc6a384380a2ce29f4dd69572ae813eb26ccc
536	LMT/2007/page_55.pdf-4	0	train	finqa_probe_slot:240a50eac274d20aed7938f1cac6ed52b87f46dc1e40a38336fbd73ea9576db5	nonempty	3	valid	True	0.0	0.0	scored	unknown	additional_free_text_claims_not_semantically_verified		1a4ccbc15902451296361e8e53930b926d2a5b42f9c331911c1c8f027c486897
537	LMT/2007/page_55.pdf-4	1	train	finqa_probe_slot:9280c25a36a2bae6af919ea9f46d8300bb15efcdd503819b4a56a087676947a5	nonempty	3	valid	True	0.0	0.0	scored	unknown	additional_free_text_claims_not_semantically_verified		8d661ee80bee6cb849bb748cce5e0e9d9dff0de825af945035c3a9c71034fadc
538	LMT/2007/page_55.pdf-4	2	train	finqa_probe_slot:b76ad9aed7979f62b13ebdc9254ff13a6304741b00323e42f2bbc6b8a1c7f515	nonempty	3	valid	True	1.0	1.0	scored	unknown	additional_free_text_claims_not_semantically_verified		3ba6e32d6b80d0fc50d5ea28d2afb3bc21c64703dc082866235541143399f702
539	LMT/2007/page_55.pdf-4	3	train	finqa_probe_slot:9fd47cd65baa06542f3b757fe2b866b8624cfa7efb5a8206d4406d29f715040b	nonempty	1	valid	True	0.0	0.0	scored	unknown	additional_free_text_claims_not_semantically_verified		e13f9e5f1fa21a6fea8384c7af9dfcbd2b533c2b176e579fd99dbf342953760a
540	LMT/2007/page_55.pdf-4	4	train	finqa_probe_slot:db31eee52f10643751b4e620b3ffbab8b28a31492998d5aabeaff026d6ecf49b	nonempty	3	valid	True	0.0	0.0	scored	unknown	additional_free_text_claims_not_semantically_verified		dde2f158bd035e3d41e78ce1590d1df6d11d47d3ba4a91a645a5e215a8ee2c14
541	LMT/2007/page_55.pdf-4	5	train	finqa_probe_slot:67d37a267a33126020ec5598858919cd467ba2bc1fdc5e6a0ea8a4074c22cbd9	nonempty	2	valid	True	1.0	1.0	scored	unknown	additional_free_text_claims_not_semantically_verified		53d19b21ededdca151aaf5fe73ff24bbbe6ed9a981529a939227be84ef0fa5a4
542	LMT/2007/page_55.pdf-4	6	sealed_diagnostic	finqa_probe_slot:c0fe064ec6d877eb9065c95c0d7025a432f87789a227a5df4688ac31fb9ae792	nonempty	2	valid	True	1.0	1.0	scored	unknown	additional_free_text_claims_not_semantically_verified		2d24ed4de9262c4d97596ed2275bc0634f5f881f6fe9e2d8e7877a5fedd77c41
543	LMT/2007/page_55.pdf-4	7	sealed_diagnostic	finqa_probe_slot:959f169fc9f4bc2e1e723b85dfd12eec7f42d9a7e857a9e6b0cf7e18739243b6	empty	0	valid	True	1.0	1.0	scored	CompletePass	finite_author_anchored_source_execution_delivery_proved		11490c16533a8403b80d97688dc2c6e5de17882a033e1aabd87eaff220c0135c
544	LMT/2013/page_45.pdf-2	0	train	finqa_probe_slot:43ffdf07cd7a7ab139f05f6b81a49e3d88ff4f91923ccdac6d74cebecc6c8eb3	nonempty	3	valid	True	1.0	0.0	scored	unknown	additional_free_text_claims_not_semantically_verified		f17ef1ee2c903c4e53881ec4dbeee18a3bb7a58bcd1535ec0bc64bb52b683fd7
545	LMT/2013/page_45.pdf-2	1	train	finqa_probe_slot:6fb7d98ef3756549ececdfe2e01d38bcab13f0efe041152d7c3c725a99568028	nonempty	3	valid	True	1.0	0.0	scored	unknown	additional_free_text_claims_not_semantically_verified		9d959d452f00c5204f1fdb72b1d01bd8f76240cc0d9e2f432da463df213a95f7
546	LMT/2013/page_45.pdf-2	2	train	finqa_probe_slot:df068209f68ea92d05ee2e414e5445750a91608734987a260561ff67a5b282be	nonempty	1	valid	True	1.0	0.0	scored	unknown	additional_free_text_claims_not_semantically_verified		850d8f7d445b1a9ff5c6a2a0cedf9159155eb29f25dc54451a39a73608004c38
547	LMT/2013/page_45.pdf-2	3	train	finqa_probe_slot:d2c2276c0498cf80bbab0165e5d54f9f29422592e0bfbc7dd94ec4a9f43340ac	empty	0	valid	True	1.0	0.0	scored	unknown	numeric_leaf_missing_or_ambiguous_in_author_sources		292aceb4fed912e0c8308166632b4ec8cd10d538b2dafcccec590fef1291c0e7
548	LMT/2013/page_45.pdf-2	4	train	finqa_probe_slot:461cbc828f30040118e2c90fca0a677433c09c941713c8ece3e167233901f07c	nonempty	1	valid	True	1.0	0.0	scored	unknown	additional_free_text_claims_not_semantically_verified		d74f2513555d20bd21d29b2fe05d2c7893fc5b7ac1586a7317676975e34b19d7
549	LMT/2013/page_45.pdf-2	5	train	finqa_probe_slot:7a7ddb4908d361e4a91ad9317f7d27faf56055e128392232a8ad54e97db0a7b9	nonempty	3	valid	True	1.0	0.0	scored	unknown	additional_free_text_claims_not_semantically_verified		b05adaf072e6d2577fd2e12711c4b0daaf86cceaac30f68fd82e880f0190b045
550	LMT/2013/page_45.pdf-2	6	sealed_diagnostic	finqa_probe_slot:58712453667b0092588401796c2df840694aca10f56c67621f40201431c1e919	nonempty	2	valid	True	1.0	0.0	scored	unknown	additional_free_text_claims_not_semantically_verified		cfc9f17fe159e22f9e3a5db80979119f77bfc4dcece7119b4889152512f21220
551	LMT/2013/page_45.pdf-2	7	sealed_diagnostic	finqa_probe_slot:d09887363da6ab26045f2c404861f5ef96b287155e7df07f6f37facd15949a3d	nonempty	3	valid	True	1.0	0.0	scored	unknown	additional_free_text_claims_not_semantically_verified		39bb1dc047617df28b9a1736acef869dc57af6e1efccbe41bac99799f5e0273d
552	LMT/2013/page_81.pdf-2	0	train	finqa_probe_slot:1a7900e3202a0368c76458d3301fe0cca5ee8c1c382695fb968533c8168718b9	nonempty	3	valid	True	1.0	1.0	scored	unknown	additional_free_text_claims_not_semantically_verified		0889ab8dfc37dfff72d44cf5353706335f4cf773a7de5e3558881a7be173170c
553	LMT/2013/page_81.pdf-2	1	train	finqa_probe_slot:0ebf2292eb557bc6c5859c4198df0c145c83ee60ab9b49428db2ad488a7edc31	nonempty	2	valid	True	1.0	1.0	scored	unknown	additional_free_text_claims_not_semantically_verified		14903748ac21165475ee6cef18067c9c7805b98af28820485b16ff73dad3ccac
554	LMT/2013/page_81.pdf-2	2	train	finqa_probe_slot:4514611657af1470f7c5484a0550824c59ef245c3ad35d12af3dd59974df0c29	nonempty	1	valid	True	1.0	1.0	scored	unknown	additional_free_text_claims_not_semantically_verified		de95916cba87108f1523e675bedf41f2434e5eaa328259d1f108f33754c2d685
555	LMT/2013/page_81.pdf-2	3	train	finqa_probe_slot:2923294404b7b563078fc90fab40c1d3a7295e762e7cbcde4ca44ac0a0766738	nonempty	3	valid	True	1.0	1.0	scored	unknown	additional_free_text_claims_not_semantically_verified		e3c76bcabc9d709e0e53795ce989f5079b84d27252dacdbce01a3d0d56d573ed
556	LMT/2013/page_81.pdf-2	4	train	finqa_probe_slot:4a2b9b75dee328a4071aa009894df135ff01e374092172b15d5051c23f0be4c6	nonempty	4	valid	True	1.0	1.0	scored	unknown	additional_free_text_claims_not_semantically_verified		d2823dbbdcecf69aca0f15a7afad802c7a9518c30f2901b4e371201324e80a14
557	LMT/2013/page_81.pdf-2	5	train	finqa_probe_slot:9f4be352bd9e30f99273bbdd69f9d61851bd44abd03b11d9216dbbd8161b69be	nonempty	3	valid	True	1.0	1.0	scored	unknown	additional_free_text_claims_not_semantically_verified		e2d4ebe31f4ca0e97f377adacae0a1ec47241ccc6253f36b46cb870502c74999
558	LMT/2013/page_81.pdf-2	6	sealed_diagnostic	finqa_probe_slot:b350e46398dd2cc0983f9d88fdd44655a31ec7c181486c57650348c2a8180d8f	nonempty	4	valid	True	1.0	1.0	scored	unknown	additional_free_text_claims_not_semantically_verified		a8af2e1f62a428370361cbb658dff06345c939db3225db164a6df4d71fc86458
559	LMT/2013/page_81.pdf-2	7	sealed_diagnostic	finqa_probe_slot:001c401796e8cc010a8291b7d515624b1af3a62f5dcb4422648c6c4efef40d5c	nonempty	4	valid	True	1.0	1.0	scored	unknown	additional_free_text_claims_not_semantically_verified		94eb503d4bda5aa8daa577440659cbf6cc994cc154cf1b6b5db5a93110934dce
560	MRO/2008/page_42.pdf-2	0	train	finqa_probe_slot:348cc0b41a26059050d0e17f8bb55a9a27fdcb2095844e38a47b94904ca29434	nonempty	2	valid	True	0.0	0.0	scored	unknown	additional_free_text_claims_not_semantically_verified		c9b338a12cc2dd97ea052ee0bb1715f7d7d349dc9280224b32262b52b431a261
561	MRO/2008/page_42.pdf-2	1	train	finqa_probe_slot:55a74e2ed1eb78ac57ab9f5576edc021a0c53117a08f9d5251a8ea5275118ea2	nonempty	2	valid	True	0.0	0.0	scored	unknown	additional_free_text_claims_not_semantically_verified		430631b6a85ac8f7bead036417b710873db68a919991f57edfadeab48e0a1644
562	MRO/2008/page_42.pdf-2	2	train	finqa_probe_slot:d7d9dff3c4b0cd974a11f5b4bef8965c2a109494a645b93500ff2eb5a64755e8	nonempty	1	valid	True	1.0	1.0	scored	unknown	additional_free_text_claims_not_semantically_verified		53e8dca443bea2323e771ce2da603bf89ca25c639e9c1f5797a29dc0ba1325e2
563	MRO/2008/page_42.pdf-2	3	train	finqa_probe_slot:e8909e43bdedfb06fbcafc20226231d0b29d08ddeb7877d885091dbe6e529605	nonempty	1	valid	True	0.0	0.0	scored	unknown	additional_free_text_claims_not_semantically_verified		cd4e99cd5d5e352462477ffab38f91c6148eb11656bbc9a08c562d348e54fa6d
564	MRO/2008/page_42.pdf-2	4	train	finqa_probe_slot:c9831c8f63d6a1c46226582c3a7b1254ddbcbb49747deea54aa6287e09e57411	nonempty	2	valid	True	0.0	0.0	scored	unknown	additional_free_text_claims_not_semantically_verified		d73064959d3fbfed1f7161ce4f69c330649b40631b6033cf328c57c4e2a8bbb8
565	MRO/2008/page_42.pdf-2	5	train	finqa_probe_slot:2a38affe6d25d853b3a03d6b614ca62e2047585ad91434d474ddd8df42e94961	nonempty	2	valid	True	0.0	0.0	scored	unknown	additional_free_text_claims_not_semantically_verified		cbb17ff23f76f0b02b0930c70284da2ddc3e4844951c57af90d18e7bb1d97807
566	MRO/2008/page_42.pdf-2	6	sealed_diagnostic	finqa_probe_slot:a8353ea12745f0489acaf50201378f02c6632027e6613836220a516792c91b09	nonempty	1	valid	True	0.0	0.0	scored	unknown	additional_free_text_claims_not_semantically_verified		ad97443ee2abbf7d0f6ca42be69d52545c8d1984e0889bf7a25c5d07a81182b0
567	MRO/2008/page_42.pdf-2	7	sealed_diagnostic	finqa_probe_slot:69e5ce90c0c1e3de25e6084a4937311e1def8b22a7452dec0d3fc352bce8d378	nonempty	2	valid	True	0.0	0.0	scored	unknown	additional_free_text_claims_not_semantically_verified		efe3cebc161b52e148b74d005e3f1287fd2e0570fee1b4e049306932a0217bf1
568	IP/2006/page_19.pdf-2	0	train	finqa_probe_slot:50eead3d10b67ab623b9431d828005599394f5759127918b01d36611c02aa0ad	nonempty	4	valid	True	1.0	1.0	scored	unknown	additional_free_text_claims_not_semantically_verified		17836d1f93fc43e2aa9ddb4351e89fc808d8311c0a10e3f4eb970aa7200cabda
569	IP/2006/page_19.pdf-2	1	train	finqa_probe_slot:88b023ad81b37e7bda5ae6a3fc3ec546f8d994ea138a18f6049d8bb11db5b8b7	nonempty	4	valid	True	1.0	1.0	scored	unknown	additional_free_text_claims_not_semantically_verified		f03c49d652a05a42f65c81ab414bda04106ab73db7927c8e354dd2523c86e5f0
570	IP/2006/page_19.pdf-2	2	train	finqa_probe_slot:60a41f6ff118e66c7f7755ec04ea735ea36d4016ff069d5636debb69bef4460e	nonempty	1	valid	True	0.0	0.0	scored	unknown	additional_free_text_claims_not_semantically_verified		e04b166e2c3c75dc6223f381686422e62326e7a12f603ef79c13200b1a10493d
571	IP/2006/page_19.pdf-2	3	train	finqa_probe_slot:77c7b0cfaef03c688052d38b2535c4cac197ab4a5866dc51db12a8ebef0f8c8c	nonempty	3	valid	True	0.0	0.0	scored	unknown	additional_free_text_claims_not_semantically_verified		74057d9c0d1ccff204901bc61d7bbfb3d6e9a61e9627cf376c348b5f550b6c59
572	IP/2006/page_19.pdf-2	4	train	finqa_probe_slot:a69891bca2c022baa22f0fdfeff7bb4d1e7dd75214b7a720b73cb96b3c683a71	nonempty	1	valid	True	1.0	1.0	scored	unknown	additional_free_text_claims_not_semantically_verified		f9fff0a6cb661bb1f8580dd24f97721e37ac9f3a9e5e0d6f486d28baebc4ff2d
573	IP/2006/page_19.pdf-2	5	train	finqa_probe_slot:0fca2b99081a33b5f3f53bfec0600f1ad23ae03545d1592376bdd65e49e1c700	nonempty	2	valid	True	1.0	1.0	scored	unknown	additional_free_text_claims_not_semantically_verified		cf824bc899447ff4bd70965f4895822123f537f957881452f727641cae41f3e4
574	IP/2006/page_19.pdf-2	6	sealed_diagnostic	finqa_probe_slot:2406fd2fb79e6df6ad3baebdd6ede12f4e30b1c8892d89916ee8ea2c2903c8d0	nonempty	4	valid	True	1.0	1.0	scored	unknown	additional_free_text_claims_not_semantically_verified		17cea12db3defe9cd2edd247a4786fb052abcd270a3d7379ec8b45eb8a981fee
575	IP/2006/page_19.pdf-2	7	sealed_diagnostic	finqa_probe_slot:af6eece19137da08f937c1786196e78f982a221f23e99ce5a34866f004854b56	nonempty	4	valid	True	0.0	0.0	scored	unknown	additional_free_text_claims_not_semantically_verified		1ac040537d8f9c44e561980388b5e42d5c243531f806c726a1ba073922bc4ced
576	LMT/2014/page_46.pdf-2	0	train	finqa_probe_slot:5a0a477a7df434aed30da12dad1fb4734a69a723106aa81bdf495757270eabe1	empty	0	valid	True	1.0	1.0	scored	unknown	undeclared_Final_dimensionless_scale		43e8b6366ac234c0bbc65eb2bc8ef0287689236e9f6069029ebc511a9eb60a7d
577	LMT/2014/page_46.pdf-2	1	train	finqa_probe_slot:1ad42f4bbf5577bac2e2c97930e5936eb9d67b20825895226d24d586b508a6e5	nonempty	3	valid	True	1.0	1.0	scored	unknown	additional_free_text_claims_not_semantically_verified		a920efcae49b9511b9d9b37510fc850cb5a0fecfeb179f42656cbf6ad4d065c5
578	LMT/2014/page_46.pdf-2	2	train	finqa_probe_slot:99a3f3430ee45e09d19a2be2dcc86502a5bc2061de2c90f279e4728ee2cbf641	nonempty	3	valid	True	1.0	1.0	scored	unknown	additional_free_text_claims_not_semantically_verified		bc872d6667fedf85aba823fc95463407b7b342ae3db393a34690325f2b755b6c
579	LMT/2014/page_46.pdf-2	3	train	finqa_probe_slot:15c9a231276a64cf2d55178289c3ed9a38264ea542557997d95ef5743c28580e	nonempty	2	valid	True	1.0	1.0	scored	unknown	additional_free_text_claims_not_semantically_verified		804adfa2234519032be34aa0b048db584b8f23b513386da1f550fdd3bc7cfb72
580	LMT/2014/page_46.pdf-2	4	train	finqa_probe_slot:e9b3e8a1557756e21dca4f7d388077c0f6d441b424edf454f94242a63e9c071e	nonempty	1	valid	True	1.0	1.0	scored	unknown	additional_free_text_claims_not_semantically_verified		4af8aa604a857bc21fde6b3ad862de668e7070bb38cbef960c1ad2f766fabe82
581	LMT/2014/page_46.pdf-2	5	train	finqa_probe_slot:bf695c660782cb94c4ab47dec8237781eab3f85e76a97989628d9848d03b1c2a	nonempty	3	valid	True	1.0	1.0	scored	unknown	additional_free_text_claims_not_semantically_verified		6ec506832252df33a8f20943cf488a0978b4daf483bf4d23889d92f004fd4d19
582	LMT/2014/page_46.pdf-2	6	sealed_diagnostic	finqa_probe_slot:9ca5b2612d6f9e64df4bc6ac3fb3c8f692faf6d50185f828d3166ccfc20fd2e9	nonempty	1	valid	True	1.0	1.0	scored	unknown	additional_free_text_claims_not_semantically_verified		bc73daffe92cf65af6bd2d3d8b04e2dc405d6963766a9b959e27e571f39030b4
583	LMT/2014/page_46.pdf-2	7	sealed_diagnostic	finqa_probe_slot:80a24db4a7d2580e6c8a6fc8d9d4be099b60048be934997798f2b96d1e37ddab	nonempty	1	valid	True	1.0	1.0	scored	unknown	additional_free_text_claims_not_semantically_verified		2e56168fb2e0bd6bb33827a86f29fb25eece6518eaf113ca4b4163d57b454edc
584	APD/2019/page_53.pdf-1	0	train	finqa_probe_slot:20283e44df8d1e3ec9a82289a39b9ff0b29f2fd5640dcdb946e008166ac7f0b6	nonempty	1	missing	False	0.0	0.0	invalid_prediction	invalid	normal_terminal_has_no_completed_Final		a01956340add9065ab0d04f5681d01a748b5d8662a2b168fa8ad52f3fbdb04ec
585	APD/2019/page_53.pdf-1	1	train	finqa_probe_slot:b6feabeb1606a94d803caafc92b59c79b2b3817b0211c4de435b455edeb35e93	nonempty	1	missing	False	0.0	0.0	invalid_prediction	invalid	normal_terminal_has_no_completed_Final		35d5b255f01884f97301771214eed1ed243f7a799175304f1435525122d945ea
586	APD/2019/page_53.pdf-1	2	train	finqa_probe_slot:ee81d77b96a830f7183b7656a229c878de9e2c721df6f3a5d969e62556d94523	nonempty	1	missing	False	0.0	0.0	invalid_prediction	invalid	normal_terminal_has_no_completed_Final		edb12369c2c6703b24b72611d76388ed8bdc13739dc94061ec713e0138edfdc8
587	APD/2019/page_53.pdf-1	3	train	finqa_probe_slot:47ddaf32648735dc54d691359144be787f527ae6bfcd224f42818a4fd56489ef	empty	0	valid	True	0.0	0.0	scored	invalid	submitted_program_result_contradicts_anchored_task		12593b0ec3cd9718496294cb24a2eaadb073abe122261c88767034e7a71ee1c6
588	APD/2019/page_53.pdf-1	4	train	finqa_probe_slot:3313dfc3f3afb1cdda47a2a9afef9255b5c27ef62a3114da0a7529792a8d8191	nonempty	2	valid	True	0.0	0.0	scored	unknown	additional_free_text_claims_not_semantically_verified		de842a24b434f2e345522c5a10155aa77bcb6915f5db856fb947440c280d972a
589	APD/2019/page_53.pdf-1	5	train	finqa_probe_slot:c277bdd92665a035e57054b5c0101d19246a6d14028ef128d514f5379f09a03f	nonempty	1	missing	False	0.0	0.0	invalid_prediction	invalid	normal_terminal_has_no_completed_Final		9861dee72dd4bff7e29d05dfc90753a4dad5e8531e9decea1241d9c3ccdffb1b
590	APD/2019/page_53.pdf-1	6	sealed_diagnostic	finqa_probe_slot:f88e8cdcb0440ad60d60a631bd65be978b8fb5d18e8a64139696dd1d4165d51c	nonempty	1	valid	True	0.0	0.0	scored	unknown	additional_free_text_claims_not_semantically_verified		37520e1650513b9086e95e904e362b249d22f859d0d31ec5415d82e73dc5a9be
591	APD/2019/page_53.pdf-1	7	sealed_diagnostic	finqa_probe_slot:bc4982ccdcd78c379c4822d335389f421d3a78a37ec20d3b7f17a257d7d6df2f	nonempty	1	missing	False	0.0	0.0	invalid_prediction	invalid	normal_terminal_has_no_completed_Final		260998b4417a62446406fe580253c308a01758a2f5baea2ce7ecabce38819a67
592	ORLY/2016/page_29.pdf-3	0	train	finqa_probe_slot:3a02bcbea9365ef3fe05b01faff52259774fa7b51be5ed3cdcbd5369a14a4f28	nonempty	3	valid	True	0.0	0.0	scored	unknown	additional_free_text_claims_not_semantically_verified		5857ebb2a25c09e8b6287615099ec8acadcff7461f25f837a80a8e681cf21b7c
593	ORLY/2016/page_29.pdf-3	1	train	finqa_probe_slot:cde9d41359c3e45c1c50fa8615f34aee6194b2275d22fdf4036caff5a49f0233	nonempty	3	valid	True	1.0	1.0	scored	unknown	additional_free_text_claims_not_semantically_verified		ffd9462896432ffbc49b8b91491a0b8adcfe37e330718aa87172a9d90522e8ae
594	ORLY/2016/page_29.pdf-3	2	train	finqa_probe_slot:e2beac573c362f4362af229d15c75c71d206a065511b15e1a12b12cdf7094810	nonempty	2	valid	True	1.0	1.0	scored	unknown	additional_free_text_claims_not_semantically_verified		0192c8086227595bdc3ecabac13b8c4cb78a9cde913851970b4746f1e66fca2e
595	ORLY/2016/page_29.pdf-3	3	train	finqa_probe_slot:90b6bb8db977e7eefc9c2f03decb44c860d655c5c57c4fa2f087eb23cff834dc	nonempty	3	valid	True	0.0	0.0	scored	unknown	additional_free_text_claims_not_semantically_verified		68017e932d29f2d1d93f8dad9a2309ce6a9998bc61c026610d792a2322eff742
596	ORLY/2016/page_29.pdf-3	4	train	finqa_probe_slot:0a80727bd6a6dd82cffdd1607751911342c0dac66ea45c85406dff9c38a9dbb7	nonempty	2	valid	True	0.0	0.0	scored	unknown	additional_free_text_claims_not_semantically_verified		54b2f728bc3cd499311be7ed5fc41422d2634381def1936a4e97d5828d590be3
597	ORLY/2016/page_29.pdf-3	5	train	finqa_probe_slot:98d3e1ebcd54af3ec8eeb422878619fe5fde5d10c14177bbc3ea23b2a708dd0a	nonempty	4	valid	True	0.0	0.0	scored	unknown	additional_free_text_claims_not_semantically_verified		8a8eda5e13e197fe89542a04a3d48c08c6ccb9554de8923da14f12e1beaa5cd3
598	ORLY/2016/page_29.pdf-3	6	sealed_diagnostic	finqa_probe_slot:fac43e7a0eb365aa462218f0e8cb07e611250cdc4d8e8b7cdf1ccff6063805c6	nonempty	4	valid	True	0.0	0.0	scored	unknown	additional_free_text_claims_not_semantically_verified		8e593881d2cd83ba4d8a847954f55bf283e99842e5590268e13ac4b44acd6eec
599	ORLY/2016/page_29.pdf-3	7	sealed_diagnostic	finqa_probe_slot:ca9574b5d8072415f31b456f6bc12cc2dea6e4539191da8577bd6cded09fc742	nonempty	3	valid	True	0.0	0.0	scored	unknown	additional_free_text_claims_not_semantically_verified		e22175dd695e7df8b4e420195f9cdbb5dcfe877e6915c0827284c497b5e4e71a
600	LMT/2007/page_55.pdf-2	0	train	finqa_probe_slot:b5232bfa82cfbe6f27a676f6fcaccd63d886b47c7024a2db94e172ae34adf07d	nonempty	1	valid	True	1.0	0.0	scored	unknown	additional_free_text_claims_not_semantically_verified		cd7e8bd105d62f3a2758135f7169a7410883a2b95dc762e7f4b10c20fccb91e5
601	LMT/2007/page_55.pdf-2	1	train	finqa_probe_slot:bd910e3536b1654c004dba13a1059d7163bf87ad82aa342122b37ba74a85a8fd	nonempty	3	valid	True	1.0	0.0	scored	unknown	additional_free_text_claims_not_semantically_verified		a7a7abbdd64df4682e1caed041c947419071a926c3137025cde14ca46c85e5dd
602	LMT/2007/page_55.pdf-2	2	train	finqa_probe_slot:df04a0602726286d5e0f7310c446db1f3b723de27133522b08f34c96250733a4	nonempty	2	valid	True	1.0	0.0	scored	unknown	additional_free_text_claims_not_semantically_verified		96acd03f5f46c43e92cc93c87bfd8376dfa9600395103ee27db62bec94d8c52b
603	LMT/2007/page_55.pdf-2	3	train	finqa_probe_slot:b4831a63fe622abb1e531103f787debb53e86728023883247ba7c18756d0b387	nonempty	2	valid	True	1.0	0.0	scored	unknown	additional_free_text_claims_not_semantically_verified		48de9947a70f71ddd91b387f16bc48ef80267664878b8f8019886cbc116727a4
604	LMT/2007/page_55.pdf-2	4	train	finqa_probe_slot:2ac6f9de11a37967b41059a1df4540ddbfa1f38df9e7a8ea32db4860f4b4c8d7	nonempty	3	valid	True	1.0	0.0	scored	unknown	additional_free_text_claims_not_semantically_verified		28d5be6926727846d306fa2982f5c623f366e73a58eb912676d462a8ec81884f
605	LMT/2007/page_55.pdf-2	5	train	finqa_probe_slot:f36ad25539cc9eda3342340c95cba682142d0ed2f0a87aac526d99d394944560	nonempty	1	valid	True	1.0	0.0	scored	unknown	additional_free_text_claims_not_semantically_verified		b313f36aee86d998d87dc7c52c92fb751ccc5b77168ba81da544b8a1f53c2dc6
606	LMT/2007/page_55.pdf-2	6	sealed_diagnostic	finqa_probe_slot:38dfd5dedd336df090c99e6cdd41658f987d9c662ed9247f66dd9991bdc8c2cc	nonempty	1	valid	True	1.0	0.0	scored	unknown	additional_free_text_claims_not_semantically_verified		cf9872a69fbde82fbe1a9abdb4ae4d3c45438a473afc430e5249d1c284a57752
607	LMT/2007/page_55.pdf-2	7	sealed_diagnostic	finqa_probe_slot:ac84faed3be9f068706909d4d61176f5b217d18f33b79e9388c66601c003ce97	empty	0	valid	True	1.0	0.0	scored	unknown	numeric_leaf_missing_or_ambiguous_in_author_sources		43d2bc0ad3ea56184c5ae34fa2a754a5d297c08743302d537c796b984ad25f80
608	IQV/2016/page_79.pdf-2	0	train	finqa_probe_slot:7aa3d093b6b0a436b8ca63488487b4c65c0d2edb0480b89515433f60afb30c8a	nonempty	4	valid	True	1.0	1.0	scored	unknown	additional_free_text_claims_not_semantically_verified		ede1b4b4d16f75b9bc10e28f8896f642a7dfada24dec33cfaa15c4370b0707fa
609	IQV/2016/page_79.pdf-2	1	train	finqa_probe_slot:1cbd9a358831973d93f53bc07705c8ece743d6dba428ed7c54c26f6a5edcabc2	nonempty	2	valid	True	0.0	0.0	scored	unknown	additional_free_text_claims_not_semantically_verified		1c24b574454908b9c53faf67a9391e4af3db6657632ccb382fb4ddf112d3a2dd
610	IQV/2016/page_79.pdf-2	2	train	finqa_probe_slot:ef21afff0c95ace7fbee30f7635ac7029e253dba32c56dca697991d1590d6042	nonempty	2	valid	True	0.0	0.0	scored	unknown	additional_free_text_claims_not_semantically_verified		973847aee8e270df6e80ff931d32d5fe88578b354e304efa9c21a29997981cf2
611	IQV/2016/page_79.pdf-2	3	train	finqa_probe_slot:134d942243636f41c2cde3119d2e29c74d9293bc1ed21e09346e1c59bdb47342	nonempty	4	valid	True	1.0	1.0	scored	unknown	additional_free_text_claims_not_semantically_verified		220034785900277c3f796c502fd361e6f1aea168f7bdb8590bcad88c76cd32e3
612	IQV/2016/page_79.pdf-2	4	train	finqa_probe_slot:421117597fb532325a81979d91b45286457678efc489de4d5d6076f9c471c978	nonempty	1	valid	True	1.0	1.0	scored	unknown	additional_free_text_claims_not_semantically_verified		56ffa262f3112f8f561ffb7a56ee211f8a8b1d996056bd893d746a2936a2ca3a
613	IQV/2016/page_79.pdf-2	5	train	finqa_probe_slot:ec6e47622e1f881a1e27f3e00342232ec57e1ff38c61910315f5a01a6ce4ef47	nonempty	4	valid	True	1.0	1.0	scored	unknown	additional_free_text_claims_not_semantically_verified		3c0fd2daaae2f6fee1ec36a46cadc4e8e4f69093987f96eec162866cbd7115a3
614	IQV/2016/page_79.pdf-2	6	sealed_diagnostic	finqa_probe_slot:0794e2ecc4a211316809bb9e7ff04835c05558682470c52742267191971dc7c8	empty	0	valid	True	1.0	1.0	scored	invalid	Final_value_or_declared_scale_contradicts_source_bound_program		eabea7b1c0806aa5f0860349731758a0614258b0a093981ad85635fc371dc54b
615	IQV/2016/page_79.pdf-2	7	sealed_diagnostic	finqa_probe_slot:f7dbaa4e789969623048fb29710dc1dbc955bb7519ef832b27228448dbe797aa	nonempty	4	valid	True	0.0	0.0	scored	unknown	additional_free_text_claims_not_semantically_verified		0df22d4e4af8ce3ffa694e76db98cced2e8ad9357d40c83ab84f2a4c42d7f61d
616	UPS/2013/page_56.pdf-1	0	train	finqa_probe_slot:b3e9c9fa971d3789aa121f13aafe6dcdad1fafeea5c432af1ca7a5e53b92d848	nonempty	2	valid	True	1.0	1.0	scored	unknown	additional_free_text_claims_not_semantically_verified		a74611f653fef28f9edebe71705fd4e775660ebfe2cc250f4c327670234ce2ed
617	UPS/2013/page_56.pdf-1	1	train	finqa_probe_slot:0453520c782177fb28184488f5bb614185034fb0a50bf9d531408460e7fccc9c	nonempty	4	valid	True	1.0	1.0	scored	unknown	additional_free_text_claims_not_semantically_verified		4cc8f89793e8ea724a6a085158a787bac7aa58debd7f833e9c65168b3c638f34
618	UPS/2013/page_56.pdf-1	2	train	finqa_probe_slot:7c20cf15b1d2ebc8d5c4b8ce19524abbb3e6bb4d45884ffb61d5f4cc0896835c	nonempty	4	valid	True	1.0	1.0	scored	unknown	additional_free_text_claims_not_semantically_verified		4b9e7a845263f548be4fb7bb50364a8e3281b67d82db514696291d391139c3fa
619	UPS/2013/page_56.pdf-1	3	train	finqa_probe_slot:5023beb41a0643eac9c2d10293fbe8f3197419e397052e49aa061d31cd986107	nonempty	4	valid	True	1.0	1.0	scored	unknown	additional_free_text_claims_not_semantically_verified		7216f5496d1fe8ac6e7ccb560af62985596d56b8f6a465b85bfbf68039fbd4ce
620	UPS/2013/page_56.pdf-1	4	train	finqa_probe_slot:7e783637e5c10fd731046e15078a2f170af59cf63d6158fab77bb283621f98e0	nonempty	4	valid	True	0.0	0.0	scored	unknown	additional_free_text_claims_not_semantically_verified		8a8be8413d29519d392a8c8a3e64d4495eab534fe068101a5a575f1c5148a733
621	UPS/2013/page_56.pdf-1	5	train	finqa_probe_slot:3f8697d30710e39fe80c279d26e140716b91aba34e0691162650be2e231910cf	nonempty	4	valid	True	0.0	0.0	scored	unknown	additional_free_text_claims_not_semantically_verified		121d68e1e326a450158838889c07e85887de71c9e8e4f9e0dd369a606307ebe9
622	UPS/2013/page_56.pdf-1	6	sealed_diagnostic	finqa_probe_slot:95e06cb464294a607e3bc90235af0e73e153f48a4aa369a28b4f3873de40b42b	nonempty	4	valid	True	1.0	1.0	scored	unknown	additional_free_text_claims_not_semantically_verified		8af60b4e847415f30e6a752c98fad45ddf596851caffc6aa0188aec38862d080
623	UPS/2013/page_56.pdf-1	7	sealed_diagnostic	finqa_probe_slot:26388ec09c65b88aabee7004df5b78b7079c96f37bf403f4edd3b3eaf737b990	nonempty	3	valid	True	1.0	1.0	scored	unknown	additional_free_text_claims_not_semantically_verified		17925a40b3905127c44b47b2f9a422f12c70eebe453b12c302750d84b24cd0a1
624	AAPL/2010/page_42.pdf-2	0	train	finqa_probe_slot:c1872a35fc801ac6ce04dab9e35730777c89c890c7d868d0bf45c56ce60c3fcd	nonempty	4	valid	True	0.0	0.0	scored	unknown	additional_free_text_claims_not_semantically_verified		6e5a9b38aade44758293fc5f3b9d474c7a937bc476dce1c414b333e482196c21
625	AAPL/2010/page_42.pdf-2	1	train	finqa_probe_slot:c6d595aeec8122fe8ad25f74139fb9fc8e69d53143d597829980170723458d28	nonempty	4	valid	True	0.0	0.0	scored	unknown	additional_free_text_claims_not_semantically_verified		ac16480084327ddff90a8e50a2a7b88714b9a4c44894b7015b44595dc022e8d2
626	AAPL/2010/page_42.pdf-2	2	train	finqa_probe_slot:c430cd89ca80eef8ce0109c72380655cc0b8a58b65dd15a36a80dbee44a22228	nonempty	4	valid	True	0.0	0.0	scored	unknown	additional_free_text_claims_not_semantically_verified		e1057dba6878b3c45d826a29d303c8800872e33bbd0195df37c59e54c7406111
627	AAPL/2010/page_42.pdf-2	3	train	finqa_probe_slot:f966d34a82d9236301510a860d1a58d07972339b64ceb4cfd7a00997df999161	nonempty	4	valid	True	0.0	0.0	scored	unknown	additional_free_text_claims_not_semantically_verified		a8190d79ad524c80e9a2fead5598e302c3f0c2ae618455b830ce12e40e83b5ee
628	AAPL/2010/page_42.pdf-2	4	train	finqa_probe_slot:4ee2971b815f252a21a41d91da09580e4bc1473bd9bea08e6d1681577a8977f0	nonempty	2	valid	True	0.0	0.0	scored	unknown	additional_free_text_claims_not_semantically_verified		52c3d0ac7b7ca975b18eace3e3fde7683928364ac2b2d40fb113c8359bf3f8fe
629	AAPL/2010/page_42.pdf-2	5	train	finqa_probe_slot:289bd37364b772d1e4fb65661600723f85a931b7e52b7361cf36d47098444225	nonempty	2	valid	True	0.0	0.0	scored	unknown	additional_free_text_claims_not_semantically_verified		9d1259e34d8c00a1f760825679aed7b23f94129a353e3a36974a42a852b76965
630	AAPL/2010/page_42.pdf-2	6	sealed_diagnostic	finqa_probe_slot:3b34c7b87f8940a90c95c2a080a7eba1438fdf519802522c15e70f06200db16d	empty	0	valid	True	0.0	0.0	scored	invalid	submitted_program_result_contradicts_anchored_task		9f6a656e65e835423a69d5b278737a851647334c4c7d24008dd692b23acc3d9d
631	AAPL/2010/page_42.pdf-2	7	sealed_diagnostic	finqa_probe_slot:48abeb1ac0ca0d61dbb67b22c7e653eb109566ed94542d315ddd8a0959838e50	nonempty	1	valid	True	0.0	0.0	scored	unknown	additional_free_text_claims_not_semantically_verified		dba76949186e1c673d01648d6bb434fbe4e049959b431b22e1c9773cd56a8c15
632	LMT/2014/page_49.pdf-4	0	train	finqa_probe_slot:757f4e37fefaecc439950e21ad49bbc700c0e15d9c03e679798681763eabbedf	nonempty	3	valid	True	1.0	1.0	scored	unknown	additional_free_text_claims_not_semantically_verified		d190fac1f599759f43e2d702063e0b7184f242b0d8bec51458c2115710f85f4c
633	LMT/2014/page_49.pdf-4	1	train	finqa_probe_slot:c8aa47123877d2bb58a82ec4de3d62631eadfd73955161b18f28357947652e41	nonempty	3	valid	True	1.0	1.0	scored	unknown	additional_free_text_claims_not_semantically_verified		194363610605fb3a3f80b1008aab307302e95bf39f8c8ede2803ae78756ae5f0
634	LMT/2014/page_49.pdf-4	2	train	finqa_probe_slot:5e9db8caf3361b43ed29fc9a7948ccbb62581a2a2bf342942d06f96bb740292b	nonempty	4	valid	True	1.0	1.0	scored	unknown	additional_free_text_claims_not_semantically_verified		1b8f9fed7c35e721418c8f2e7b54e132be5c501145ae15a7dfbc62588acbafe7
635	LMT/2014/page_49.pdf-4	3	train	finqa_probe_slot:9e32d03f877838d8541d7de5bc3f1bdec8ccf98ce1a2523baa257115e38e211c	nonempty	3	valid	True	1.0	1.0	scored	unknown	additional_free_text_claims_not_semantically_verified		4cd89ad7a7d87b89dd98c9c3fe1746d10f2f8aa870326a01f2548929d738dd8d
636	LMT/2014/page_49.pdf-4	4	train	finqa_probe_slot:fa13ecaad1c8157abab17f90d871fd0439eda59cb6c73ece5c49030e7703980a	nonempty	4	valid	True	1.0	1.0	scored	unknown	additional_free_text_claims_not_semantically_verified		15d2ea891517e7006c121af1fcc8396122701bb1ce4a0d48f08aa8536dda44ec
637	LMT/2014/page_49.pdf-4	5	train	finqa_probe_slot:1b657aa45decdd7c88c59e0639d2861013c02f68ed63f3ecbca9f83bbc02796c	nonempty	3	valid	True	1.0	1.0	scored	unknown	additional_free_text_claims_not_semantically_verified		a3aeb4f25ff088736abf21ba62c312800092bad6bdf896f809f500bfa070b8a8
638	LMT/2014/page_49.pdf-4	6	sealed_diagnostic	finqa_probe_slot:092f81abf7b9a2ff6d07dbdfc15d91c9980d82e7f96b93fe791255a498246ef7	nonempty	3	valid	True	1.0	1.0	scored	unknown	additional_free_text_claims_not_semantically_verified		f7bf1b26fb561bab1de787c6a24b65b99bca834df08aa5d9f7420f04dc011471
639	LMT/2014/page_49.pdf-4	7	sealed_diagnostic	finqa_probe_slot:7d37946b709d3d11aceaf050b536ba477803bc59a381dd410e27a2145aead32c	nonempty	4	valid	True	1.0	1.0	scored	unknown	additional_free_text_claims_not_semantically_verified		3e63b6c570c249600f9a38603f4b5121ce9f777e9904390018b63066c0dae483
640	UA/2009/page_63.pdf-1	0	train	finqa_probe_slot:778ada89af0cacd38b0174c2a922eb1ae7648bb5774b53b783ba393bdc0ca1f3	nonempty	4	valid	True	1.0	1.0	scored	unknown	additional_free_text_claims_not_semantically_verified		32de1983c4486e53133794b58027dc73f75c6b38be25ff2df53c964d237ba26c
641	UA/2009/page_63.pdf-1	1	train	finqa_probe_slot:9814cee22cbda18c29b95ae8526ee74763692b6ff50da9d92c2b1adaf2f45cbe	empty	0	valid	True	0.0	0.0	scored	invalid	submitted_program_result_contradicts_anchored_task		e9ecb8424ad688929fd631ccd05abecac9763a711f6f19023dc5cfd68b2174c2
642	UA/2009/page_63.pdf-1	2	train	finqa_probe_slot:b94f7924198ab661b0653b284b0b379e7878b334f7286000d8f5d124ca2343b2	nonempty	4	valid	True	0.0	0.0	scored	unknown	additional_free_text_claims_not_semantically_verified		7adc388a23cadee629d7f3a8713a8c1a7e8d171155fc137925f175ac840cafc6
643	UA/2009/page_63.pdf-1	3	train	finqa_probe_slot:75d7bb347581c5476f0a9bd38835940fca75dd186803c8e954bdc19d9bcc507d	nonempty	1	valid	True	1.0	1.0	scored	unknown	additional_free_text_claims_not_semantically_verified		a39e70609c19c0e9cd614b7f7df7e259b2e2fe7845b79abfa8d081b4bb8254b6
644	UA/2009/page_63.pdf-1	4	train	finqa_probe_slot:9dfeee9e288c5d56e22bacea0a4598a4eb756d171d8033b03ffc2b8e780829dd	nonempty	2	valid	True	0.0	0.0	scored	unknown	additional_free_text_claims_not_semantically_verified		408ae3b4310ed23ed449ce1db5ccd193f07f4130d3a75403db5adb7d65c584d8
645	UA/2009/page_63.pdf-1	5	train	finqa_probe_slot:5acf25c84da242c08c78a9b5d9ac0789e5a6ee1299df856deeb23cf12fe8fbad	nonempty	4	valid	True	0.0	0.0	scored	unknown	additional_free_text_claims_not_semantically_verified		1cc9b94e057b824c8953138498c16e61375855f5fabf60df74b160e2380bc4d6
646	UA/2009/page_63.pdf-1	6	sealed_diagnostic	finqa_probe_slot:627e3380d02b9db12990bed38a948080a395d2c646c0bc4da054956cac7c6b2c	nonempty	1	valid	True	1.0	1.0	scored	unknown	additional_free_text_claims_not_semantically_verified		19db20629abc4500a38b7022a45ece092c0632007ed8c2144d24aff16214daaa
647	UA/2009/page_63.pdf-1	7	sealed_diagnostic	finqa_probe_slot:3241a9491881e701d407df5ec5f35191462c3ed23c84cbca1f58a9c83256f8d7	nonempty	5	valid	True	0.0	0.0	scored	unknown	additional_free_text_claims_not_semantically_verified		33ee38138aa44b37342dc21daf023e849c85b376215a1afbc32977245799cf50
648	IP/2006/page_84.pdf-2	0	train	finqa_probe_slot:67b40e1530a976a25b654aadba6aa997469856964e20d5ca652279b14656c138	nonempty	4	valid	True	0.0	0.0	scored	unknown	additional_free_text_claims_not_semantically_verified		e794e41d911370590cd5b44f2d7aa52f261648d95f95ce7973bc18f287fd2cde
649	IP/2006/page_84.pdf-2	1	train	finqa_probe_slot:556d19d8c67649f89b551d8bf7e32b838d31d0c5f8efcd6edeb5dbf831fcdd32	nonempty	1	valid	True	0.0	0.0	scored	unknown	additional_free_text_claims_not_semantically_verified		e968b705a8180fdebd81e3f15c94c5e99a8331a613cbaf338d14969ed8f6263c
650	IP/2006/page_84.pdf-2	2	train	finqa_probe_slot:378a796277f2b1d326d07cfbcfeba484203bf5eaaae08d28a4262d910903668b	nonempty	3	valid	True	0.0	0.0	scored	unknown	additional_free_text_claims_not_semantically_verified		8e7d38fa6a1d10b7191db882ef101610891554809098e7a1f340d7d5aa6960c1
651	IP/2006/page_84.pdf-2	3	train	finqa_probe_slot:58a1a4f5961a14399974e104637b878c909b6da931fedf410357c0430338c82b	nonempty	2	valid	True	1.0	1.0	scored	unknown	additional_free_text_claims_not_semantically_verified		0b66cc7009430ba8e2cfd7924c5125b6b4e2f87cd10e79179b984f7549e0fd47
652	IP/2006/page_84.pdf-2	4	train	finqa_probe_slot:f6244f774e87f4ad0fe7a2498f36011feeeafbda6e586243788fe0b1937e6f55	nonempty	3	valid	True	1.0	1.0	scored	unknown	additional_free_text_claims_not_semantically_verified		a5c85effe1deebd54dbbb50e4e5a8bf22dd61b34a8744233fbe7e4890096ff54
653	IP/2006/page_84.pdf-2	5	train	finqa_probe_slot:336e47e4a8d763970794cecd50196b41847631e29e00d8fd0a3914ad41727ed5	nonempty	3	valid	True	0.0	0.0	scored	unknown	additional_free_text_claims_not_semantically_verified		3c399d3763e26e65f7cbfc1fb1eb5d66d7916879d83e62a8dbed85afa49ec54e
654	IP/2006/page_84.pdf-2	6	sealed_diagnostic	finqa_probe_slot:ebf22a5ffa23cb6180d6b618525b89510e24923b130e66ca7d979e2cfb56c82c	nonempty	1	valid	True	0.0	0.0	scored	unknown	additional_free_text_claims_not_semantically_verified		f76511a8b9822d585c4035cf2e17eec0f16d55271fc47990f1fe82c7d894178c
655	IP/2006/page_84.pdf-2	7	sealed_diagnostic	finqa_probe_slot:69e7cc2f8b9a67cb2667c0806526898ef3c3df4b3c327e0ffafa340bb78165c8	nonempty	4	valid	True	1.0	1.0	scored	unknown	additional_free_text_claims_not_semantically_verified		67a52386a19e6f4ba087f5aedef2ae357080c18998970faa27b4a5eb51c91eab
656	MRO/2012/page_40.pdf-1	0	train	finqa_probe_slot:8f2f413df995dfbd064753d593c9ec316da78084e353f73fabcf05e33ab55a75	nonempty	1	valid	True	1.0	1.0	scored	unknown	additional_free_text_claims_not_semantically_verified		ae2eeae099526c9f6f3e3d5489c6780bf65e6f625913f5014077f514907638d0
657	MRO/2012/page_40.pdf-1	1	train	finqa_probe_slot:95b8f449248b703a40cc1ef0e15b480a29811b525d8f3a93ccb762966f987047	nonempty	4	valid	True	1.0	1.0	scored	unknown	additional_free_text_claims_not_semantically_verified		33ba5a0a3de449541e9952ca6c1ad2dba618069091aa07868b3e3c20e78cd00a
658	MRO/2012/page_40.pdf-1	2	train	finqa_probe_slot:53b48fb161636b4e2dbc58bb9ec98f0d23c582565653becce172de39ffecac2c	nonempty	1	valid	True	1.0	1.0	scored	unknown	additional_free_text_claims_not_semantically_verified		add8d837a61f37adf751fb945ab9076f6ce7728a3f538657d02e824a8f0872ee
659	MRO/2012/page_40.pdf-1	3	train	finqa_probe_slot:8a374945ae8365c4934857cc94c40c4dd14df593e795c57b8eacbe853037cbed	nonempty	3	valid	True	1.0	1.0	scored	unknown	additional_free_text_claims_not_semantically_verified		b663744b0cf8b0ee4d303ed276374fd24454a48b7d653b87d2c43f305f06fb69
660	MRO/2012/page_40.pdf-1	4	train	finqa_probe_slot:1ed7f31241b48563b56581f8dfc874cf4fa31dbc292a67ead20d2ca82cf7ece6	nonempty	1	valid	True	1.0	1.0	scored	unknown	additional_free_text_claims_not_semantically_verified		0096711101ab7472f162143cebfad9450a697a3ce8345300f99ccedc6fcb9b1c
661	MRO/2012/page_40.pdf-1	5	train	finqa_probe_slot:77d3e260e6a813a8b67e1e9c1224382d8ac62876a6d090a8b54acf42279212a5	nonempty	2	valid	True	1.0	1.0	scored	unknown	additional_free_text_claims_not_semantically_verified		35e02de469ec057788e34abbcef383a7cb957addc7a0aa9982692eec183d8252
662	MRO/2012/page_40.pdf-1	6	sealed_diagnostic	finqa_probe_slot:dec0b5cc88875ef8aa8b5be1218db3914e37aa52e232b449c056e993b0f410e4	nonempty	4	valid	True	1.0	1.0	scored	unknown	additional_free_text_claims_not_semantically_verified		6eac790dab26ca94425d67a6c94f54be37c0135974aa3df80b7be81fce5423d3
663	MRO/2012/page_40.pdf-1	7	sealed_diagnostic	finqa_probe_slot:fc3fb1e73ce9a1a41830f5a77c979e272507fbf7ae95715da105d7a8f800f8a5	nonempty	2	valid	True	1.0	1.0	scored	unknown	additional_free_text_claims_not_semantically_verified		4d7dc663cad563ee586fd440277bae59246b81cf7c1047d4d7e524cc6fa30211
664	LMT/2007/page_55.pdf-3	0	train	finqa_probe_slot:b21c410287c8fe9924d9cf093c934d269d5d78c512ee67404698efb6bdb5fc26	nonempty	2	valid	True	1.0	1.0	scored	unknown	additional_free_text_claims_not_semantically_verified		56ec9d140c1f27a0b8021c5426ef45c338131478a825498f084ff732127bfab2
665	LMT/2007/page_55.pdf-3	1	train	finqa_probe_slot:fc2b25ecf23fe3f8aa5fbbb9d52a98e0cb5500078e2de8a849014f0deaf30708	nonempty	2	valid	True	1.0	1.0	scored	unknown	additional_free_text_claims_not_semantically_verified		c69b65a3bcc8554971ac5eeddb915b4160a4d5227100efb15a0f3647d4ead07f
666	LMT/2007/page_55.pdf-3	2	train	finqa_probe_slot:de214a8f169178dcbea91c386c10e8d9b66e52f96fa2199f9d7f201ad09a591c	nonempty	1	valid	True	1.0	1.0	scored	unknown	additional_free_text_claims_not_semantically_verified		bac84a2dd9a1ef1191f5efd5db38dd6ce9a9ab8b4c5d5274c0b3b1b75db96f55
667	LMT/2007/page_55.pdf-3	3	train	finqa_probe_slot:0fbdbc6abdb230f9138c2b241bb64cb027767129ddda126813c3e0149e09706f	nonempty	2	valid	True	1.0	1.0	scored	unknown	additional_free_text_claims_not_semantically_verified		a8117b0701eadf34ba323eb39171af13e67249b8ad6a0aa0feb42381cc40a17e
668	LMT/2007/page_55.pdf-3	4	train	finqa_probe_slot:ab084135a52c446b340fbc65859eaf7e307310d1a55eec03eaf270d65e0dab77	nonempty	3	valid	True	1.0	1.0	scored	unknown	additional_free_text_claims_not_semantically_verified		e343f39b0517f7105766e04ee5383164c2fef459d89253952206a8055c3fe7f5
669	LMT/2007/page_55.pdf-3	5	train	finqa_probe_slot:929f65ce054faaf7e6b9731b837c094a4213663d16f26a4c88a91b74a9a7d65c	nonempty	3	valid	True	1.0	1.0	scored	unknown	additional_free_text_claims_not_semantically_verified		11419730f082dd4996d19b446f8383ed93a3147d9afd8db08ad3b7495c1aa0dd
670	LMT/2007/page_55.pdf-3	6	sealed_diagnostic	finqa_probe_slot:6fa599dfb5e651fe303740f127adba664f1fcb8b2334d1724a8bb9d27e5dee0d	nonempty	3	valid	True	1.0	1.0	scored	unknown	additional_free_text_claims_not_semantically_verified		7a09ae8061252f50aa495653ca55bc0b66de598325000704bb17f74741be3790
671	LMT/2007/page_55.pdf-3	7	sealed_diagnostic	finqa_probe_slot:099f532f65486b292f07c91861b4b4a9c3e84f356c579c66decc320b53aa6d02	nonempty	1	valid	True	1.0	1.0	scored	unknown	additional_free_text_claims_not_semantically_verified		56e3de6c27b9747706d6c61267d037207f1350c33f2933f42e5f4a2850f6e5c5
672	C/2009/page_248.pdf-4	0	train	finqa_probe_slot:351b8f3afcd66c831a110da6eec3afd40395da47883a8cbc579fb0f292e44d3d	nonempty	3	valid	True	1.0	1.0	scored	unknown	additional_free_text_claims_not_semantically_verified		f0be6fc516bf8b18418937ab151fbf6003de4fcd214343809fab246a270d23c0
673	C/2009/page_248.pdf-4	1	train	finqa_probe_slot:f76cab59644ff7a3db34e88f48e34117ac592adacb7797f2d8bb3db6b3a6e5fc	nonempty	4	valid	True	1.0	1.0	scored	unknown	additional_free_text_claims_not_semantically_verified		9863800dc14971a0d94617499eaf6a8de6eb61c931b3d2adc0f8d414c0f3eebe
674	C/2009/page_248.pdf-4	2	train	finqa_probe_slot:a3696ac8d42b5e42cd26ba92a0b6c1ca9ef08df075a1fc203854b270ee77f1b3	nonempty	1	valid	True	1.0	1.0	scored	unknown	additional_free_text_claims_not_semantically_verified		a4bbf5cb19e7827ebc6c2638fcf28591c40873e24e7d33a04c9d7fc680af3aab
675	C/2009/page_248.pdf-4	3	train	finqa_probe_slot:da16499d58b822fecbd61c6a8fa9880f0a8e92fc54b3fb3b29762988ff683564	nonempty	3	valid	True	1.0	1.0	scored	unknown	additional_free_text_claims_not_semantically_verified		9a80cd01278fa7d72a4e5d1e37932aff018709367aaea5b58cc8a862bcbeff8c
676	C/2009/page_248.pdf-4	4	train	finqa_probe_slot:f9dd05b7639b01261a9ef1c611ff1ecd52a13a37bf7c51e6dd60a65513320e67	nonempty	4	valid	True	1.0	1.0	scored	unknown	additional_free_text_claims_not_semantically_verified		7a3ae354e55ab9780f0b36c44158946ce351dc8d282271570672dd22469d5d07
677	C/2009/page_248.pdf-4	5	train	finqa_probe_slot:6d6b927f3c2060c96ba82b9a45cefe222658ce1bb4d945139a2b437c2d40e4ad	nonempty	4	valid	True	1.0	1.0	scored	unknown	additional_free_text_claims_not_semantically_verified		a3a658e6316b4c965ff9b791d1d1536cab2ecba036ccd5f38506ee332dd168ac
678	C/2009/page_248.pdf-4	6	sealed_diagnostic	finqa_probe_slot:299e15c5a0634111962be83d145d40a78b8a8c7c62d4990e20968599c5dffac3	nonempty	2	valid	True	1.0	1.0	scored	unknown	additional_free_text_claims_not_semantically_verified		c0d3d47df65d67b8cb94064c06c161099061f8b5a6d6ea6d27b4d8fddb08f681
679	C/2009/page_248.pdf-4	7	sealed_diagnostic	finqa_probe_slot:078db940d8ed0bfcf369b139aaa1859ab30f00e05959347ae98566eedf1bfc71	nonempty	4	valid	True	0.0	0.0	scored	unknown	additional_free_text_claims_not_semantically_verified		1a2b9ab89733611fbbc18ac26a376a36a42df71e62a1eed2e2f04dcb3e2a68a4
680	LMT/2014/page_49.pdf-1	0	train	finqa_probe_slot:24caf5c2c69993c2a4e34714032dffd637dd2e0c938d7d473a9ba2ce83d7b189	empty	0	valid	True	1.0	1.0	scored	unknown	undeclared_Final_dimensionless_scale		4f4d2b2b4d4543772bb4b1fc40cc587c90f420119a3077b6eec2f41f0557ee75
681	LMT/2014/page_49.pdf-1	1	train	finqa_probe_slot:5a3945e163cc781df7a48edb00f38b83ed84f64a1dce164b0b15233c43742f77	nonempty	3	valid	True	1.0	1.0	scored	unknown	additional_free_text_claims_not_semantically_verified		c7165b48af772179e2216cee9fc639ebe325dde6a6a3016677e645e0391a6f5c
682	LMT/2014/page_49.pdf-1	2	train	finqa_probe_slot:9e104591df6f2dbe76ca5c30f9b086beb2faac1206a2d0bf6507a51827ae4d4b	nonempty	2	valid	True	1.0	1.0	scored	unknown	additional_free_text_claims_not_semantically_verified		610a04da303afe7ed7a6c0ec7ae1853f5de856bddbfbd1c51d263e5000d1b56a
683	LMT/2014/page_49.pdf-1	3	train	finqa_probe_slot:3196277dc22befadd86a285e323d1d5c3f44e99f35dbcc92ae2e3b8502136acc	nonempty	2	valid	True	1.0	1.0	scored	unknown	additional_free_text_claims_not_semantically_verified		4648c82af324936d2d6a944616b30ea914fe22721885cd6c637fe0e62682a923
684	LMT/2014/page_49.pdf-1	4	train	finqa_probe_slot:e3d1a6797bdcc5c2c202980d30b418a45667c4493e3ad75ebb65d070b287699d	empty	0	valid	True	1.0	1.0	scored	unknown	undeclared_Final_dimensionless_scale		f02b7337e8cb85c4f40a9cf4551ba59c221f75cc15be75c64dfdfd38299f3254
685	LMT/2014/page_49.pdf-1	5	train	finqa_probe_slot:4f8893362b38e7572bfc61c073408db7aedb109e676c60e0ff61233c8f7f168b	nonempty	4	valid	True	1.0	1.0	scored	unknown	additional_free_text_claims_not_semantically_verified		0bf3ba86e009c1178ef2a283c0a13638d0f7f70ba8a3fe5b79ae1fdfd492c8b2
686	LMT/2014/page_49.pdf-1	6	sealed_diagnostic	finqa_probe_slot:4b8b3912d35393f808d465141febf566ce915d1e4fe09bb02e954208634661ab	nonempty	4	valid	True	1.0	1.0	scored	unknown	additional_free_text_claims_not_semantically_verified		3baf86429237b63065e0d00f103396c489a7fa05f0f751850a3bc6ec51efa517
687	LMT/2014/page_49.pdf-1	7	sealed_diagnostic	finqa_probe_slot:d1cf552379cc839ee0b59d9572a7f5bfce5d733c60419b31917e88f74713c3bb	nonempty	2	valid	True	1.0	1.0	scored	unknown	additional_free_text_claims_not_semantically_verified		c51bbcd84492133647980941045da6c38a4ac1d3d3310298899987dd779d4f27
688	C/2009/page_41.pdf-2	0	train	finqa_probe_slot:af3778e8b066bbacdba0592ccb29f8ec6ddcb7a8335fb15f314d8a10accdc09d	nonempty	4	valid	True	1.0	1.0	scored	unknown	additional_free_text_claims_not_semantically_verified		619d38d1fb70781636a01058cd32cf291268234ae5386798c85dd96734a8066f
689	C/2009/page_41.pdf-2	1	train	finqa_probe_slot:9295e0c51e5cf2088769628de17820b52008759a104beffe505fa137d9965828	nonempty	4	valid	True	0.0	0.0	scored	unknown	additional_free_text_claims_not_semantically_verified		7a43824a8aee1eb42ee83a54791b53d8d42c3e7b063f540333d24557a295db72
690	C/2009/page_41.pdf-2	2	train	finqa_probe_slot:2ce70139835544956b9e5aadfe636e4d545e84e1a44e74fb4698962452f9a450	nonempty	3	valid	True	0.0	0.0	scored	unknown	additional_free_text_claims_not_semantically_verified		f5aeccffb663a1f7e98204cde96e77b365a4b6bf8e781b6113c25ecfcd87f43e
691	C/2009/page_41.pdf-2	3	train	finqa_probe_slot:fe64b60003efd3f312956b1f2f2a9eae1695a105cf6bc7cbbb41f2cbd2de2ca8	nonempty	1	valid	True	0.0	0.0	scored	unknown	additional_free_text_claims_not_semantically_verified		26845036c0d78329c05967add290614d007557bfaedd0a742c999e499cb38e3a
692	C/2009/page_41.pdf-2	4	train	finqa_probe_slot:9e0be66b7399a35b9e1fdac6107621d1a3a16f39fa2581425c43406bb9666316	nonempty	4	valid	True	0.0	0.0	scored	unknown	additional_free_text_claims_not_semantically_verified		6dfd2615a998332f5c4e5c852a910468e81081cc3630ca79ca03d05ab887a2b5
693	C/2009/page_41.pdf-2	5	train	finqa_probe_slot:731b6befc59427537f5040d72079d85cc24e8289d4ba2234fc4edd1dcc504962	nonempty	4	valid	True	1.0	1.0	scored	unknown	additional_free_text_claims_not_semantically_verified		fb23b072129185b09f12a0fd2cd18109f10bb2c09647d4a59baccee28b1c7697
694	C/2009/page_41.pdf-2	6	sealed_diagnostic	finqa_probe_slot:6bf39e3d054b9ae4601c2790143bf1a3175619b133284fd67c3e44f3446c34e1	nonempty	4	valid	True	0.0	0.0	scored	unknown	additional_free_text_claims_not_semantically_verified		6e0d2b92969feeeaf94fb5f79d421d2b93bf2b01f915ed0da9765aaf95a92ea4
695	C/2009/page_41.pdf-2	7	sealed_diagnostic	finqa_probe_slot:39f6f52405abf41c5c006fd8736013edee6fb9052fe1fc9a301ff192232ec4b1	nonempty	4	valid	True	1.0	1.0	scored	unknown	additional_free_text_claims_not_semantically_verified		9de719682f8a582cc23727bf0438c7b8db161f3fb2575793e5e62325abb339e2
696	EOG/2017/page_93.pdf-2	0	train	finqa_probe_slot:469e532477de2a4cf522177be0e66217dbd820803ca9611683386fb2077fb88f	nonempty	2	valid	True	1.0	1.0	scored	unknown	additional_free_text_claims_not_semantically_verified		fe2fa9c960948a5d65a8f71d62d98e6302e286a06853dca5a9cd6b68e1f1029a
697	EOG/2017/page_93.pdf-2	1	train	finqa_probe_slot:1cae25a21487e22f2db708c5ceec420c60d3bf70e7322d3925af7b267688ab18	nonempty	3	valid	True	1.0	0.0	scored	unknown	additional_free_text_claims_not_semantically_verified		1c721bf4e067b29c525694ca3414f367e60608c633bea770a50f05331764bb72
698	EOG/2017/page_93.pdf-2	2	train	finqa_probe_slot:91fa8024541fdd7ed316dd6e2fefa15ce33ec83c2451a586d4ab5994d787060f	nonempty	3	valid	True	1.0	0.0	scored	unknown	additional_free_text_claims_not_semantically_verified		8fb9fda642d8f299a8765e4c4a615aca68d16ea1ef51cc992f2b429c70a381b2
699	EOG/2017/page_93.pdf-2	3	train	finqa_probe_slot:b15166f11512e80241af601c46f6725dc75262dac7666b7d83a003fcc29cc7c3	nonempty	4	valid	True	1.0	0.0	scored	unknown	additional_free_text_claims_not_semantically_verified		42e1172a94ffd47c1ce9cf5f5c2614b1d543137d6cd9f005d844e0cb05bfd2a7
700	EOG/2017/page_93.pdf-2	4	train	finqa_probe_slot:988389b85cb95461bceb41f799c86c6df49d803ce6b10df7cbbab9c89020784c	nonempty	4	valid	True	1.0	0.0	scored	unknown	additional_free_text_claims_not_semantically_verified		831801d5df545b9c2fc8b9f20fc0b3c24c69144f44b5c22df24d5540f25e31ae
701	EOG/2017/page_93.pdf-2	5	train	finqa_probe_slot:0bad09a906844d2c51fe5b5ef88198db740d150419db617fe64ef2999135a849	nonempty	4	valid	True	1.0	0.0	scored	unknown	additional_free_text_claims_not_semantically_verified		f6c3f22ad46978f63b2f404929b092ef07cda89c01715419ee096497709793a0
702	EOG/2017/page_93.pdf-2	6	sealed_diagnostic	finqa_probe_slot:3b105e484feb41b2b7d25b1a3c251351a77c585161c1822626657af787dfd947	nonempty	2	valid	True	1.0	0.0	scored	unknown	additional_free_text_claims_not_semantically_verified		ea3661074ae53d664c4fa577d86f4099da9424c38dcbd30627e2ee67789fa548
703	EOG/2017/page_93.pdf-2	7	sealed_diagnostic	finqa_probe_slot:e724bf38edebe6f55898e5c0800e94a3a4ed161b0329dca02d8943f1c16d2e9c	nonempty	1	valid	True	1.0	0.0	scored	unknown	additional_free_text_claims_not_semantically_verified		7b543452236f0655101fda4e082516e3f15217498a0bec01c16cfd979268b687
704	SNA/2013/page_59.pdf-1	0	train	finqa_probe_slot:7a7754096947f7061d75b17eaff333cb5232360495e82841fbb79d05ba164c49	nonempty	1	valid	True	1.0	1.0	scored	unknown	additional_free_text_claims_not_semantically_verified		b9148aee15c3d3dab2b5edc6a4281846d0e821f5b868c7d9600b7d9dfda3943f
705	SNA/2013/page_59.pdf-1	1	train	finqa_probe_slot:0edfeaf55236ef2065748b9ceb463cb097cd77a5122a583c959fdd52e84018d4	nonempty	3	valid	True	1.0	1.0	scored	unknown	additional_free_text_claims_not_semantically_verified		a3df687834b27d93a12c6fb7d362cb3d4f77d1eee28ccc31d00b2b0146598fc2
706	SNA/2013/page_59.pdf-1	2	train	finqa_probe_slot:1e4d7ed7d39afa66771dfc143a9612b4bcc779c8aeab01ed3c537dd793288f58	nonempty	2	valid	True	1.0	1.0	scored	unknown	additional_free_text_claims_not_semantically_verified		73292ebacf2ae340d81451b83b8db2429cac878581b0a94128b27217ae9a485c
707	SNA/2013/page_59.pdf-1	3	train	finqa_probe_slot:06fb441bb2882d3947c215db359b9a8151d8db99729ef8d3759d245c451ae72b	nonempty	1	valid	True	1.0	1.0	scored	unknown	additional_free_text_claims_not_semantically_verified		e1d749d8233e4cfc95c0ebc38d8a17eaa8cd97f3785a675d9d60114b26a96741
708	SNA/2013/page_59.pdf-1	4	train	finqa_probe_slot:5f9b3315293bfb185d0c8809c1b96a290b6ee0cce8a67f7ac90fe09aae6c3511	nonempty	4	valid	True	1.0	1.0	scored	unknown	additional_free_text_claims_not_semantically_verified		089b266e6f5bdb75fc8364ae7fc53883fa713751943c2cc0a7b3c881d9a80890
709	SNA/2013/page_59.pdf-1	5	train	finqa_probe_slot:466a91e002bafcecb35496367bbb27208d257f5241693a0ad5cbea564d15ae44	nonempty	2	valid	True	1.0	1.0	scored	unknown	additional_free_text_claims_not_semantically_verified		bbe089cb433bbf799985664ab0fb640230e365930d649caff7a1f1d1c7d6f056
710	SNA/2013/page_59.pdf-1	6	sealed_diagnostic	finqa_probe_slot:213ed3769f6c490a73998befd8577572342c2388a5d0421395f2fac97edd22ae	nonempty	4	valid	True	1.0	1.0	scored	unknown	additional_free_text_claims_not_semantically_verified		1f4030d947981eeb5b2bbfd24f7cb5f102d223aca539af377a43da9c1b18728c
711	SNA/2013/page_59.pdf-1	7	sealed_diagnostic	finqa_probe_slot:9dd8c0eaaa835e92ed670e22af3e530b6d7c76b44879ff257a46c33012d9a986	nonempty	2	valid	True	1.0	1.0	scored	unknown	additional_free_text_claims_not_semantically_verified		2806c935384a87ff87d0e0d3a621233b7608ad19604eaef7ae7711a0a5fc42c8
712	LMT/2014/page_45.pdf-3	0	train	finqa_probe_slot:51077036d508e752dd276fc490d2e77c41e0d9b7fb7e3229265e7e0b01b08d52	nonempty	2	valid	True	1.0	1.0	scored	unknown	additional_free_text_claims_not_semantically_verified		aa4c35cb22268e76432d988016e1988d9780732a5a86665447c03241dafc7161
713	LMT/2014/page_45.pdf-3	1	train	finqa_probe_slot:f7804fc903e9ec14896c2a3032dfbe109eda51aeb0564b3f34783ec1933f2689	nonempty	1	valid	True	1.0	1.0	scored	unknown	additional_free_text_claims_not_semantically_verified		277c14e19fb04aa2bd2607e5ea9d1fbd720c9a8e7752a5626b272786949595cb
714	LMT/2014/page_45.pdf-3	2	train	finqa_probe_slot:7c1f3a338679e173913e481a84bfed5e9f96a4c65910b94d8550b778e890c4dd	nonempty	3	valid	True	1.0	1.0	scored	unknown	additional_free_text_claims_not_semantically_verified		8728b67f6d34c5f4ab0be7e2b7a58b42d61f7d5499f56268a310d20580e132b7
715	LMT/2014/page_45.pdf-3	3	train	finqa_probe_slot:9ae85afae0e37d37257dcc3c36ab056d9ae5c3aec730843eaf809846cdfd63c3	nonempty	2	valid	True	1.0	1.0	scored	unknown	additional_free_text_claims_not_semantically_verified		74190584bba48a4cdf1b46e810d9ad38fe80e04e69dbadc46f2554dbec236688
716	LMT/2014/page_45.pdf-3	4	train	finqa_probe_slot:b31db87c1647094ba90b3b5c4b09e3267928b48f3dfbf45460a96902d68a148f	nonempty	3	valid	True	1.0	1.0	scored	unknown	additional_free_text_claims_not_semantically_verified		614ec53919a782ea86ab2a45e210d99dff5e9fbf80a9f684bedc3372b34c489d
717	LMT/2014/page_45.pdf-3	5	train	finqa_probe_slot:01333245867ffca9f60ec58e578571d715fd0a91fed2c0fc66048c1a5c8e3ff0	nonempty	3	valid	True	1.0	1.0	scored	unknown	additional_free_text_claims_not_semantically_verified		aa64580760e5e83f9b7ad7aef5790bf726a1fbf98be4d96b3d9bb2ecc54c2fe5
718	LMT/2014/page_45.pdf-3	6	sealed_diagnostic	finqa_probe_slot:fee0ee8f3985cd882af70232170175ae0ebe4208eb071d529abfef83aa22a3d8	nonempty	2	valid	True	1.0	1.0	scored	unknown	additional_free_text_claims_not_semantically_verified		a8db8239a04ae7d599909dee532b093f3cc70ab6f54069b14665ffedb8bafb36
719	LMT/2014/page_45.pdf-3	7	sealed_diagnostic	finqa_probe_slot:b53f64c9bb67d5af6aa0e254a20d7079773c2b86f0e0b019f54a7f8892e939c9	nonempty	3	valid	True	1.0	1.0	scored	unknown	additional_free_text_claims_not_semantically_verified		3f82e4cb8f4d5acd9fd38f969ea73e45702b8fb7f20e260faa9fef720da9a5c3
720	AAPL/2013/page_39.pdf-2	0	train	finqa_probe_slot:4ea47d91d02d7cebfeaab01210cfa00f3ce1f9d134250fa1ea595035e183fc2f	nonempty	3	valid	True	0.0	0.0	scored	unknown	additional_free_text_claims_not_semantically_verified		e5415e7ad799730536bc5f6b55644921ba4bb44820ee20fe62cc1ebaf812eecf
721	AAPL/2013/page_39.pdf-2	1	train	finqa_probe_slot:b6a7b1219753c4712c0f6016c168da650f41acc35d048dc93b1b005efd2d5e3b	nonempty	2	valid	True	0.0	0.0	scored	unknown	additional_free_text_claims_not_semantically_verified		06eba78f4601ca1c54ad0a9106102d678679dbc93a81add7094be2c474e28d28
722	AAPL/2013/page_39.pdf-2	2	train	finqa_probe_slot:e77fe5698f3deea02807995f6ec79060c614fcb00a86ac36be6ca52d7eaceae4	nonempty	2	valid	True	1.0	1.0	scored	unknown	additional_free_text_claims_not_semantically_verified		f4cb55005b899771c298dfaf916e808ed1bf4b88a2b164161d2ba83e6bed9e7c
723	AAPL/2013/page_39.pdf-2	3	train	finqa_probe_slot:03d723f2812f776e345ea1b74d4f6a413d64ff5ac006d2ed630f83927f11ea93	nonempty	3	valid	True	1.0	1.0	scored	unknown	additional_free_text_claims_not_semantically_verified		7aee508aadc392b279f895892e59c6d7c6ae370ff14a411ec79ca16da6b129a4
724	AAPL/2013/page_39.pdf-2	4	train	finqa_probe_slot:a8c82e23b04d69559fbeb2e2aea7cd21f7df12530d032ccef624c767ccee0580	nonempty	1	missing	False	0.0	0.0	invalid_prediction	invalid	normal_terminal_has_no_completed_Final		65a48af201f0e743ef344a958e669deb2a6ae3fb2b9c64daf827181dce1af1ea
725	AAPL/2013/page_39.pdf-2	5	train	finqa_probe_slot:aba15c789b97f9b09f260cd535a5c5b22390703b1a8a16bc3f448ae91f35a65c	nonempty	1	missing	False	0.0	0.0	invalid_prediction	invalid	normal_terminal_has_no_completed_Final		4ddffe6a5ccd2adefcece5671706c4cc4f1010a82e3149a47104fce2e5477bee
726	AAPL/2013/page_39.pdf-2	6	sealed_diagnostic	finqa_probe_slot:d7ca1edd3ffa4591ef3d749c362f50440167006ea03f7d0db2b539abfb5c048d	nonempty	2	valid	True	0.0	0.0	scored	unknown	additional_free_text_claims_not_semantically_verified		32ea2755191dc49f03496d30a7ddacc162a9962ce2525d0e89ad9afaf966e782
727	AAPL/2013/page_39.pdf-2	7	sealed_diagnostic	finqa_probe_slot:4ff4f8d3402b98fbcef72da4af509fa894e86dcbd6416567635019aa0c673ef9	nonempty	2	valid	True	1.0	0.0	scored	unknown	additional_free_text_claims_not_semantically_verified		9cf570b09582b4f9c922cabe3cd36c83c7fc308888642a8331ae604797d46edf
728	ORLY/2016/page_29.pdf-1	0	train	finqa_probe_slot:6540dc3d7e9fc015a292a35bc2ab84931083eb29a25eaeec59b770e07c6a602b	nonempty	4	valid	True	0.0	0.0	scored	unknown	additional_free_text_claims_not_semantically_verified		57186a645a61807a8cda15c7a4ace1e825a2d31702819eae57c17454a2769d2a
729	ORLY/2016/page_29.pdf-1	1	train	finqa_probe_slot:3c785f18f4b6ec421a453e36b6b25ec5e1e7fc4c8394fbdc4f72339fc423d1fc	nonempty	4	valid	True	0.0	0.0	scored	unknown	additional_free_text_claims_not_semantically_verified		3a6880b097b70d35c8e4b614b796e688ec97314c8b2d09c2fb76d3f99ffa5263
730	ORLY/2016/page_29.pdf-1	2	train	finqa_probe_slot:2bc3660f930b775148830a9d3807626de7b7d5f318b81e8894dd46fdfe792746	nonempty	3	valid	True	0.0	0.0	scored	unknown	additional_free_text_claims_not_semantically_verified		fa66a55fb144a0c837f58c22f55675aa103a758aa200dd235653a0604dcb9447
731	ORLY/2016/page_29.pdf-1	3	train	finqa_probe_slot:ec17549c2df30d4fe8a7a6b3933fa6354e63bd0b14d98e2d58ad0d5f41709c51	nonempty	4	valid	True	0.0	0.0	scored	unknown	additional_free_text_claims_not_semantically_verified		1e8f796699b4f1e37ecf7e03138c5a1eb44cc71f4248a9b976e0b4a18c8c9eaf
732	ORLY/2016/page_29.pdf-1	4	train	finqa_probe_slot:1b2a4793a497a8968179ee97e26c333666231401150367a5db9914924af5ab53	nonempty	4	valid	True	0.0	0.0	scored	unknown	additional_free_text_claims_not_semantically_verified		a9bb811b25962682106da82eb9ce39ca9879f486e39515fd9ee424be687dc6cc
733	ORLY/2016/page_29.pdf-1	5	train	finqa_probe_slot:79d6d66f79007702855eeac032ddd0c6707ba6a2b5ef03a7305f3c7d88990ac7	nonempty	4	valid	True	0.0	0.0	scored	unknown	additional_free_text_claims_not_semantically_verified		60661591fe26073f2a273aa5b70a532e46d8814527aede6572087798b69dde82
734	ORLY/2016/page_29.pdf-1	6	sealed_diagnostic	finqa_probe_slot:423f6723478d342e3c02842cbbb4d0645e129b5fed62b165bacf9c9782c9f4ad	nonempty	3	valid	True	0.0	0.0	scored	unknown	additional_free_text_claims_not_semantically_verified		49bf7684db542d188015feb39de345e84da5514e56432f95a9a1e6956a780fd2
735	ORLY/2016/page_29.pdf-1	7	sealed_diagnostic	finqa_probe_slot:24035ed23e1e3924b1fce62e8c318188d7e63949495895d540df8b50ea9b3c54	nonempty	4	valid	True	0.0	0.0	scored	unknown	additional_free_text_claims_not_semantically_verified		e278ac8243c1d88186d90b421ca14c892d1ba123d15a280b83d2b6f4ca0c5ef1
736	IP/2005/page_32.pdf-2	0	train	finqa_probe_slot:61c6b2110e2db2992f8328224842964f8bb64b257ae3036f38b50a0624241bf9	nonempty	1	missing	False	0.0	0.0	invalid_prediction	invalid	normal_terminal_has_no_completed_Final		afa04582a6eca58d09a9bdd8994d9882ac7bd8d705b440b5aad6495b7e45d50b
737	IP/2005/page_32.pdf-2	1	train	finqa_probe_slot:7f55e33e3bfba2cb1fd37559426664f03442b2c909fa4aac2da7b7424766f9ed	nonempty	2	valid	True	1.0	1.0	scored	unknown	additional_free_text_claims_not_semantically_verified		95b02f4e8afd117fb8ec21fc91ff054ea3b71022a5150486a2341100e12057f3
738	IP/2005/page_32.pdf-2	2	train	finqa_probe_slot:f2fc0ef39c6c0daef3f1ba22c4994c7b3b65b50b58d38528f3ef8f06bf05e950	empty	0	valid	True	0.0	0.0	scored	invalid	submitted_program_result_contradicts_anchored_task		50dd5a69f2b05b43eb972de61f4366225cc858590f278ef8cce34e63873088cd
739	IP/2005/page_32.pdf-2	3	train	finqa_probe_slot:952ca31634c616300cadcb38ae2c3857b250b69b9400f08bcddd43989d57e98d	nonempty	2	valid	True	0.0	0.0	scored	unknown	additional_free_text_claims_not_semantically_verified		d2ed42e57db9cf33a0d3d5e9a3cbb124e69e99852e6d410ee68531be19a461cf
740	IP/2005/page_32.pdf-2	4	train	finqa_probe_slot:97ded7d8944d0fe7c3354c90188f6387c6f7b6e6d427d320bf390cd70ca13fcf	nonempty	4	valid	True	0.0	0.0	scored	unknown	additional_free_text_claims_not_semantically_verified		e124659f9a0b2da7b63ae21455c9f5c309241c356753427adda7444eb28b90e1
741	IP/2005/page_32.pdf-2	5	train	finqa_probe_slot:fbb0d2537c22ad13a5a6f3ce88cd0d57e1fed17eaf8c3433824c948e2d095fa2	nonempty	4	valid	True	0.0	0.0	scored	unknown	additional_free_text_claims_not_semantically_verified		6bddc9aa58709b099a2d0ffd02e2fee527eed5c261114770e17e785f3ca3df7c
742	IP/2005/page_32.pdf-2	6	sealed_diagnostic	finqa_probe_slot:c8da49ec14bdb5c76ca434dd66cd7700e6b321fd48ee0e9f38974d53c0fbcb3b	nonempty	4	valid	True	0.0	0.0	scored	unknown	additional_free_text_claims_not_semantically_verified		de280fd7d569eec7704178529cf2e945ce043f25e50b338d03ae7d7e26cd69ff
743	IP/2005/page_32.pdf-2	7	sealed_diagnostic	finqa_probe_slot:0a17c8695f578b36561b5d60df9047a1c7a37f77cc7769a97b20b6cdf7152dfa	nonempty	4	valid	True	1.0	1.0	scored	unknown	additional_free_text_claims_not_semantically_verified		3c6356dde93ded6aa9915f9308750469ce1c78485f3182b768d696fa9106e68a
744	SNA/2013/page_56.pdf-1	0	train	finqa_probe_slot:d3162410f410f5cac917a0d3e6b8fed125ee4b9ee8fcaa14d6110e8cef087b0b	nonempty	2	valid	True	0.0	0.0	scored	unknown	additional_free_text_claims_not_semantically_verified		88dcb53a0c90944fb2e0b143f2a369a7e8319f7cee5306814ce727e4eba26ada
745	SNA/2013/page_56.pdf-1	1	train	finqa_probe_slot:97f0fdf3a35025665a1ce8afb94fb2ce3d78df70b0f37b0cf5c7ae6e91b6e5d8	nonempty	4	valid	True	1.0	1.0	scored	unknown	additional_free_text_claims_not_semantically_verified		fb6b35fc2dd99209a91ad456eba2c2fb7de05d8c6abafadeb7422a691852166f
746	SNA/2013/page_56.pdf-1	2	train	finqa_probe_slot:4d8a077223b9a1640317e7ee9876cb5accb5de07b7bf1c89b03209251e9f9d20	nonempty	3	valid	True	0.0	0.0	scored	unknown	additional_free_text_claims_not_semantically_verified		8813a2f619673fc65c3f1805d76e5cd8f2ccc6543bacb6981936a8ca2512da48
747	SNA/2013/page_56.pdf-1	3	train	finqa_probe_slot:2ef0809103cce93830610d607b1b47e3a01b73d0a69d6bd295a6fed03739b3cc	nonempty	2	valid	True	1.0	1.0	scored	unknown	additional_free_text_claims_not_semantically_verified		d7bd467822a1ced01b7557c9ce3f67897e501312689d758a30df6824cc8e5a8d
748	SNA/2013/page_56.pdf-1	4	train	finqa_probe_slot:16731b3be65ca15fd812c4170c85126cafc7702fe0d75fe6718ed67b451de859	nonempty	3	valid	True	1.0	1.0	scored	unknown	additional_free_text_claims_not_semantically_verified		8e9103fae12c88f66653e9da667878b44efa353432846832ade86efa7faa3659
749	SNA/2013/page_56.pdf-1	5	train	finqa_probe_slot:9a2eeb22f4a638bcb72388164e3dd918b576cf0a810d1586c70aa14094b91551	nonempty	4	valid	True	1.0	1.0	scored	unknown	additional_free_text_claims_not_semantically_verified		086bed3c8df1eb8713023f8da20b15365b9becb244bde24863c01ebed6b62827
750	SNA/2013/page_56.pdf-1	6	sealed_diagnostic	finqa_probe_slot:ab4a40d2bd520c2408aa9f36ffc123db3a3afa7c24cc56330be1a37cf0fe3ecb	nonempty	4	valid	True	1.0	1.0	scored	unknown	additional_free_text_claims_not_semantically_verified		8547874df0c6be3717d03df901de3dc06fc4dcfe39073098d683ec9d198a0841
751	SNA/2013/page_56.pdf-1	7	sealed_diagnostic	finqa_probe_slot:760607e59f408b488a5a73aa1deefdc1458d6219083a338b1837ba169fbb3750	nonempty	2	valid	True	0.0	0.0	scored	unknown	additional_free_text_claims_not_semantically_verified		9c4d5f5134792ad061292aff8e84d1bd5fe9801bb91aed0daaf7138fccae256d
752	UPS/2013/page_56.pdf-4	0	train	finqa_probe_slot:71a0c6232a1e93b1b130db7021249e191855bb1d83a2431fc4ce286242798fcf	nonempty	1	valid	True	1.0	1.0	scored	unknown	additional_free_text_claims_not_semantically_verified		58cdc8e4205aef1a033a3a262b9bd4b2d0e76368da46d1c33c88e853781a0eea
753	UPS/2013/page_56.pdf-4	1	train	finqa_probe_slot:4bd7dcad97f33451e1aa95dc6bf1cb12a1743e2bbdd366ad9acd79a3d1e64107	nonempty	4	valid	True	0.0	0.0	scored	unknown	additional_free_text_claims_not_semantically_verified		17d9819aedb743e56e7c371f676acd926c64e09f0f705b51533ff6a199d71915
754	UPS/2013/page_56.pdf-4	2	train	finqa_probe_slot:dd7c0df0b6f3cfc105883fcb7c38d798a04c2e6b780a2ad30a159df70af3fbec	nonempty	4	valid	True	0.0	0.0	scored	unknown	additional_free_text_claims_not_semantically_verified		79fae5ea9b029d5e50850748ec14c0a7d50550219a6be5ea07043d619d8af5cd
755	UPS/2013/page_56.pdf-4	3	train	finqa_probe_slot:664729ba1ba32ddb91befb86f31ec6f062f6f5c9fa6b80fcd027f9ca55fc111b	nonempty	3	valid	True	0.0	0.0	scored	unknown	additional_free_text_claims_not_semantically_verified		4ea0bd7a651db16f20fffaf691caacd9b007d0088a0dc804ec9f0a55905e085a
756	UPS/2013/page_56.pdf-4	4	train	finqa_probe_slot:1cbbf8e6027547ab2db830b9752c62747c53e46ddf7528095660e0ea2b932341	nonempty	4	valid	True	1.0	1.0	scored	unknown	additional_free_text_claims_not_semantically_verified		127ad58f54f805a8e85082497f7f9dada4a170d8a0490e35e9c44022a7223e67
757	UPS/2013/page_56.pdf-4	5	train	finqa_probe_slot:3f70b15c867911bd25db5c14617c9071774319324c9f8799b96efdbc9512f20c	nonempty	4	valid	True	0.0	0.0	scored	unknown	additional_free_text_claims_not_semantically_verified		293edf731385d65b265d46a15e27722d09127a4051dafab62748f071c73a932d
758	UPS/2013/page_56.pdf-4	6	sealed_diagnostic	finqa_probe_slot:824ddd8894b2162948cdf5fb69ca97a4ca8b2b4ff1a81576d3dfb4ebf4973381	nonempty	1	valid	True	1.0	1.0	scored	unknown	additional_free_text_claims_not_semantically_verified		28b3e5733a9548513edb251fa315c71d34fcbdbbde374addfaf6a8622303193a
759	UPS/2013/page_56.pdf-4	7	sealed_diagnostic	finqa_probe_slot:801e412c2b2658b64cb61b154c26692a6b9735150dc407a921889866de7794fc	empty	0	valid	True	1.0	1.0	scored	CompletePass	finite_author_anchored_source_execution_delivery_proved		5ec3b04e2b48cb44642f5865c6625e2cd1ebd85d66e59363345e99d1e103b0be
760	MRO/2012/page_41.pdf-2	0	train	finqa_probe_slot:460db9d190276d3088753122f637ed124233dc542ebeefb88e4f284cf76ef0ce	nonempty	1	invalid	False	0.0	0.0	invalid_prediction	unknown	additional_free_text_claims_not_semantically_verified		18b7ba5d613b2bf49405bc1fb38cf5dee6caed56e8b843148fb20884254d5025
761	MRO/2012/page_41.pdf-2	1	train	finqa_probe_slot:9aea993ac02f8964470ca37307c99d728a2e82b49a3d9d9945cc9ebc65fac0c9	nonempty	2	valid	True	1.0	0.0	scored	unknown	additional_free_text_claims_not_semantically_verified		809dd6cecdd98ac593001a2574900d26b6bf30b2ee78df718ed296776ba285e1
762	MRO/2012/page_41.pdf-2	2	train	finqa_probe_slot:926d4fb69acf4928f396891061e2d3c7463158d9051048c66e38d2dae36e206e	nonempty	2	valid	True	1.0	0.0	scored	unknown	additional_free_text_claims_not_semantically_verified		b87043150c66e140b34627e223af1a5c765b8ce78beff286b82abc07f9383c0a
763	MRO/2012/page_41.pdf-2	3	train	finqa_probe_slot:e03f8982852650860d3b4d0aa554176251f84c53770424d97723c8b3e929efab	nonempty	2	valid	True	0.0	0.0	scored	unknown	additional_free_text_claims_not_semantically_verified		db12eabc433aebc90f7f6bd959c17a80ee11582d6a9c4e9d7cabf10a8888dad2
764	MRO/2012/page_41.pdf-2	4	train	finqa_probe_slot:806e07b0a6437f1e79ee290271263c5219c4a71619d92796eff9955b310fd0bc	nonempty	2	valid	True	0.0	0.0	scored	unknown	additional_free_text_claims_not_semantically_verified		0e64881c2495b55e94f07a0155ecd3a99e70d6070cc6c5d1bb058d01a7531201
765	MRO/2012/page_41.pdf-2	5	train	finqa_probe_slot:3d0af31f6cee5d2821349e6e7173d67d7c8d136c19fc69746f947dffe0b17585	nonempty	1	valid	True	1.0	0.0	scored	unknown	additional_free_text_claims_not_semantically_verified		f925ed1bffead582c327bf8e6d812f1cde0f14e6429d95d4db8449746780c42a
766	MRO/2012/page_41.pdf-2	6	sealed_diagnostic	finqa_probe_slot:27b3e03cf64901e6011ef8303f1024e6bdff56140c51b1741ada91fe54293ebe	nonempty	2	valid	True	1.0	0.0	scored	unknown	additional_free_text_claims_not_semantically_verified		d4b1591fa96d95b126bea126e66d1926173ae231f4cf6eb313b66515829d521a
767	MRO/2012/page_41.pdf-2	7	sealed_diagnostic	finqa_probe_slot:d7badaaf8a52e7b63eb5dc12a6925d9b42b892766ff46d6adf05fb92159f2fa8	nonempty	2	invalid	False	0.0	0.0	invalid_prediction	unknown	additional_free_text_claims_not_semantically_verified		1298ae8f7a068ce37910e39921b8f27e925074ad97020fb35aced8f79af6227d
768	AAPL/2014/page_26.pdf-1	0	train	finqa_probe_slot:13dbfebaf6f8ff5c2c0eb2e94d88bda99008dabb6fa2b156a29f602f7bbc07fc	empty	0	valid	True	0.0	0.0	scored	invalid	submitted_program_result_contradicts_anchored_task		e7c989574a151e2f00b1c2d96496f540cad8a502e2a4c4f135e7fc2b6a8b2916
769	AAPL/2014/page_26.pdf-1	1	train	finqa_probe_slot:1177a78e737ae3737673c9e531e55e8a833636b42fe12f6fe424985f666929f2	nonempty	3	valid	True	1.0	1.0	scored	unknown	additional_free_text_claims_not_semantically_verified		e67a2263dfebe88802a021ef731ef6d1a2aea1fed9b18309aa117da4d6f552c9
770	AAPL/2014/page_26.pdf-1	2	train	finqa_probe_slot:b03a569cbd5a0ec5d0dc9157a68fe6be143ff23484b8b4ecc367d4d53b0b2487	nonempty	3	valid	True	0.0	0.0	scored	unknown	additional_free_text_claims_not_semantically_verified		8ac7f5731869611b25ede5d654a57efdbff5da3cf670c1aa5577ee99a7f58190
771	AAPL/2014/page_26.pdf-1	3	train	finqa_probe_slot:9b04ab9cd4bc42d88fb8639d6c1263009dc291b1e9fceaca4b36e82697c7f7f3	nonempty	4	valid	True	1.0	1.0	scored	unknown	additional_free_text_claims_not_semantically_verified		6a979217d243b53825bd0877ad30d60dcf04c721120c9e1b713baa0d393aa96c
772	AAPL/2014/page_26.pdf-1	4	train	finqa_probe_slot:56fe362513635146e478701323abc29af564707cd3c43651f31c9ae6ad0e29a7	empty	0	valid	True	0.0	0.0	scored	invalid	submitted_program_result_contradicts_anchored_task		2f684c309e5ccd832aa97077064823fbfc9224b3695de82c8281695d52baa150
773	AAPL/2014/page_26.pdf-1	5	train	finqa_probe_slot:85cc7d06e65d3ee39943f33ff7116c933fa65cac437489fb584acc791c224c39	nonempty	4	valid	True	1.0	1.0	scored	unknown	additional_free_text_claims_not_semantically_verified		39a60bb1263e49ab214b6b1bfc6c842e427930c06deb68dd67cd91120cb0ccb4
774	AAPL/2014/page_26.pdf-1	6	sealed_diagnostic	finqa_probe_slot:408f6379654052c11b2cebd21661f7923cc0b43a9a1818c87facac2911c20657	empty	0	valid	True	1.0	1.0	scored	unknown	undeclared_Final_dimensionless_scale		a4ff80ce849d9bcb7b172b1e4a71b539adeefeac224f202a70e4bb6dd30e472f
775	AAPL/2014/page_26.pdf-1	7	sealed_diagnostic	finqa_probe_slot:0f3d8cfb187f9b235b96dcf8a5aa74ee6ff12c50d363a8375ef6d0cc40f7d4d9	nonempty	3	valid	True	0.0	0.0	scored	unknown	additional_free_text_claims_not_semantically_verified		dcdffb3c9388e73becef144b1b0a8e762310d291464ec3825a09186d65f69b32
776	LMT/2014/page_85.pdf-2	0	train	finqa_probe_slot:e0430157d3bb3ef0b220c139bac6bc289e0d81419b6aea4aa21b9cda6190a919	nonempty	4	valid	True	1.0	1.0	scored	unknown	additional_free_text_claims_not_semantically_verified		28618a59f0ecf41ca025d9217047cdb8b82a6420e39f7c0433ec1cba5239d98c
777	LMT/2014/page_85.pdf-2	1	train	finqa_probe_slot:e1c19ab235545ad145f89b2b0efce0b3052cd03fc96196a75e68311db2e4ae3b	nonempty	2	valid	True	1.0	1.0	scored	unknown	additional_free_text_claims_not_semantically_verified		9c484675adb22e6f2f52ffa7d2b19a4b85e9daf361dbfb84373892889c4fdbe8
778	LMT/2014/page_85.pdf-2	2	train	finqa_probe_slot:fc4fce2e136c5a43dea377eca03f2fd102ff3a725a1acaf06f6fde2d9a9f4b4d	nonempty	1	valid	True	0.0	0.0	scored	unknown	additional_free_text_claims_not_semantically_verified		865ab8840ea1d4a53ea8dc960b3b51f4db1f563d7c6084e88f6596c1d7665575
779	LMT/2014/page_85.pdf-2	3	train	finqa_probe_slot:443ee4d1ce56bbf648ab296ca612d57974b198b8f2643f820b2cd32fd963a487	nonempty	3	valid	True	0.0	0.0	scored	unknown	additional_free_text_claims_not_semantically_verified		90f67eb96eef248205961c7cc6cba91ac4d0836262ec6a68ab4de17117d63ea5
780	LMT/2014/page_85.pdf-2	4	train	finqa_probe_slot:e122342a728ed99521cde7ce36a03955b63f5e68bedce329da56e7279177fe8e	nonempty	4	valid	True	0.0	0.0	scored	unknown	additional_free_text_claims_not_semantically_verified		c87835bb6b5e08dbf3877e83698bc8a74f2c421af5922d7901fc8a7975c1fbdd
781	LMT/2014/page_85.pdf-2	5	train	finqa_probe_slot:0313f71af71488fc7abbe78d7a1ef78985d57732fe392a1725df55bc4707f6df	nonempty	4	valid	True	1.0	1.0	scored	unknown	additional_free_text_claims_not_semantically_verified		d15b410b8da16f0efc91ec1988f9c22e7f3e43596d842ff9c1573308e8db8582
782	LMT/2014/page_85.pdf-2	6	sealed_diagnostic	finqa_probe_slot:0be35493847626e56ba458998b5b866a81dcec30c709b81783810bc94f9ee0a4	nonempty	3	valid	True	1.0	1.0	scored	unknown	additional_free_text_claims_not_semantically_verified		b5745c175e4d751ce50e70aa7dbe3bc0ad36909b238b35b4b1b599d0a93df51b
783	LMT/2014/page_85.pdf-2	7	sealed_diagnostic	finqa_probe_slot:51f7c451d51c59f4cc190fdc955bc51a84a055c5ece83b4fdb4215d9e71cdb52	nonempty	4	valid	True	1.0	1.0	scored	unknown	additional_free_text_claims_not_semantically_verified		40007e7012aeab517084bc589d3f5c8a126604f7796dd6389d6e43b58f232312
784	GPN/2016/page_83.pdf-4	0	train	finqa_probe_slot:978385bff49b58b6c239a4a7ddf4ee424c4d893b31d1dcd7f45b9a739a687b70	nonempty	4	valid	True	1.0	1.0	scored	unknown	additional_free_text_claims_not_semantically_verified		798cff95c3ed811f53067196c0ee59de05c43fc4da5c3b67c06e4b8312e66b86
785	GPN/2016/page_83.pdf-4	1	train	finqa_probe_slot:a1250ac2621fcea9fc51ee6a33a01612a324be8df4b40cc59a406b5547471de5	nonempty	3	valid	True	1.0	1.0	scored	unknown	additional_free_text_claims_not_semantically_verified		8b178ae14c77183602b27296142e0ef75247670fbcd5d68d544e332e95109e46
786	GPN/2016/page_83.pdf-4	2	train	finqa_probe_slot:9ef66a42cec8b903d8230181e8f1d83afcf0d2997664fb1940c544c5cff8029f	nonempty	4	valid	True	1.0	1.0	scored	unknown	additional_free_text_claims_not_semantically_verified		2cc65e163c69f9853e4cbb64cb24e50bb3162fc5862978f760e829bea2b116f6
787	GPN/2016/page_83.pdf-4	3	train	finqa_probe_slot:51274f67281fc5636856f18610f923a223b5c2c3832fc43c2706aa0e5e187257	nonempty	4	valid	True	1.0	1.0	scored	unknown	additional_free_text_claims_not_semantically_verified		ab6e9e1eab728a46a978db88b82e7eab1ccfaed6bce755b2e1b04dc6512cf19c
788	GPN/2016/page_83.pdf-4	4	train	finqa_probe_slot:41a73438690f9a9952324c662b2194edb8aad81b0af14f9757ed5bf09447e769	nonempty	4	valid	True	1.0	1.0	scored	unknown	additional_free_text_claims_not_semantically_verified		adc7d48129bb3dfb381a2059293c82b5297a77136cf0d8cf7ce17ae61ae42de0
789	GPN/2016/page_83.pdf-4	5	train	finqa_probe_slot:7f493e0a5221e9b49e4c1d8d9d4fa4b20beb2ece432871e99e6b9cc7436df132	empty	0	valid	True	1.0	1.0	scored	unknown	undeclared_Final_dimensionless_scale		22dc81faf3e3e314882b1fc0f9ce50366c2092ac3ed42f619c200966295cdb7f
790	GPN/2016/page_83.pdf-4	6	sealed_diagnostic	finqa_probe_slot:702235a50304c671c9175c112fb378d79a6c3d3da6b7ee7ed00d86f62fcee720	nonempty	1	valid	True	1.0	1.0	scored	unknown	additional_free_text_claims_not_semantically_verified		58a7b2bd604e44bbea74927567e5ec5ff10a18c94dd34ebe0000f6bf0881dd05
791	GPN/2016/page_83.pdf-4	7	sealed_diagnostic	finqa_probe_slot:8660546e7f36f13a65f885ea9433a4ba22dd54976b032acd23ba135164e4cd35	nonempty	4	valid	True	1.0	1.0	scored	unknown	additional_free_text_claims_not_semantically_verified		c7ddbdf36dc38d28284e5c30a9ad3f55288aaf5599d251c9d0708e1ab5822a74
792	SNA/2013/page_56.pdf-2	0	train	finqa_probe_slot:05bf948b8c86ac34f4bc49c7edd1d3d4906f4e6b998c847bef99f5c8df8d82ab	nonempty	2	valid	True	1.0	1.0	scored	unknown	additional_free_text_claims_not_semantically_verified		0ae9f458eaccf5a892e2734e1ed271e054d8d8fb1f04a0875e94d076d6f2c408
793	SNA/2013/page_56.pdf-2	1	train	finqa_probe_slot:7952c3bb4fa716852b8758f22ef35c05eb76ed34d445214c711b96915275c2eb	nonempty	2	valid	True	1.0	1.0	scored	unknown	additional_free_text_claims_not_semantically_verified		ab7e375696f10e2534402c91ed95d2f00322974e83bd173df7a7cced438bd9ef
794	SNA/2013/page_56.pdf-2	2	train	finqa_probe_slot:c4c19c7a32bf38422e3a31e30b4f5b35debe808e31fa97830204ca5a6b14e817	nonempty	2	valid	True	1.0	1.0	scored	unknown	additional_free_text_claims_not_semantically_verified		937b39693124b6a89f767d2ca1250ad337584e0d612273096702931157c83be6
795	SNA/2013/page_56.pdf-2	3	train	finqa_probe_slot:36c3e76e80e82f3bfea5e0acd30bbb34ded620654b91010b5634d8c4940b394f	nonempty	2	valid	True	0.0	0.0	scored	unknown	additional_free_text_claims_not_semantically_verified		dcdba6c8e598dc4742ee0c6751f46504b6bb46292ae0653a872ac342cc15b4de
796	SNA/2013/page_56.pdf-2	4	train	finqa_probe_slot:e8f349416a5fd8f1263d0456088e28fba38d6ef7c424116541d4ba03dc3b3481	nonempty	3	valid	True	1.0	1.0	scored	unknown	additional_free_text_claims_not_semantically_verified		3170afdb0de182f651a2268365d2d9cd16e341bf7b44a8eb0c5a1fb3abaac3f8
797	SNA/2013/page_56.pdf-2	5	train	finqa_probe_slot:26b7192bd456ec7e274e2f943ec8433d848b0ae97f855c73b186b136ea53ca23	nonempty	1	valid	True	1.0	1.0	scored	unknown	additional_free_text_claims_not_semantically_verified		27f6c71dc45f91cdc8008698a730eff9d94d07659f75cd931e48a780ccb6f0f5
798	SNA/2013/page_56.pdf-2	6	sealed_diagnostic	finqa_probe_slot:1b8954b201ff5c1cf32d1c87416526c5d9133967acd1006a98130236b2efffa5	nonempty	2	valid	True	1.0	1.0	scored	unknown	additional_free_text_claims_not_semantically_verified		53132d8acb1d60ff1b3a15b618dc0a56c83e00788a72fb349c61ebe7ff7f83dc
799	SNA/2013/page_56.pdf-2	7	sealed_diagnostic	finqa_probe_slot:540036f56a5bc15608878cc14cd2f1552823a01c3c7d1be5ffb1150e880bba50	nonempty	1	valid	True	0.0	0.0	scored	unknown	additional_free_text_claims_not_semantically_verified		ea5ecf89f4f5ac47b4514c25545b4a8e44585de1bcf174798f9dcdde8cc20f6b
800	HIG/2012/page_132.pdf-1	0	train	finqa_probe_slot:4f475004c17db7bed62b0a69512d0cf341be57281d83ef1fd4370523ddd9c5e3	nonempty	2	valid	True	0.0	0.0	scored	unknown	additional_free_text_claims_not_semantically_verified		2a54ed9e2f07235607947c91e891ef7a8e2a0eeda6a24718774dee3b1fa75611
801	HIG/2012/page_132.pdf-1	1	train	finqa_probe_slot:40e385cc141c694fdbc1077f8c321565b36af75530f58f3de33594cb82049545	nonempty	3	valid	True	0.0	0.0	scored	unknown	additional_free_text_claims_not_semantically_verified		4105a2603656a40b5111d3df1716879bdb3c7b00b20e84ea4e7bf6d81e8cb74a
802	HIG/2012/page_132.pdf-1	2	train	finqa_probe_slot:6d3a1aaa7e0d90e1bcc43bd10eebe6c3e919790f1104fc8670f6d49fd8a23e5b	empty	0	valid	True	0.0	0.0	scored	invalid	submitted_program_result_contradicts_anchored_task		ef3c00fb991323b3cfbbe1220d135e06946f37a575c2c7c8d79aae2010810c8e
803	HIG/2012/page_132.pdf-1	3	train	finqa_probe_slot:e8151409ec4556264526d3440a1135526d9bc0fab8d1f18a526c14e169154774	nonempty	3	valid	True	0.0	0.0	scored	unknown	additional_free_text_claims_not_semantically_verified		ccbc28cd43b407a71bcaec4f65e17c11752d7a6a5bf7dbb56e8aae27369d3588
804	HIG/2012/page_132.pdf-1	4	train	finqa_probe_slot:f2ebc084adf6852856c87d96420863b5fc95bac377259e5e2c57f6ab8d6c7a6c	empty	0	valid	True	1.0	1.0	scored	unknown	undeclared_Final_dimensionless_scale		223516956cb2efc76514b095b7713ac4bb8797ed59de24fa2c0ccabbdc5dff12
805	HIG/2012/page_132.pdf-1	5	train	finqa_probe_slot:b3579fbd7864409ed4343711285b499a81508617399d5074faab92f7da4d77b4	nonempty	1	valid	True	1.0	1.0	scored	unknown	additional_free_text_claims_not_semantically_verified		971db2f1f35e299644063374abd6b87ddb54ee1e9878b0f2ab8938d80353cd01
806	HIG/2012/page_132.pdf-1	6	sealed_diagnostic	finqa_probe_slot:d3a486074b2ce53d283b34dc9d347c10a2230845d097542e092c6ded1ee7b2de	nonempty	2	valid	True	0.0	0.0	scored	unknown	additional_free_text_claims_not_semantically_verified		2993fd943e24842d2203942de4576979512a827b6a7511292b7fc7aa9c2c3ae6
807	HIG/2012/page_132.pdf-1	7	sealed_diagnostic	finqa_probe_slot:09050c9bd2ce0847b80ad39fafcd710ad5024d62869eef8a92563946f9cdb9d2	nonempty	1	valid	True	1.0	1.0	scored	unknown	additional_free_text_claims_not_semantically_verified		e8d02af3c1e5c8311183c8d0808a72b4b53c772df5fdd75bffbbabbb21171499
808	PNC/2018/page_81.pdf-3	0	train	finqa_probe_slot:53a8f831511f9396c240dfe3eaec567d57c027b79f98eda156b698c8b8f3dc4a	nonempty	2	valid	False	0.0	0.0	invalid_prediction	unknown	additional_free_text_claims_not_semantically_verified		6f3defae62a32e5948b7184034e7af4672fc904e12a96615f259bb8d34fb690f
809	PNC/2018/page_81.pdf-3	1	train	finqa_probe_slot:4b3d40ffe481ba04df788929af8462bb172d236779162fd4b267e8f33de86f68	nonempty	2	valid	True	0.0	0.0	scored	unknown	additional_free_text_claims_not_semantically_verified		cfb129e3e4282a5d87c9936a8ddb3cc16e940ae788d790fc84c53cf0e9e94c65
810	PNC/2018/page_81.pdf-3	2	train	finqa_probe_slot:1ce4d4948f949f7d4ac94bfcf2c86dda741225a4e6c46edbddaaba98a2f7ce52	nonempty	1	valid	False	0.0	0.0	invalid_prediction	unknown	additional_free_text_claims_not_semantically_verified		52da5c0ed7a03334457829516b2356bb07ef6fb0d90bb31374419fc1a0548490
811	PNC/2018/page_81.pdf-3	3	train	finqa_probe_slot:9d28611346c4a619247bb97e8cf639d63f3cda756c00ddcf6fdfbcdb4144e8d3	nonempty	1	valid	True	0.0	0.0	scored	unknown	additional_free_text_claims_not_semantically_verified		3bba8e5db17e5bce11b937d98df153ab6d9a40e25fc938163af17c1d6db8021d
812	PNC/2018/page_81.pdf-3	4	train	finqa_probe_slot:0ce3c15846304734c4ead8f821cb5797344f050e6e8d41ed51464866c594c941	nonempty	2	valid	True	0.0	0.0	scored	unknown	additional_free_text_claims_not_semantically_verified		30001be446e07b76dd519e2949ac301f97cecb8a6a169b266de0765501c8af91
813	PNC/2018/page_81.pdf-3	5	train	finqa_probe_slot:7695efe367559b86f3ff3b15e24cd4faeb468755c0abcb04f74879afe117b30e	nonempty	2	valid	False	0.0	0.0	invalid_prediction	unknown	additional_free_text_claims_not_semantically_verified		bab623dfa54bed3b2a7784709586d799bd0a20cabc4f3f542cf3daf8b25d8847
814	PNC/2018/page_81.pdf-3	6	sealed_diagnostic	finqa_probe_slot:d920b4524a1c404286cbf073aab27d952fa31800e52f076f178f984cf8e89bbc	nonempty	2	valid	False	0.0	0.0	invalid_prediction	unknown	additional_free_text_claims_not_semantically_verified		8af153ee8148159a2f005101f54e52cf88db472a0f9171d3cda730e8bfad22ca
815	PNC/2018/page_81.pdf-3	7	sealed_diagnostic	finqa_probe_slot:a074521a6f694120f588dc44062f7f55b966f6f4e8665ecb1cca27526abf17a1	nonempty	1	valid	True	0.0	0.0	scored	unknown	additional_free_text_claims_not_semantically_verified		3ab76482a02e0dd94fc61fafa12330fd028e7994a16f399ef1a1192be6638833
816	LMT/2013/page_47.pdf-2	0	train	finqa_probe_slot:27592b80cb5612ff961fccf896cb4d15564f68af25a48d96060e40cd598eb356	nonempty	1	valid	True	1.0	0.0	scored	unknown	additional_free_text_claims_not_semantically_verified		13b876c2d2e51b82be807d35f40d44cbd4fa798d8a481884046bb4fb555f898a
817	LMT/2013/page_47.pdf-2	1	train	finqa_probe_slot:850b6543759a4af4153eb67eda18ab0587d67a0ce073cd8c5e29326e3c7cfc0e	nonempty	1	valid	True	1.0	0.0	scored	unknown	additional_free_text_claims_not_semantically_verified		544804a92a5370a804062ac0d66f23f52eba5cd0effd670c0f6d077e9d6e5637
818	LMT/2013/page_47.pdf-2	2	train	finqa_probe_slot:163b1cff306402c1adb4b5954c1c2a247febdaa7e7e6df6454e3cf77a7f1f706	nonempty	3	valid	True	1.0	0.0	scored	unknown	additional_free_text_claims_not_semantically_verified		70fee10a045dff3781b383241dac5b523d584f41de321449d6f8503b2f1d7342
819	LMT/2013/page_47.pdf-2	3	train	finqa_probe_slot:3dbebf9b3a10b7768b168fed3e1edbdfd650ca7c412ee97a48630854f8b017fd	nonempty	3	valid	True	1.0	0.0	scored	unknown	additional_free_text_claims_not_semantically_verified		84a306e5529ed133de57a848c986eccb5b6bfe9c445ed88c5f41139c6eb1baa5
820	LMT/2013/page_47.pdf-2	4	train	finqa_probe_slot:6164f383f157a4b61d85134bce3e7ca8817386081abeb8a9889bbe466576e376	nonempty	3	valid	True	1.0	0.0	scored	unknown	additional_free_text_claims_not_semantically_verified		16ce975b5b300310945e4029b4935fed981b9dd5c27f57726676553bc9449914
821	LMT/2013/page_47.pdf-2	5	train	finqa_probe_slot:f95fb278efd90831d4a44e43dbd7a184a87207f7838d7442a03667cbf5610431	nonempty	2	valid	True	1.0	0.0	scored	unknown	additional_free_text_claims_not_semantically_verified		77579a3c803ade523fc1e5ff6cff0cf74e4115da26d1cba879e14f2122d5ae21
822	LMT/2013/page_47.pdf-2	6	sealed_diagnostic	finqa_probe_slot:77f277b71db202cc0b7611df05db0d381b44cb5267ecea7805507f955dc37709	nonempty	3	valid	True	1.0	0.0	scored	unknown	additional_free_text_claims_not_semantically_verified		8af12726edbb7286270319fca836f074fc5f9c4cb3035a2755222dd4240d5560
823	LMT/2013/page_47.pdf-2	7	sealed_diagnostic	finqa_probe_slot:5e6a72d6b756274501fd7c187ddc09ec1674dccfb422d5f356f5997f5dc6fad2	nonempty	3	valid	True	1.0	0.0	scored	unknown	additional_free_text_claims_not_semantically_verified		ecfa9987e3a8b40658a812f4eb50a8877742fd69b146b003a95d0053403b434e
824	LMT/2013/page_45.pdf-4	0	train	finqa_probe_slot:62717c3e8fbd1917fb48ce098a1094b70e46ab9e35faaf9bb3b2ab1bcad03bd2	nonempty	2	valid	True	1.0	0.0	scored	unknown	additional_free_text_claims_not_semantically_verified		5aa8c5b3a91d054d153f3819bdc435e051791976576986dfa0ff7fea1a9dd138
825	LMT/2013/page_45.pdf-4	1	train	finqa_probe_slot:24e56aa310220ad02d4a453193be0949912a056ab7da8a414c9bd4ebcaf155d4	nonempty	2	valid	True	1.0	0.0	scored	unknown	additional_free_text_claims_not_semantically_verified		7a2ae24b6e2a477cad25d582aef913c484c1ded6855903b4f3c1a0ce9c2960e2
826	LMT/2013/page_45.pdf-4	2	train	finqa_probe_slot:40e1c5d4698c6ff7bd929612ac16f07d3ba9735d6f85a3a271677e87d241e6d9	nonempty	1	valid	True	1.0	1.0	scored	unknown	additional_free_text_claims_not_semantically_verified		a69af7907d1545f98eb932310546838a281c65aaa336488c357bc3de02dffd06
827	LMT/2013/page_45.pdf-4	3	train	finqa_probe_slot:4f9a6bfe7e1f2c56f48476cea7afdc36c7a973d4290b7efcf3c927e050abe5aa	nonempty	3	valid	True	1.0	1.0	scored	unknown	additional_free_text_claims_not_semantically_verified		ea410fe3926092fb62d69b8c4e8dc9fc586b0bd785a6579a21a9d7de8143ffb4
828	LMT/2013/page_45.pdf-4	4	train	finqa_probe_slot:3f95b14c3ae99240b0414887fb6f24c5adb8a047c83efcac1270d160f2148c85	empty	0	valid	True	1.0	0.0	scored	unknown	numeric_leaf_missing_or_ambiguous_in_author_sources		196f0c081d83492afac477153435fcc40a8f8fadae9fd426884cc9640637ab9c
829	LMT/2013/page_45.pdf-4	5	train	finqa_probe_slot:1b8c82df9a8c414b968ef0dd8b3b9d0e8f854f59cc0b51a21c67359001c82b76	nonempty	2	valid	True	1.0	1.0	scored	unknown	additional_free_text_claims_not_semantically_verified		2e547f22fe5637203424a49a48f32a644bec042972873ee7e67924631b06ee59
830	LMT/2013/page_45.pdf-4	6	sealed_diagnostic	finqa_probe_slot:c1d2c2a6377da40f0c38e0efadc21c1f0c06c6c61f96cf6b1880e00f775a801a	nonempty	3	valid	True	1.0	1.0	scored	unknown	additional_free_text_claims_not_semantically_verified		873d1a019b80303a3879f822819876206b20ec87ebd287347f521e846d63782d
831	LMT/2013/page_45.pdf-4	7	sealed_diagnostic	finqa_probe_slot:026a8fdd032e4316dd375dea8ab6dd47bf4b0ef1f0fe32bf8b7f5927528c0703	empty	0	valid	True	1.0	1.0	scored	unknown	numeric_leaf_missing_or_ambiguous_in_author_sources		4a73e995fa08de2d98653bafcf46efa1ce8dad79cb01f084d40305006fde7c6c
832	LMT/2014/page_47.pdf-1	0	train	finqa_probe_slot:cb98b91975f66a49b9ffa37d344ed890f45fbcc1ad81f27ab5c0b812228d991e	nonempty	1	missing	False	0.0	0.0	invalid_prediction	invalid	normal_terminal_has_no_completed_Final		727780596703b1339b19369de88e033a869053eefd1488bb63da02374778a556
833	LMT/2014/page_47.pdf-1	1	train	finqa_probe_slot:a23606df544d44156addb29834548ade2a1631665198de38090e088901a4f073	nonempty	4	valid	True	0.0	0.0	scored	unknown	additional_free_text_claims_not_semantically_verified		162dabf3c11b852f3c2e612b3cb06d43471a372ca571265269c1e0d4e6db1736
834	LMT/2014/page_47.pdf-1	2	train	finqa_probe_slot:641ff9f5980b4c3332f3e918a47a27c0fb6c0cca344e8f98f94321d7a44b84ad	nonempty	4	valid	True	1.0	1.0	scored	unknown	additional_free_text_claims_not_semantically_verified		d91a8c3b165d610871c0f39692276c168a647eaea03c78953076c6067f5ee23e
835	LMT/2014/page_47.pdf-1	3	train	finqa_probe_slot:1abf4e4508fcd655a59df0ce6f1aa8b439be19bd11c194422732e3095791d1c1	nonempty	4	valid	True	1.0	1.0	scored	unknown	additional_free_text_claims_not_semantically_verified		9d98c12cd7f221b9f06717bb32c6d0f30974c95205ffd7c35f096ac1aed95a66
836	LMT/2014/page_47.pdf-1	4	train	finqa_probe_slot:35687c9bb6263f8693db80a27359f0025fb127fcd2e44ebb49fbc1bcf9f381f1	nonempty	2	valid	True	0.0	0.0	scored	unknown	additional_free_text_claims_not_semantically_verified		37b2871a5bc1608c7b732ec95393cde9a1afab54214b2682259a17e2c667867b
837	LMT/2014/page_47.pdf-1	5	train	finqa_probe_slot:e9b3e252b0146bbc0308ed89749176dfd36b0db7eadd58848cfb7da4b4e60580	nonempty	4	valid	True	1.0	1.0	scored	unknown	additional_free_text_claims_not_semantically_verified		96702419b1b49b50448bff3877020990f7cc69ed75df3c4fcce15587cb76a150
838	LMT/2014/page_47.pdf-1	6	sealed_diagnostic	finqa_probe_slot:c9c49a424f1e58891ce7551edbc83d1586ed69a3b142ad2a33552c43c6476eaf	nonempty	5	valid	True	1.0	1.0	scored	unknown	additional_free_text_claims_not_semantically_verified		43811866063dbeb64b7392f8850516dfdcf66753d014f79985c40ce3ebe199dc
839	LMT/2014/page_47.pdf-1	7	sealed_diagnostic	finqa_probe_slot:5a407cda2860062a15def88615a3825b6e2628e82c754be6cac424bc6ba9bfa6	nonempty	4	valid	True	1.0	1.0	scored	unknown	additional_free_text_claims_not_semantically_verified		babd8afe79f33886b18ea8d06b13975ce2df180e312c41b94df6550a2a2ffcb9
840	MAR/2018/page_42.pdf-1	0	train	finqa_probe_slot:e8fd276d1e94a5ebbf4fc11cdcdfcd4db0612add10254dbc24156b7cf134ea2c	nonempty	1	valid	True	0.0	0.0	scored	unknown	additional_free_text_claims_not_semantically_verified		da8f0b402b37cebee0d6dec4d22beead4ff4acb0c6103fd10215a94b9b49877f
841	MAR/2018/page_42.pdf-1	1	train	finqa_probe_slot:209f0cff04d5c17d37736b6b616dccdbf8d42dbdacf0ea477ab60998460ef90d	nonempty	3	valid	True	1.0	1.0	scored	unknown	additional_free_text_claims_not_semantically_verified		b856ba96b42a7f6a154514c640c603042be96f44d6124ed3a46d101efaab5936
842	MAR/2018/page_42.pdf-1	2	train	finqa_probe_slot:4bf52235d2a8108b1b6920098ec201e0c2c28f7b88a1a543cb5dc5cbb2025e97	nonempty	3	valid	True	1.0	1.0	scored	unknown	additional_free_text_claims_not_semantically_verified		4c31937af7818537119341b543be5db7083a236391e2a37f10e91357ff02bd62
843	MAR/2018/page_42.pdf-1	3	train	finqa_probe_slot:52aa971d5d64c27892f99520ac8f7596d6d9aa593321310da8d5feedabce077d	empty	0	valid	True	1.0	1.0	scored	unknown	undeclared_Final_dimensionless_scale		c9041d4570359ea63c227edbae52d9fac5fc0dd812ef5f71229f6fa998f71243
844	MAR/2018/page_42.pdf-1	4	train	finqa_probe_slot:2f7b34c22492f32e1af1a8bee3496b9cd61f7aaafd1c2d48310ea4ce652fbed4	nonempty	1	valid	True	1.0	1.0	scored	unknown	additional_free_text_claims_not_semantically_verified		44730aa70eef7d272c057a0c2e12a1cd030bcb9845a9aa0c2837ccaac9b43974
845	MAR/2018/page_42.pdf-1	5	train	finqa_probe_slot:792839a5c5dffba673193d384605bced7468128d2dfd2e1041e45664b5db7cc4	empty	0	valid	True	1.0	1.0	scored	unknown	undeclared_Final_dimensionless_scale		e4c553422d3c1ee85f28064668142c45e23a5f6138a1be59aaf2bb52d589c835
846	MAR/2018/page_42.pdf-1	6	sealed_diagnostic	finqa_probe_slot:7c477514faa9bd63fab26f81d368061f5f419ac54798ece336efa8a0db205ff3	nonempty	3	valid	True	0.0	0.0	scored	unknown	additional_free_text_claims_not_semantically_verified		46fd62ee93db25ede12c86335422f80adeeca95943cea67b7ebc5044940124d5
847	MAR/2018/page_42.pdf-1	7	sealed_diagnostic	finqa_probe_slot:8453bafcabd60c6d43aadf5a59b567508babd834cc721f92cca0860975566741	nonempty	1	valid	True	1.0	1.0	scored	unknown	additional_free_text_claims_not_semantically_verified		d81dcd7059241d05182a8b76a365e91ca8578c8b97823cabd7f189680be89576
848	MRO/2008/page_135.pdf-1	0	train	finqa_probe_slot:2a8ec8db9bc45e0459c49e47bc959e02d4be80db0cc6424581230df9c1190d44	nonempty	3	valid	True	0.0	0.0	scored	unknown	additional_free_text_claims_not_semantically_verified		8ea3b4ad702cda51646a1269c67543e689336a4f888e02f9903c700e942baf7a
849	MRO/2008/page_135.pdf-1	1	train	finqa_probe_slot:bbcbbef71e8c17412c08a864f5600f0f2dfcc9e0dfb700d0893f26f33a63c130	nonempty	3	valid	True	0.0	0.0	scored	unknown	additional_free_text_claims_not_semantically_verified		cc8b6a4622757435a3b01901586adb7e8dbe60363bd222afe322a2f422eb391d
850	MRO/2008/page_135.pdf-1	2	train	finqa_probe_slot:0576c0f264a26039e7b3f359e969501a46979dcd1e7f1f1ac8315b2c1aef648f	nonempty	4	valid	True	0.0	0.0	scored	unknown	additional_free_text_claims_not_semantically_verified		0a0cd0311d5ece6f67fbb0e29e0c2126c9b3a837df50941119be373ddd2190a4
851	MRO/2008/page_135.pdf-1	3	train	finqa_probe_slot:d1e5ddd69f1a7a03cdd0ef93d146e8617f450a4b91a09b2fe7ae98fe379f2396	nonempty	4	valid	True	0.0	0.0	scored	unknown	additional_free_text_claims_not_semantically_verified		6d5e413a26bf6d250e9536a5734090ceba65c08c5e00bc4ccfc0297d92c7a12a
852	MRO/2008/page_135.pdf-1	4	train	finqa_probe_slot:e85eb3276316ff15832da5d216e09b18e3dc26b3c40f4af75f42dd523d2509e1	nonempty	3	valid	True	0.0	0.0	scored	unknown	additional_free_text_claims_not_semantically_verified		94e7381b002659be2d84f9ce5c2e5f0293588dc521d392ce57c8ec8c89eda62f
853	MRO/2008/page_135.pdf-1	5	train	finqa_probe_slot:13863353c461bccb8020a32349ed5416a50959438d23a1629b2fdc04d145d150	nonempty	4	valid	True	0.0	0.0	scored	unknown	additional_free_text_claims_not_semantically_verified		8e72c1d5fd7d53f69ecd3e824100c5c92b67f21d69d00f46fc6e293f7071122d
854	MRO/2008/page_135.pdf-1	6	sealed_diagnostic	finqa_probe_slot:a94bc25e1fde54457eae348f268ddd0bb75086478ec79d2271a8f5a6672e0fa1	nonempty	3	valid	True	0.0	0.0	scored	unknown	additional_free_text_claims_not_semantically_verified		ebd966a99a5ad5bf2ad84bc2d9c99b2131ff6c35c33e33e0c707cf780a934b99
855	MRO/2008/page_135.pdf-1	7	sealed_diagnostic	finqa_probe_slot:77c3f632fe67c6971d771b07499d36d3ae3a8764dbffc6fccaf16e6b374191cc	nonempty	4	valid	True	0.0	0.0	scored	unknown	additional_free_text_claims_not_semantically_verified		98c64551806f543bb81681561a08e9bb82b483148753fe674868988db84d0b1f
856	C/2009/page_48.pdf-2	0	train	finqa_probe_slot:dcd5c2b9f97a1e98b11ee89d322d43adbacc628112ee523a03d6ff46bbec6e0f	nonempty	4	valid	True	1.0	1.0	scored	unknown	additional_free_text_claims_not_semantically_verified		d4b4baacd1e1399df9e01c762da424141f0a0a2e6db6856a75bd46f79903c9e1
857	C/2009/page_48.pdf-2	1	train	finqa_probe_slot:824b580763a52a8d6f85f31209196f2d9648189c882454418b1776f275d166bb	nonempty	3	valid	True	1.0	1.0	scored	unknown	additional_free_text_claims_not_semantically_verified		c3baa532dec07143ecdd02f7334632642fc6d3e2caeec4b68f8dc8ae81bd06c6
858	C/2009/page_48.pdf-2	2	train	finqa_probe_slot:b31c1d586c435f7629f916e3547eb5384006002c3318ed4ee3b82ad224fa4fc8	nonempty	2	valid	True	1.0	1.0	scored	unknown	additional_free_text_claims_not_semantically_verified		4241706860f8d9c64ea2a6933e90dc3dc9f48ca22f417f59b8ae091297b87302
859	C/2009/page_48.pdf-2	3	train	finqa_probe_slot:3b681baa7f4c643a8e4c95322f705fd9341373678734ac10058566f773af910c	nonempty	4	valid	True	0.0	0.0	scored	unknown	additional_free_text_claims_not_semantically_verified		df9fed7aa0eab1b138370f3743440c4c39fcea96110cfcf6211054549fd25b00
860	C/2009/page_48.pdf-2	4	train	finqa_probe_slot:9746e7862675882298fa8a0c692849cb93b7ade103daa3a25702d7fcf47f44dc	nonempty	4	valid	True	1.0	1.0	scored	unknown	additional_free_text_claims_not_semantically_verified		06ea45aeee128a31462b324afab9fafdb790811e5cf5a445cb6059320e3a782e
861	C/2009/page_48.pdf-2	5	train	finqa_probe_slot:a6b5614bc811e3e83fa6baab25390378d92a841f84b56805a03cca0960683b88	empty	0	valid	True	0.0	0.0	scored	invalid	submitted_program_result_contradicts_anchored_task		7f4cbdf62b2b89b61dbbba570f9210d93e323115df957f228fb2e2e44868eca6
862	C/2009/page_48.pdf-2	6	sealed_diagnostic	finqa_probe_slot:77e6dd2deff798697d5cdffbbe4fb58b277f8e2c903aa6b6decad68131bfad00	nonempty	4	valid	True	1.0	1.0	scored	unknown	additional_free_text_claims_not_semantically_verified		1af18cc8a4f3171ba02501485256563e5f51493de3bf70ffd127833eba9081b2
863	C/2009/page_48.pdf-2	7	sealed_diagnostic	finqa_probe_slot:6b4d336ed91d61d20e8e3e1e3bb57575adc49078b6274a8fa61b26d9107977d4	nonempty	4	valid	True	0.0	0.0	scored	unknown	additional_free_text_claims_not_semantically_verified		fc7de52f45bf7b068737dbd3a51b87dc646e60b610c89cb1676b369d5dea3636
864	MRO/2008/page_146.pdf-4	0	train	finqa_probe_slot:aeac7b3079c5cf7bf5887fb69f8d4f2f0ecc05162aa07144329ad59477cbcadf	nonempty	4	valid	True	0.0	0.0	scored	unknown	additional_free_text_claims_not_semantically_verified		cd8f2c186dcfd4fb871d4fc8c6899691bcef64be6d2faae861ee9fe87e125acc
865	MRO/2008/page_146.pdf-4	1	train	finqa_probe_slot:28275d887b40ed880b78b8663978f2cc4045871ddb53a1c3413663a226a2923c	nonempty	4	valid	True	0.0	0.0	scored	unknown	additional_free_text_claims_not_semantically_verified		4780f45ed905620ec6fd835cf2b63425dabe14329eab497ebaa90a92965fdda6
866	MRO/2008/page_146.pdf-4	2	train	finqa_probe_slot:7e40f601b0d8e86a06c0201b79a5e04df9252f727ff8546a81f5d7db86d0cbdb	nonempty	3	valid	True	0.0	0.0	scored	unknown	additional_free_text_claims_not_semantically_verified		79b8d8fd012319b1690e7ca04188b32b862331003fc8663b1b6d9ff0daa8b079
867	MRO/2008/page_146.pdf-4	3	train	finqa_probe_slot:31f1c3c86591becc1a194fa9aafe45b1942f70107b43489a003fb4dbbd58e7fa	nonempty	2	valid	True	0.0	0.0	scored	unknown	additional_free_text_claims_not_semantically_verified		2a44761722ed1789388d82b213f23ea8f4792e743746a479f4ef10b4240b625f
868	MRO/2008/page_146.pdf-4	4	train	finqa_probe_slot:1b80807ccd30effcb624fd200f29ad64597570af22be3cc26b80e2874e4a5062	nonempty	3	valid	True	0.0	0.0	scored	unknown	additional_free_text_claims_not_semantically_verified		20eda9eb0e3dacb077d12b64523c41f10d1a07615cdc85bcf612da7d7aa36fe8
869	MRO/2008/page_146.pdf-4	5	train	finqa_probe_slot:d8a18c76c94e3008813090f216143252f1134ebddd44b01967b0e42d96e890c1	nonempty	3	valid	True	0.0	0.0	scored	unknown	additional_free_text_claims_not_semantically_verified		ab984212a24315e4d3fccdcd85e02eb3a54835f164536aa64c5a60cd6e8d3660
870	MRO/2008/page_146.pdf-4	6	sealed_diagnostic	finqa_probe_slot:f7b31999efe4a8f27fd743e05d13a6d22eb32b7da279c8dde79166b8f11603b1	nonempty	1	valid	True	0.0	0.0	scored	unknown	additional_free_text_claims_not_semantically_verified		246c81ed503a41fc7b7384e1f37caa23efc4bfcb009b0ac4cedccf2d85c9abbc
871	MRO/2008/page_146.pdf-4	7	sealed_diagnostic	finqa_probe_slot:c6ba1975a8f69f9d74a722be33f4343ee42d5873ea52ea14e4fecf10b1bc06c6	nonempty	4	valid	True	0.0	0.0	scored	unknown	additional_free_text_claims_not_semantically_verified		cbb53fde5383596575537cae3f792ff6a9a68f6e15fa5662040fda1486ebbb28
872	EOG/2017/page_93.pdf-1	0	train	finqa_probe_slot:f21305f0c714f768f5e68d36dff7e097054524d4312088db7426e0801a76b9ca	empty	0	valid	True	0.0	0.0	scored	invalid	submitted_program_result_contradicts_anchored_task		2f2c90aa099e0f07cd4348948120328c29f79f8a67652930fe4e3f1d5f9d7959
873	EOG/2017/page_93.pdf-1	1	train	finqa_probe_slot:577a46e08a9b92a3de56655dd95ba9e1e23f83a222fa2a5cc343ce23747d37eb	nonempty	2	valid	True	0.0	0.0	scored	unknown	additional_free_text_claims_not_semantically_verified		a3209c4e88fbf7961c270aea472f6e8ad2474ceb1e196bfc34b24e205928f93b
874	EOG/2017/page_93.pdf-1	2	train	finqa_probe_slot:4ccf5f25e02ad29e63200f246e64e4615e7ae5a670e59296de3faf97618729e3	nonempty	3	valid	True	0.0	0.0	scored	unknown	additional_free_text_claims_not_semantically_verified		dcf22f3761290e58edb212bbc71f6c106e44b2728c494d431b1feb99e386f65b
875	EOG/2017/page_93.pdf-1	3	train	finqa_probe_slot:b1ddb5ebb367bf5e55afb6cee53919ba1fc1be7ef870f7f89ff4d384ae4a6009	nonempty	2	valid	True	0.0	0.0	scored	unknown	additional_free_text_claims_not_semantically_verified		9ec22676723dec3e451f4a6f506768492790dddeb1155977503ae41dd8bbc3eb
876	EOG/2017/page_93.pdf-1	4	train	finqa_probe_slot:48cd126ebf4c592bd649bcc90cc5442bb34df36b5bc687ff2d9a1ab60a5c507f	nonempty	1	valid	True	0.0	0.0	scored	unknown	additional_free_text_claims_not_semantically_verified		203c5cd2722880583a3a7edbebf962a1efff0a7a780effef5e0a395fcb3a1f8e
877	EOG/2017/page_93.pdf-1	5	train	finqa_probe_slot:553a52fe3577096809cb9ab5c3836cd8a85b202a79e41693a115af1f9fe03fef	nonempty	3	valid	True	0.0	0.0	scored	unknown	additional_free_text_claims_not_semantically_verified		694e534184b6e49ba447a1124eb1134c8e35bff38726e60d89133dc98fe56bab
878	EOG/2017/page_93.pdf-1	6	sealed_diagnostic	finqa_probe_slot:843114cd93eae5582646834cc7ec88544f02aafcb968158a5d6a4c6ef983f5b0	nonempty	1	valid	True	0.0	0.0	scored	unknown	additional_free_text_claims_not_semantically_verified		8acd74b7f89f37b089467b34968a7628c599bad86f0a2d28a2d2967cef3c7d4c
879	EOG/2017/page_93.pdf-1	7	sealed_diagnostic	finqa_probe_slot:6d96dbe6625dba637244f8cb0637669f838b06999c15de538c709a172e18805f	nonempty	1	valid	True	0.0	0.0	scored	unknown	additional_free_text_claims_not_semantically_verified		44c2ac51c679a03b1ef7da5404b5e530e115902907ceb7805c999a99e81eedbf
880	KIM/2014/page_108.pdf-1	0	train	finqa_probe_slot:f1c2ce05f6a37b8ff546ab9c7d1cdf98e995556980089f8fc1006ac6bf71b995	nonempty	1	missing	False	0.0	0.0	invalid_prediction	invalid	normal_terminal_has_no_completed_Final		b879b10f49ca5784d4a5a2e65ec4bdde8f7236b75d4e2e72f893a2ca0420ab20
881	KIM/2014/page_108.pdf-1	1	train	finqa_probe_slot:49aac483a26b24aab227463951b33c2b4fd213e4b388a3fdb6ec1c813f88cb7b	nonempty	1	missing	False	0.0	0.0	invalid_prediction	invalid	normal_terminal_has_no_completed_Final		07d83bee2a07db835d3c7781cb37a161abb0549295880fbb97f957dff192d59a
882	KIM/2014/page_108.pdf-1	2	train	finqa_probe_slot:b8a17ced0302220c3e615ca167029b4250a5bc365f126c2e0b75941bc5cef327	nonempty	2	valid	True	1.0	1.0	scored	unknown	additional_free_text_claims_not_semantically_verified		3cdb613e39f752b82f809e9c9444441a274d3a99de953bb81f534b310d2cbe76
883	KIM/2014/page_108.pdf-1	3	train	finqa_probe_slot:a961f7caa47dce8cb6bf767c5aec1d4260bdf09cbacecb8df599f0fad89185e3	nonempty	3	valid	True	1.0	1.0	scored	unknown	additional_free_text_claims_not_semantically_verified		1c9aef25028f867064ed66ad17cc325f2258ebd87cb5daf5cd827f3fd0cde1b6
884	KIM/2014/page_108.pdf-1	4	train	finqa_probe_slot:45b3819108feee0333eea696a76df29388b28947c887b3052c4b9c33a4691e99	nonempty	1	missing	False	0.0	0.0	invalid_prediction	invalid	normal_terminal_has_no_completed_Final		4a35f95f3d5edd9a2ac1e6b2e36e9d42195450eeb1d2a4b3dbed8100aa1e99cb
885	KIM/2014/page_108.pdf-1	5	train	finqa_probe_slot:da5618a77e5e4d26a146235a6965d9656a8cf01fec88f5e5f8668aa6e80b3327	nonempty	3	valid	True	1.0	1.0	scored	unknown	additional_free_text_claims_not_semantically_verified		4de0d36f8495850c5ad4ee28c724bd1b340e0a10997b67f13185c90edc20211e
886	KIM/2014/page_108.pdf-1	6	sealed_diagnostic	finqa_probe_slot:7edd4c6132f397a10362dd61e8e7e09f2906a4f0c64e6ca3712fe4be7c649e94	nonempty	3	valid	True	1.0	1.0	scored	unknown	additional_free_text_claims_not_semantically_verified		abf0186adc4bfc82b767176e1d4d338200452473c8d2efbf85e51c5d88cb00eb
887	KIM/2014/page_108.pdf-1	7	sealed_diagnostic	finqa_probe_slot:f8ede62797dce70450b146992b20c736c427ff1b2d447b65035218e75e6bb7a6	nonempty	1	missing	False	0.0	0.0	invalid_prediction	invalid	normal_terminal_has_no_completed_Final		308c3b295a803760cdc1d3d5f5046e354abb40b42f639db74ae6c29bc239bc9e
888	VTR/2007/page_48.pdf-3	0	train	finqa_probe_slot:da1263ab3f0bb66330663f7e854a5b1ac99963a5e2573739add942a135e4265a	nonempty	3	valid	True	1.0	0.0	scored	unknown	additional_free_text_claims_not_semantically_verified		a21b2fb088081a87b5525c188a3d5e04d91344e6f4270b96a766ab19dd99b231
889	VTR/2007/page_48.pdf-3	1	train	finqa_probe_slot:2ec0cc524d2f678ba3b3d5e064ffed91efe1197dae9df85fe2c99d2463f0a800	nonempty	2	valid	True	1.0	1.0	scored	unknown	additional_free_text_claims_not_semantically_verified		d493b7c9cd9d05f05549ace54743f5fa00a58206ac22a39ea860a7bdb015999f
890	VTR/2007/page_48.pdf-3	2	train	finqa_probe_slot:54945d13bf7f95256d968ea7d900a3a46baf13aa618670ba4a33561f1844e360	nonempty	3	valid	True	1.0	1.0	scored	unknown	additional_free_text_claims_not_semantically_verified		0efa3a1caca8549335e871141f5a4cd0a73d14789abd994d608b011ff5b1e3fb
891	VTR/2007/page_48.pdf-3	3	train	finqa_probe_slot:3fa47ea19546b30347f95ebf8d6e78195de305193f90f839674333894f0b88b5	empty	0	valid	True	1.0	1.0	scored	invalid	Final_value_or_declared_scale_contradicts_source_bound_program		d1f21587c463d10cd6b690cd76dc7be09a75646aa120d21dd0dd7158b905e4f9
892	VTR/2007/page_48.pdf-3	4	train	finqa_probe_slot:d9d6d8c7587017711e71de3c002f118b68a7f1d68fdd9eee6eab34145adfc084	nonempty	2	valid	True	1.0	1.0	scored	unknown	additional_free_text_claims_not_semantically_verified		92c0d6b16e68ec788a0ebe36b7b9ab91242e20cd99fbd2974de2282004c8a08c
893	VTR/2007/page_48.pdf-3	5	train	finqa_probe_slot:2a8a8bf648aa054cc303749ce9482b4a17d23dad7228870cc6ce87b69c20e4dc	nonempty	3	valid	True	1.0	1.0	scored	unknown	additional_free_text_claims_not_semantically_verified		9c88556e2e4c8f94e4a43ea08cfde7f2def5161fdc919f5ca1763be137dc1c13
894	VTR/2007/page_48.pdf-3	6	sealed_diagnostic	finqa_probe_slot:c77d849c730b67912602bd43981ed6b5e99f51596aed6fba6b9e26833b210077	nonempty	1	valid	True	0.0	0.0	scored	unknown	additional_free_text_claims_not_semantically_verified		251d79d45110a736759ee8793a968499b3620531d6c3d0cfd8dc4df78fd63c9f
895	VTR/2007/page_48.pdf-3	7	sealed_diagnostic	finqa_probe_slot:8c2dfb2b1254a8712fea74da12093f7dcd51901c05a7879d2a6b34b6c02eae8c	nonempty	4	valid	True	1.0	1.0	scored	unknown	additional_free_text_claims_not_semantically_verified		180a4c01aa3f4150ee84a94a6e40bd422190ac2662fbca269767c6f7ab52956e
896	C/2009/page_195.pdf-2	0	train	finqa_probe_slot:b5fba4cdf5a2098387f35cf14c1f9cad5877368143c06ed067eae39f6837c456	nonempty	4	valid	True	0.0	0.0	scored	unknown	additional_free_text_claims_not_semantically_verified		b7c56d537e720e45090cd2e09b9983ed86f0046ee784c6b869b56b4c8b568462
897	C/2009/page_195.pdf-2	1	train	finqa_probe_slot:d7ebb85765ede145769d2b81f6b57a0d0fdcbe8adb0fcf3283755f4200f3f97d	nonempty	4	valid	True	0.0	0.0	scored	unknown	additional_free_text_claims_not_semantically_verified		0604dedbb015bccb36b0120687e8fbe7e0fe3c99254876f19c1146b92429b10d
898	C/2009/page_195.pdf-2	2	train	finqa_probe_slot:547823904a48a3cae60a999dc155b97b973571349aeabebb1387bdb17e68cd07	nonempty	4	valid	True	0.0	0.0	scored	unknown	additional_free_text_claims_not_semantically_verified		a5dc610931a2a86fbc3dbe886bbc7cba68af1b1d239811b04dd82d8147e41f64
899	C/2009/page_195.pdf-2	3	train	finqa_probe_slot:f17bdfed93c6d347b5b7f090588000eb24d06c9f77582a8c71cfaae54f1b14c7	nonempty	4	valid	True	0.0	0.0	scored	unknown	additional_free_text_claims_not_semantically_verified		831455a7caf3d5aab848d3d665b2ec247362dcd254083a8574486d2a4bea7839
900	C/2009/page_195.pdf-2	4	train	finqa_probe_slot:7a34cbfe7c83291c7a58a6ce522e4109083bb3896ebc992ac33bdb6795319d56	nonempty	4	valid	True	0.0	0.0	scored	unknown	additional_free_text_claims_not_semantically_verified		858b27675f57d905c8f2e21d80c2bda76bd773c3502fd4d8d65b5d64b83545cf
901	C/2009/page_195.pdf-2	5	train	finqa_probe_slot:386f0349b2e75dfc980f1fd5dc42a9bb7fb123d3450b42fbdf87703020f2e52e	nonempty	4	valid	True	0.0	0.0	scored	unknown	additional_free_text_claims_not_semantically_verified		60634a3619b00483881878f2efd6708b596c382d11bb2cab45ced379767bbe46
902	C/2009/page_195.pdf-2	6	sealed_diagnostic	finqa_probe_slot:b30aeab2f7a8710145face2a061759a309b7912c113c63ff5dffa55fe72e6f90	empty	0	valid	True	0.0	0.0	scored	invalid	submitted_program_result_contradicts_anchored_task		19614a9093aed3f1c5a4ffe9f8849f69bd726760a7d0be364a2ed7befeaa746e
903	C/2009/page_195.pdf-2	7	sealed_diagnostic	finqa_probe_slot:b926de14337649c46266f1b9667a00518fd7489cd3821196bc6be716ecec1d98	nonempty	3	valid	True	0.0	0.0	scored	unknown	additional_free_text_claims_not_semantically_verified		f89c28fac183e806848894ed04af3db0272a490b1b9f0388ac40c8162a0ebc06
904	LMT/2014/page_47.pdf-3	0	train	finqa_probe_slot:388da2327e3e6bb7c20e9e9c907ad7cce465a14d12f65fd35931fc433aebede9	nonempty	3	valid	True	1.0	1.0	scored	unknown	additional_free_text_claims_not_semantically_verified		b9920250ec5f95ceb2507c958f25119d8eb7c824018ebe177a0c2b43a91af0e7
905	LMT/2014/page_47.pdf-3	1	train	finqa_probe_slot:f6fb7b432392d817c076e2425d8355d486d48f7688a0046fa9f69680cffbfed6	nonempty	1	valid	True	1.0	1.0	scored	unknown	additional_free_text_claims_not_semantically_verified		99b4f31ac6bf3b85f5d160a7aad597034f1fcda74667919de2f77795a3011d82
906	LMT/2014/page_47.pdf-3	2	train	finqa_probe_slot:e15dfe8291bb5435061b5e083e89002c98e6a9c748c1eac35919e4f1a79a3d59	nonempty	3	valid	True	1.0	1.0	scored	unknown	additional_free_text_claims_not_semantically_verified		2a5f2ea131e93899bdd7a62a6a02015cf1ec2b13e3c858f9f32bf760283bb4ef
907	LMT/2014/page_47.pdf-3	3	train	finqa_probe_slot:e4097411edbcc5eb7bd068eebf9c17f5a62f273f77d59094e9a8b65f310ee081	nonempty	3	valid	True	1.0	1.0	scored	unknown	additional_free_text_claims_not_semantically_verified		deed376f79168b5f31fc6c09a114c1876d0b9adf789d24f72dc554c42477be66
908	LMT/2014/page_47.pdf-3	4	train	finqa_probe_slot:0aa2550a9afefd6752ae878f5cec9f5fc63af53b28d8f2247fbadef5aee3ad45	nonempty	3	valid	True	1.0	1.0	scored	unknown	additional_free_text_claims_not_semantically_verified		36d603d462a55f38e40753d28587437b8ed19d75e2d2b86549c83778592ecdea
909	LMT/2014/page_47.pdf-3	5	train	finqa_probe_slot:1e3b0c84563bd362e24431536c9e8f499c380006bd764730ffb8c092323afe10	nonempty	3	valid	True	1.0	1.0	scored	unknown	additional_free_text_claims_not_semantically_verified		aab4331403a508638d6deaf66f122162951f28907c36ff5cb898949f5f994096
910	LMT/2014/page_47.pdf-3	6	sealed_diagnostic	finqa_probe_slot:73cec1aa2bc04ba9d57f26e6619f537e732a308a2e7af42f0387568ee1b83852	nonempty	2	valid	True	1.0	1.0	scored	unknown	additional_free_text_claims_not_semantically_verified		a06a5125f0112314a86242d19bc6700183d6ca434992fd86dfee438f09ca6f2a
911	LMT/2014/page_47.pdf-3	7	sealed_diagnostic	finqa_probe_slot:f711fa1a88f9aa977c762fc374b86de538f6ec25ed235c692e0d575e265f087b	empty	0	valid	True	1.0	1.0	scored	unknown	undeclared_Final_dimensionless_scale		709273c38d9276b327ed66c0c6dcde8374dcb0ab8b92a4df15df488568f12885
912	LKQ/2016/page_48.pdf-1	0	train	finqa_probe_slot:7d0cf648d8ae0613a4f6cac3458ef1296c3e933abc75c3c82ff2402d923c4a72	empty	0	valid	True	1.0	1.0	scored	unknown	Final_currency_scale_outside_finite_policy		827a0338ad290208ee1cf607b1f9878e08e7c61fb70613af6ba7d2d8ef60676c
913	LKQ/2016/page_48.pdf-1	1	train	finqa_probe_slot:d6d4377cb72d96313304327ef793b26ec30099baa6591f4a18cab4fb9ccbd119	nonempty	3	valid	True	1.0	1.0	scored	unknown	additional_free_text_claims_not_semantically_verified		8bd8173d5ac72eb22f2f9a332abb42419b3c2f76fd2815bb1bc44fee2a1cf0de
914	LKQ/2016/page_48.pdf-1	2	train	finqa_probe_slot:46edce02c9235fd7fc24f5bb7472ae680f72f9b49da89597bcdfbbe22ff8a5b0	empty	0	valid	True	1.0	1.0	scored	invalid	Final_value_or_declared_scale_contradicts_source_bound_program		1f79b8fe1add6b4f383c642a4cba74ba90778109255224187764a69118351b4f
915	LKQ/2016/page_48.pdf-1	3	train	finqa_probe_slot:1bb0b32636b270aa781102d98007108949b51fdcd993fe8570fd30bfa25f182e	nonempty	1	valid	True	1.0	1.0	scored	unknown	additional_free_text_claims_not_semantically_verified		59260f0c970de6f1edb6657ade8d36e508297b8ca95753445ad2bb9227786759
916	LKQ/2016/page_48.pdf-1	4	train	finqa_probe_slot:db21385155dc0b71f8db777fcdb3a3ed631f1bdc2232869733b584555a4716da	nonempty	3	valid	True	1.0	1.0	scored	unknown	additional_free_text_claims_not_semantically_verified		54167cfaecf0166b62ba5fa1f6b33693731c6c902fb393c9370eefd645df652f
917	LKQ/2016/page_48.pdf-1	5	train	finqa_probe_slot:a8946b248f2629623df5bedcd74b3543ec3adb2902803a085e804a2d23aa83f4	nonempty	1	valid	True	1.0	1.0	scored	unknown	additional_free_text_claims_not_semantically_verified		8443e65bd205e3b8a5f9ef1f1be689c250decf01cbd38ace8eda0779ce6c823e
918	LKQ/2016/page_48.pdf-1	6	sealed_diagnostic	finqa_probe_slot:897201e47219adb93304c833b0e3d9194ea32fa66cab1e8bf168b9552d8f341d	nonempty	3	valid	True	1.0	1.0	scored	unknown	additional_free_text_claims_not_semantically_verified		1a071211137a226556d183862614ff7292e9410c04e8889e99b5cc50f0dedf6c
919	LKQ/2016/page_48.pdf-1	7	sealed_diagnostic	finqa_probe_slot:1e03646fd399d7e1e5bf1b18cf73f33060298f0baf012e46a6d47bd039249b36	nonempty	1	valid	True	1.0	1.0	scored	unknown	additional_free_text_claims_not_semantically_verified		c3bd451f31b56190e6f7bce0d5c1c4fab4548377a66dfc4412eee4e1c62abb79
920	DG/2008/page_73.pdf-2	0	train	finqa_probe_slot:9235075ed6f6c052bc5946fe02a55d193c6c30c6f1d1695b5efacc527f41012e	nonempty	2	valid	True	1.0	1.0	scored	unknown	additional_free_text_claims_not_semantically_verified		b47b9ea5362ff6c9c5c67d186ca444df5e4cf381acabb5f738b54384da8e224e
921	DG/2008/page_73.pdf-2	1	train	finqa_probe_slot:ee081eb44c7c524678e2c557da54edfa46b884c66145aec2ec2f01a48f2454ce	nonempty	1	valid	True	1.0	1.0	scored	unknown	additional_free_text_claims_not_semantically_verified		70254d71dcc22ae801674e0fa6aed7fee5012126f4d4ad338583c356263b024f
922	DG/2008/page_73.pdf-2	2	train	finqa_probe_slot:788a73b65a521825a56a1ff34b5e82baae81568c6141c333d3ea21285913f739	nonempty	3	valid	True	1.0	1.0	scored	unknown	additional_free_text_claims_not_semantically_verified		beee73eaaf1b19174b97966902d9f646ec5cd1b797adc32de6c3a5b8ed2784d6
923	DG/2008/page_73.pdf-2	3	train	finqa_probe_slot:0d953db26ed8a86b5a6d7a1213c1bdd1810fddb29f48ad2db356fb6e6ecbd786	nonempty	2	valid	True	1.0	1.0	scored	unknown	additional_free_text_claims_not_semantically_verified		38360ac084892106b565f0f51e55926546c4ade61a117c3951c1d47235293a39
924	DG/2008/page_73.pdf-2	4	train	finqa_probe_slot:032e440f471d46e5b67d42eab467bb54389d32e43892b488905c990fb6c682ce	nonempty	2	valid	True	1.0	1.0	scored	unknown	additional_free_text_claims_not_semantically_verified		016fa21c68876835dda4646d2635327157606ecac6bd8ff7d00da70868991799
925	DG/2008/page_73.pdf-2	5	train	finqa_probe_slot:bd7ebe4713beaded182b64c4fd92a1f14f7f0eba02c767064ed718a8571623b8	nonempty	3	valid	True	1.0	1.0	scored	unknown	additional_free_text_claims_not_semantically_verified		8e45af5d90716b2152f57fad2a527a8841d133e771fc5459e553432d8e33de4e
926	DG/2008/page_73.pdf-2	6	sealed_diagnostic	finqa_probe_slot:a6e88d176b2bdbe83de9767f4504cf03f3e31a3d0e171d13b30c2e0b8da9a88e	nonempty	2	valid	True	1.0	1.0	scored	unknown	additional_free_text_claims_not_semantically_verified		4f562304027ab78e3e16cfffb55c41ecd8033de4aad9375996de577e879e770b
927	DG/2008/page_73.pdf-2	7	sealed_diagnostic	finqa_probe_slot:d7ff3c7054cfada0f296c347a7959012cbe866221cae4178ca12e8139834f0db	nonempty	1	valid	True	1.0	1.0	scored	unknown	additional_free_text_claims_not_semantically_verified		cc02f95bf3e530450f14dba1568f2f02f09feaf395fb4baa7041a3e566e74078
928	ORLY/2015/page_28.pdf-3	0	train	finqa_probe_slot:9651017d9bef500380aff2f36963912c5f62021ddc4b710d0aecde7d59fd1f8b	nonempty	1	valid	True	1.0	1.0	scored	unknown	additional_free_text_claims_not_semantically_verified		865e97ab28b11258932886bfa347c787f561603403e7e7fc02ddba6e6e3cf238
929	ORLY/2015/page_28.pdf-3	1	train	finqa_probe_slot:cbf55484556758fff005c5a2f808ba4a80bf63e64610ca60614355b188fb1606	nonempty	4	valid	True	0.0	0.0	scored	unknown	additional_free_text_claims_not_semantically_verified		e2108c7a1660584b52c7fcf0305946a7e0b3ef7995e14dd5aafe074770a0387d
930	ORLY/2015/page_28.pdf-3	2	train	finqa_probe_slot:6294156b7a4dfc63c4b0bb9911ac0c021304af720919d336db3f7be63f60451b	nonempty	4	valid	True	1.0	0.0	scored	unknown	additional_free_text_claims_not_semantically_verified		fd47be00f2c3d0bae3eab616c97e4b23c6cae237077296a1ae61f34fd8ec3907
931	ORLY/2015/page_28.pdf-3	3	train	finqa_probe_slot:47f06f324dcea4a9c28092544e2399260634d9afab1a7364be85bd360fbf0c83	nonempty	2	valid	True	1.0	1.0	scored	unknown	additional_free_text_claims_not_semantically_verified		d2460a8b757d106d5ee3d6b349afe155279569ec054a6423eec58fc9cb1e09e7
932	ORLY/2015/page_28.pdf-3	4	train	finqa_probe_slot:305c5b332d3a6c4c2089186010d315fd3b05097fe14ef268b9cbc7435f84010d	nonempty	5	valid	True	1.0	0.0	scored	unknown	additional_free_text_claims_not_semantically_verified		a1ab412a1418a68bd742b37c61b51d6f67b8d82452d6bdd90456440b946d065d
933	ORLY/2015/page_28.pdf-3	5	train	finqa_probe_slot:1e2a07c89a719a78533dc84901187efe1b72b14721147733260a07cb222fad52	nonempty	4	valid	True	1.0	1.0	scored	unknown	additional_free_text_claims_not_semantically_verified		09a0d716a17167ad823f95715df0080293f9761bacaa06a3ea1aff50af73ad90
934	ORLY/2015/page_28.pdf-3	6	sealed_diagnostic	finqa_probe_slot:a8c57c21f87a832937dba2cec6384e5e5b455b9d4a15e5de7755b8bbdd64c699	nonempty	3	valid	True	1.0	1.0	scored	unknown	additional_free_text_claims_not_semantically_verified		f0afc200c0b26806a957e56ab65fe3bb37449001d1a4a81e823a4aae39749a8d
935	ORLY/2015/page_28.pdf-3	7	sealed_diagnostic	finqa_probe_slot:f34713bbb4123ab93bdf1ce5ee905a3f41c1068ad78d4ff27384ae9b02612528	empty	0	valid	True	1.0	1.0	scored	CompletePass	finite_author_anchored_source_execution_delivery_proved		8c4f7a6c97154d5a57067a678ce9f6ea5c2534ccdb35b0c45f9c240ff6fa4932
936	RE/2013/page_109.pdf-2	0	train	finqa_probe_slot:4304516d6e2501db4feced7c031bbb097202f21d42f4015b35d6f880cf3fdfd0	nonempty	3	valid	True	0.0	0.0	scored	unknown	additional_free_text_claims_not_semantically_verified		ddb2ce8b8dc53a258774772c14efd8c9c90f3fda86c8ddbe6c8c38eb0c06c5fd
937	RE/2013/page_109.pdf-2	1	train	finqa_probe_slot:6bdd0d5af43507b1409635f2643caea42252cee79f6dd6f4793e3e3489a89447	nonempty	4	valid	True	0.0	0.0	scored	unknown	additional_free_text_claims_not_semantically_verified		b2a9a70f052baa825a857159fccd5bc51ed55eded360d920533225a78dfba535
938	RE/2013/page_109.pdf-2	2	train	finqa_probe_slot:2d0a28c8cdbc22fefe8e0b6f1864100c9e9ce762452aa0836c5a92e84aa9da63	nonempty	4	valid	True	0.0	0.0	scored	unknown	additional_free_text_claims_not_semantically_verified		2ab9c08fbfce8ee19237267a92869e2ec11e9edb1df9597b32b6c25dfb695e32
939	RE/2013/page_109.pdf-2	3	train	finqa_probe_slot:c489944eaa83a81332b0fda4b4320c74c9731a24fddd13dfed68d632e4a34be5	nonempty	3	valid	True	1.0	1.0	scored	unknown	additional_free_text_claims_not_semantically_verified		d373cd3e1686a5fbf65b331688d09af86070a691836621c684ac55e906262ba3
940	RE/2013/page_109.pdf-2	4	train	finqa_probe_slot:511bd909a22d6cd963295206ab364077e99d42368bc4b102273b0ddada531fd0	nonempty	2	valid	True	1.0	1.0	scored	unknown	additional_free_text_claims_not_semantically_verified		7eb54ced65503cca054246fa7bad4738c3b43837eb723eea3aa597ec8e70b348
941	RE/2013/page_109.pdf-2	5	train	finqa_probe_slot:720fc72a64f92d8fe3d5545b5a7174983bfd17bde0731a7865fe8be35901b552	nonempty	3	valid	True	1.0	1.0	scored	unknown	additional_free_text_claims_not_semantically_verified		1480ae8dddebcb37c5b28354c7bc52fadaa6b92f20e194c89d2cf48506768d96
942	RE/2013/page_109.pdf-2	6	sealed_diagnostic	finqa_probe_slot:1ec5687bd12dc985d469076c1946e1dc82e03be03b6e8afe8a9f2fd66204de83	nonempty	3	valid	True	0.0	0.0	scored	unknown	additional_free_text_claims_not_semantically_verified		ef779a174c718cdb12357ce2eeddfe72738e5079351a90c2e7d1a6dfa66ef464
943	RE/2013/page_109.pdf-2	7	sealed_diagnostic	finqa_probe_slot:ce5e6a294fc56fe2f766a75003c749f25cf3540cf50a1f138240d25362e9779f	nonempty	4	valid	True	1.0	1.0	scored	unknown	additional_free_text_claims_not_semantically_verified		6929e261dce5803216a60f7a09051a9e3c46f91b0c29a749ea65fb88151749a5
944	RE/2013/page_109.pdf-1	0	train	finqa_probe_slot:c2bfba201ae696a9fb9ff1039e226eae8b96d1551b44c815e18cc8b4da107319	empty	0	valid	True	1.0	1.0	scored	CompletePass	finite_author_anchored_source_execution_delivery_proved		6e5565dc070dc750c0d9299cffce749105399eee1af0aafa267dc6cca0d6d97c
945	RE/2013/page_109.pdf-1	1	train	finqa_probe_slot:ee4d7a97c330e5777c7490e695d8315e4c194d2548b232effa8ad80eaf583ccc	nonempty	1	valid	True	1.0	1.0	scored	unknown	additional_free_text_claims_not_semantically_verified		054e9fed7107bb687b7d8c19135ebddfd3338d9c632eb0ab4859b399c73f61bb
946	RE/2013/page_109.pdf-1	2	train	finqa_probe_slot:64181a6f2be9dc379c920d565c463f29c55cd6fd3d513ee51c4ea82dd68188dc	nonempty	1	valid	True	1.0	1.0	scored	unknown	additional_free_text_claims_not_semantically_verified		c850263c768c030f690e97cd5c0c86fb1cac778385fc37eca47b7de3b8656bc3
947	RE/2013/page_109.pdf-1	3	train	finqa_probe_slot:e4296c2f26920d364d12603716d1c93c5c2ca51d8bb8ce8923b541d73b35a881	nonempty	2	valid	True	1.0	1.0	scored	unknown	additional_free_text_claims_not_semantically_verified		15f6852ba81b3b7fca45352a4190db0da24379225e13fdfdabfd879c79a1f411
948	RE/2013/page_109.pdf-1	4	train	finqa_probe_slot:62bdaa8ba2129ce1fafa9c923ba51b019364f5047f67fa6e71a9bca82a5c7b3d	nonempty	2	valid	True	1.0	1.0	scored	unknown	additional_free_text_claims_not_semantically_verified		d32b313a3bf601e43ef201f1d36487f3a11c6448724bf65baefd56ada62ef21a
949	RE/2013/page_109.pdf-1	5	train	finqa_probe_slot:9d5bc0d06061143185eaa9ae7968e80bb07ad2cbc9cf1d5880110f86a4f0f68e	nonempty	2	valid	True	1.0	1.0	scored	unknown	additional_free_text_claims_not_semantically_verified		82591e83ae655165dad6b4d3199f4bf1ef009c35008c78e215e89e95215dd474
950	RE/2013/page_109.pdf-1	6	sealed_diagnostic	finqa_probe_slot:fd2e1635adcd1a0e5a65c2a261e88bb11eb833a8fb09c52b4577a845db7e5f62	nonempty	3	valid	True	1.0	1.0	scored	unknown	additional_free_text_claims_not_semantically_verified		2c9d16ae21a08fc02f0f2c7aa3f89a2adcee4d28933f6b5579af52fd0e054d0e
951	RE/2013/page_109.pdf-1	7	sealed_diagnostic	finqa_probe_slot:3897f63636a7f7ba959166c8f3e7bbb8b04a89108873c933d3dedd75ad618c67	nonempty	4	valid	True	1.0	1.0	scored	unknown	additional_free_text_claims_not_semantically_verified		8e09ccd0092f7a8a2ee558a7e00255e870a240fcba950d827a277a888959af6a
952	MAS/2010/page_89.pdf-2	0	train	finqa_probe_slot:acf14c233c13a29c5ea7a93da9e055909e04ce56610f205b34195fc0eced5e24	nonempty	3	valid	True	1.0	0.0	scored	unknown	additional_free_text_claims_not_semantically_verified		6d970e4bee5fb105d2ef74c8f5110104b1d6b99399f4bdca00b8d4a97bbc142c
953	MAS/2010/page_89.pdf-2	1	train	finqa_probe_slot:e14acf2aea1b81f773b62e9bf96f5853b61c18c82042160485923dd6bd763027	nonempty	4	valid	True	1.0	1.0	scored	unknown	additional_free_text_claims_not_semantically_verified		4f072ab3e0ca0473ed2fb3b63db6abfdb0ba10444ab2a9b9d307498b04cf36d7
954	MAS/2010/page_89.pdf-2	2	train	finqa_probe_slot:61b117b430a4974ee0b1d0e40a683a7c05c5201e5e3406b66dbd1caa8fc7f3c1	nonempty	2	valid	True	1.0	1.0	scored	unknown	additional_free_text_claims_not_semantically_verified		ec1e0a424649b973d8c99992d123089d7ce655fb2472c211206548c4b9ce0474
955	MAS/2010/page_89.pdf-2	3	train	finqa_probe_slot:8384b0346d0a8cf615162799eb080f40137e52e6786c3318f0daeb170d2d20ff	nonempty	4	valid	True	1.0	1.0	scored	unknown	additional_free_text_claims_not_semantically_verified		d86e59d5e1768ddf0f04864a22fee807638a02d5d61d33b7094a90064a0b8087
956	MAS/2010/page_89.pdf-2	4	train	finqa_probe_slot:6e2656eba552297dae806172e99282f86c14643021fc3a12c1382dc780d0cb99	nonempty	4	valid	True	1.0	0.0	scored	unknown	additional_free_text_claims_not_semantically_verified		cd358ceb9e6d6b9accadfe5a6700dcab0ae09c9996a55c94c2a6ca9e072b84c4
957	MAS/2010/page_89.pdf-2	5	train	finqa_probe_slot:9901768a91d671fbad1a07cd21b9fbf0034ee943ebc39ec7dfaeb3dbbeee160c	nonempty	1	valid	True	1.0	0.0	scored	unknown	additional_free_text_claims_not_semantically_verified		9e4fb0182b07699c358d476c4822499c0c83ad31f4c6f998b0a755646952fdd9
958	MAS/2010/page_89.pdf-2	6	sealed_diagnostic	finqa_probe_slot:8c01a9a1a1d9647a28f6efb3d0c3a7f1b45a0a0cc14b2856e7efaa815bb0007d	nonempty	3	valid	True	1.0	1.0	scored	unknown	additional_free_text_claims_not_semantically_verified		e271134d86672ebc0b28082787dceda25d6b6b52039d99d94c22100c02d68ebe
959	MAS/2010/page_89.pdf-2	7	sealed_diagnostic	finqa_probe_slot:f2ac712fccae8cfef3d11ae40d6caf100a885db46597e0c7922e036ea642c4f5	nonempty	3	valid	True	1.0	0.0	scored	unknown	additional_free_text_claims_not_semantically_verified		1ae8c1ce77f8af705dc47a62eb5c4b73123287b96f39714ed7439f28b5b8b421
960	C/2015/page_46.pdf-2	0	train	finqa_probe_slot:fb9fa30d8ca0096414c78b788da6990740c4b99991856c906971ea718d4c33a5	nonempty	2	valid	True	0.0	0.0	scored	unknown	additional_free_text_claims_not_semantically_verified		793b3dc5c31b4fc0c7dd6c4260ff2929d0dc069b6e4620362654886ebcc2c1e9
961	C/2015/page_46.pdf-2	1	train	finqa_probe_slot:7ab3df04f37838275e149fe36db9be3a15737ce867f7acd4def4d567f4acc378	nonempty	2	valid	True	0.0	0.0	scored	unknown	additional_free_text_claims_not_semantically_verified		320e8ce26f9a92f5b4d97d72fef86a9b621a241c97f2a45c653ba747c937676a
962	C/2015/page_46.pdf-2	2	train	finqa_probe_slot:2abbb383d5fa81180942c6f7da0bd61ba70f8fee3d19407cd91125e07c7818ca	nonempty	3	valid	True	1.0	1.0	scored	unknown	additional_free_text_claims_not_semantically_verified		01c553344fca5113fff6323f20a6bf0e04f88376c84f8991a79e17769159d3b3
963	C/2015/page_46.pdf-2	3	train	finqa_probe_slot:5133d96be9d030b7b24e7354ce62bf36afb91bd91717abe9ba2bba07c1bfcdbd	empty	0	valid	True	0.0	0.0	scored	invalid	submitted_program_result_contradicts_anchored_task		7944ac04097937a675a5aa436ee7e10b94729ae4c0d483ebdd3ce1e0280ef945
964	C/2015/page_46.pdf-2	4	train	finqa_probe_slot:44b04eef266222d34dc1738248557f717d32cc6992ce5b9a25ae7315477692b5	nonempty	3	valid	True	0.0	0.0	scored	unknown	additional_free_text_claims_not_semantically_verified		7561103c39b876223377dd6210bcbd4cb58ca51cea6e5a1dd76d1b2bb6bb1f37
965	C/2015/page_46.pdf-2	5	train	finqa_probe_slot:abb1702612adff411315f6b1e2bc2d170133478bc5be7b482184bf827a6dcdd1	nonempty	3	valid	True	0.0	0.0	scored	unknown	additional_free_text_claims_not_semantically_verified		6ca7685d4a3dc3466caf02daf8a242c00fd5a21ef84d9266f34cfb16a50c550b
966	C/2015/page_46.pdf-2	6	sealed_diagnostic	finqa_probe_slot:3c879d156935c937ec2fdb06361acec95397ac2838455436c717c9616be2c0b2	nonempty	3	valid	True	1.0	1.0	scored	unknown	additional_free_text_claims_not_semantically_verified		4207664958c6d8c2edbdd3db21be838686c3296fc6089b9656f99878c902e21d
967	C/2015/page_46.pdf-2	7	sealed_diagnostic	finqa_probe_slot:3127f8c3effacf542ccba49579d675703d13833bcfff5793391ba7c6ecae3697	nonempty	3	valid	True	0.0	0.0	scored	unknown	additional_free_text_claims_not_semantically_verified		39b1e6571f5b3cd8eeba8487a2c536274522ac5cbe15321253523a6c402b25d8
968	IQV/2016/page_65.pdf-2	0	train	finqa_probe_slot:46ac84c279f9c216736b53fff742050227ba4c9414175de307f0d7b2ede46690	nonempty	4	valid	True	1.0	1.0	scored	unknown	additional_free_text_claims_not_semantically_verified		ec4c6669034561e85b321c071bb9fc1f89a525e8adba490af57114d038fa4d48
969	IQV/2016/page_65.pdf-2	1	train	finqa_probe_slot:a6f83aa1795e697be02cd218bb00f2fa38725f12af90518144460be17328276d	nonempty	3	valid	True	0.0	0.0	scored	unknown	additional_free_text_claims_not_semantically_verified		ce9fa228f31b351ebdc2f461382a2c99edf47fdb111057945e720e6f94048d07
970	IQV/2016/page_65.pdf-2	2	train	finqa_probe_slot:e37e3c226959b47c3fc2fddbc5434967eabd2e6aa798358f717a00c8086b28e7	nonempty	4	valid	True	1.0	1.0	scored	unknown	additional_free_text_claims_not_semantically_verified		158ee29016f445e2708d8899ed808b5b60eff2b27cc11ccd1e2763a373f4b9c6
971	IQV/2016/page_65.pdf-2	3	train	finqa_probe_slot:3328ab467f3f98b0026eac46ecdb24b8741e6b8aeaec87b759d4ee218c663610	nonempty	3	valid	True	1.0	1.0	scored	unknown	additional_free_text_claims_not_semantically_verified		d6e02fe713c597811214c89484de3d2439f6e6d0a86ae7a04db09d4a3d12e73a
972	IQV/2016/page_65.pdf-2	4	train	finqa_probe_slot:1583745f611754f2b87f6d016070cb93f44ba037dc33837de453fff9aa460fb1	nonempty	3	valid	True	0.0	0.0	scored	unknown	additional_free_text_claims_not_semantically_verified		5b63f8397de249bdb5a0b94fc931836eb853482fa0d196a62331dc1ac9c6a6f1
973	IQV/2016/page_65.pdf-2	5	train	finqa_probe_slot:15f70b282387082f620837b93129302d367a28b7dde11f712682779bbddb318c	nonempty	2	valid	True	0.0	0.0	scored	unknown	additional_free_text_claims_not_semantically_verified		7c5017cdcd16de98918666a9e8334fb8c209d35c2062c499cdbfcd4f521a8656
974	IQV/2016/page_65.pdf-2	6	sealed_diagnostic	finqa_probe_slot:33c3119efb5b795c23af677c3d3d4b784f7f7cf6f2667b3495fbfffa1a788418	nonempty	1	valid	True	0.0	0.0	scored	unknown	additional_free_text_claims_not_semantically_verified		227bd425539c8b034637c1bf1468a49e9760b917a512a289870823c63c23c97f
975	IQV/2016/page_65.pdf-2	7	sealed_diagnostic	finqa_probe_slot:8dcc5af93e20e8bad10be799ac33793223a8f43990ce5ca093611cf3006209c5	nonempty	4	valid	True	0.0	0.0	scored	unknown	additional_free_text_claims_not_semantically_verified		2d9a20952c477d4f10e363c7ba0f667fb488f8e76815a86e1385e32e43e5a94b
976	LMT/2014/page_85.pdf-1	0	train	finqa_probe_slot:bb60e1be9ae9945148af1f03da72834c5a0be5848476360cc040563e4976ced0	nonempty	1	valid	True	0.0	0.0	scored	unknown	additional_free_text_claims_not_semantically_verified		3370e62b3a1f49b13611513c685add5f3db3fd6cda68b03493fa92f242261e59
977	LMT/2014/page_85.pdf-1	1	train	finqa_probe_slot:85ce9066be2ff75ae433a5a3d5bbcbb085dda40234bfd3da24bca3b5c966e869	nonempty	3	valid	True	0.0	0.0	scored	unknown	additional_free_text_claims_not_semantically_verified		bdf22219ba84455d9bf9ccbecac3e9b07e8a3aa4f27ab9f207aad451c81eae89
978	LMT/2014/page_85.pdf-1	2	train	finqa_probe_slot:118448c08c49abc064902fbacd68eb317f2068ebd9d5c0b82a84f25a2aee8fac	nonempty	1	valid	True	0.0	0.0	scored	unknown	additional_free_text_claims_not_semantically_verified		953cc67fdf8e8173353f22a6d3142dd1523b1b5329496f98c0c1879d03a9a77d
979	LMT/2014/page_85.pdf-1	3	train	finqa_probe_slot:d0f506af7817312b6e5b9204f8a2c355434768bb0f8b9b3441fdc0aafb0694e4	nonempty	2	valid	True	0.0	0.0	scored	unknown	additional_free_text_claims_not_semantically_verified		4b4a28833eeadba35c93e6549048441ec618bf15f6bd1ab19710c9635d631808
980	LMT/2014/page_85.pdf-1	4	train	finqa_probe_slot:8ded44a9152d964b5c6ded6e403b15b1e9161a839f9039d5752728c9a69cee59	empty	0	valid	True	0.0	0.0	scored	invalid	submitted_program_result_contradicts_anchored_task		8c220ce1e33103bba84f48b22be39a27f777ebe5936de9709c765c3b4185d8fd
981	LMT/2014/page_85.pdf-1	5	train	finqa_probe_slot:216b12e16863ecaccdd9b5479fbff9861bdb38da1827b2ac42b3cddc1b76205e	nonempty	2	valid	True	0.0	0.0	scored	unknown	additional_free_text_claims_not_semantically_verified		9ace49b8aeeb5e517b526ae8ea167fdb5db09ce71082b2e240a7da16b70870ca
982	LMT/2014/page_85.pdf-1	6	sealed_diagnostic	finqa_probe_slot:af20b02d2bfe65c493d4f6c5471109907f050bed0869888f2df22ba149b20a75	nonempty	2	valid	True	0.0	0.0	scored	unknown	additional_free_text_claims_not_semantically_verified		733bf41bd76bfa7ce8577b09dedb84350d3697904afd8e280bc4e7db6ee215e9
983	LMT/2014/page_85.pdf-1	7	sealed_diagnostic	finqa_probe_slot:0308f4bfb4ec82f2adff6410bdbbd5435a2613945c6da96d535b8614ba20b7b8	nonempty	2	valid	True	0.0	0.0	scored	unknown	additional_free_text_claims_not_semantically_verified		2dff44a8e720cba496eb20f01a46ecbad29ffa36de36663839f7bd096fe87fb8
984	C/2009/page_255.pdf-3	0	train	finqa_probe_slot:989e8dd92a300eadab9277fd7a8f7eee01fe71c36bc20ce271f62d6b70814b45	nonempty	1	valid	True	0.0	0.0	scored	unknown	additional_free_text_claims_not_semantically_verified		11c9b6deb9c06a555c4231af7f272298c84df64d832e466ebe78b6a66ec3c768
985	C/2009/page_255.pdf-3	1	train	finqa_probe_slot:2863e4d61cf01fc80ed96d014a446feadac92fd8a3296b4d4ab28cd64ef381c4	nonempty	2	valid	True	0.0	0.0	scored	unknown	additional_free_text_claims_not_semantically_verified		2487502c1d2572c9e7b90ea120c92485e31b72de7841e36bb4ed6871781ffa57
986	C/2009/page_255.pdf-3	2	train	finqa_probe_slot:4c154337b6a4b97311fbc546f4b9c3eb48449e3d3dea22253f2ce4353ddc2363	nonempty	3	valid	True	0.0	0.0	scored	unknown	additional_free_text_claims_not_semantically_verified		0110e885aaf1d302687b8ff7b1655dd290af8c0231c20262507d268d222dde99
987	C/2009/page_255.pdf-3	3	train	finqa_probe_slot:cffac8180210a553c03ebb799eed1109b5ecbd653e73612c440b9b3c9bbce4f8	nonempty	4	valid	True	1.0	1.0	scored	unknown	additional_free_text_claims_not_semantically_verified		78e70ae393951f5de40ab41f664b5a020fc5d23d02f84b9393fc23aa4ad86bbe
988	C/2009/page_255.pdf-3	4	train	finqa_probe_slot:98dce08c18b24017470702962813ef93b3bf169f4147412dc6595310ed79959c	nonempty	3	valid	True	1.0	1.0	scored	unknown	additional_free_text_claims_not_semantically_verified		45ef55f611b17115d1257e8549ba247a1b04965a92715d47ee2e1c6cca3b7b58
989	C/2009/page_255.pdf-3	5	train	finqa_probe_slot:7fe4caada96174d9047bc3ef31b50d2c3d60ff2e954accdf00028d0705b9a4ca	nonempty	3	valid	True	0.0	0.0	scored	unknown	additional_free_text_claims_not_semantically_verified		a86825a263b8fe7ce64bb6b4bcf5d80eac6c0ce3ee21aad6c55e56c17d64a55c
990	C/2009/page_255.pdf-3	6	sealed_diagnostic	finqa_probe_slot:8b2bd2dd3c687b7769a72f87916b93b4b3c6fbf85c4c69ed4bd5740035e6c666	nonempty	3	valid	True	0.0	0.0	scored	unknown	additional_free_text_claims_not_semantically_verified		609867d22f8a3663bd9480b72a8675d47e988c0e7fa0505dd63bc79f69b696cc
991	C/2009/page_255.pdf-3	7	sealed_diagnostic	finqa_probe_slot:c4df57f927f7b2cb6020563ca2e0843a35e98c1a2b2b0890e68368c6dbab1af9	nonempty	4	valid	True	0.0	0.0	scored	unknown	additional_free_text_claims_not_semantically_verified		59e66ac4b8d28db88c8e35f61048046ca2a92d280b6f19b7a7127d8239fa0534
992	MAS/2010/page_29.pdf-3	0	train	finqa_probe_slot:c18f19c5627bbebe998928c6914977ab7e4ac134a8ea23f361f6a18e985f39b9	nonempty	4	valid	True	0.0	0.0	scored	unknown	additional_free_text_claims_not_semantically_verified		0bfed923e7d7d34333ba096e8d85df6a023b5b670f3cd3db1383b7ba688aad9c
993	MAS/2010/page_29.pdf-3	1	train	finqa_probe_slot:cba32129183c6d64a717a3982ef29f4f25a62ad1b242a2b42bebbfad6ec34bb4	nonempty	1	valid	True	0.0	0.0	scored	unknown	additional_free_text_claims_not_semantically_verified		05f387977b0deedae802f06612908baf34c32682bb0b11b36e5b7948f4ed34e6
994	MAS/2010/page_29.pdf-3	2	train	finqa_probe_slot:8419ae9cb7309fb8f6f835a0be1e21b3ea60019dddd4808e2d938b1174c8c4c9	nonempty	2	valid	True	0.0	0.0	scored	unknown	additional_free_text_claims_not_semantically_verified		a6b1527286116d45e1e509fed949257ceecb30139931188606668970dadbb82e
995	MAS/2010/page_29.pdf-3	3	train	finqa_probe_slot:5034411308cd0c9262c806f392ea8cfe8f20cbb896513453ead6d5894f4680e3	nonempty	3	valid	True	1.0	0.0	scored	unknown	additional_free_text_claims_not_semantically_verified		c94c23e894a948a460194f20f87d5969315fb83fbbc226a91f598ba327c6075c
996	MAS/2010/page_29.pdf-3	4	train	finqa_probe_slot:8e5cd6bbbb08ae97d29b000f663c6b04db4f88613e0cc774eb2b72ef9dc3f200	nonempty	4	valid	True	0.0	0.0	scored	unknown	additional_free_text_claims_not_semantically_verified		086ca3463ffdd454eacdc8b4fdcf483bbdb60308d22453e30b6823056a4ea3ef
997	MAS/2010/page_29.pdf-3	5	train	finqa_probe_slot:7eae37caa0ee3dc6aaec523dafce333ac4b14e977828ea4b0fa052461d8c2424	nonempty	1	valid	True	0.0	0.0	scored	unknown	additional_free_text_claims_not_semantically_verified		fe47d88a1822833de1164776056e9df66cac23ad9757c00cc144e0bcb343a0b8
998	MAS/2010/page_29.pdf-3	6	sealed_diagnostic	finqa_probe_slot:475d5186b10c1dedecc08a84d3329300627c0abee0780e9de5778ff3088f92dc	nonempty	4	valid	True	0.0	0.0	scored	unknown	additional_free_text_claims_not_semantically_verified		2d7fe57f877dcb70ef3eda1dcccc564adb0f76ad2e70d529b1962b0fb7bebd78
999	MAS/2010/page_29.pdf-3	7	sealed_diagnostic	finqa_probe_slot:8a5009fa70fa9f79239e5fb326a28dfcbcea4f8d3eaebda705725bae86ab9ace	nonempty	1	missing	False	0.0	0.0	invalid_prediction	invalid	normal_terminal_has_no_completed_Final		c2a7d6b43006bc30c158a0e76dd6dc8826d1d9570271b639d3db3b63aa04e0cc
1000	STT/2013/page_54.pdf-1	0	train	finqa_probe_slot:85f39712a5a7e15f7490f92bcef643ced55222dd6bc74a03e052a210bdd79e62	nonempty	2	valid	True	1.0	1.0	scored	unknown	additional_free_text_claims_not_semantically_verified		f5af2603c3a1ed44387c898c7c1ed91ecea5dc0863bf2b860f1a93b036012c3b
1001	STT/2013/page_54.pdf-1	1	train	finqa_probe_slot:3c382f7cfd13e72f9e63636f3894005f4ab17f4ca9d444bf39ae311842d5c380	nonempty	2	valid	True	1.0	1.0	scored	unknown	additional_free_text_claims_not_semantically_verified		be2ed5a94e95427b4d9380bd787653d2d22a92a03c76c5a79465c790b9a5c4a0
1002	STT/2013/page_54.pdf-1	2	train	finqa_probe_slot:a15decccd3b1b42db5acc38ef27c4e609d7b9e08801b049fab0f6400e0b81382	nonempty	2	valid	True	1.0	1.0	scored	unknown	additional_free_text_claims_not_semantically_verified		9d48c51cee16221de815cdf3154f10905d5486713df788fb6ffd7cc8680244dc
1003	STT/2013/page_54.pdf-1	3	train	finqa_probe_slot:d5255a15cc1b572149d862da24c2d3d6b199300d9fddd2bdb547bb504893195e	nonempty	2	valid	True	1.0	1.0	scored	unknown	additional_free_text_claims_not_semantically_verified		a1fabaf4f379f8042ab7ea27c0aa9dfec96c10e7b1f8b1836efc3c056a8dc1c3
1004	STT/2013/page_54.pdf-1	4	train	finqa_probe_slot:87c0d4269bfb1af2645d1bdfa9174ccc1f6daf8a67cb425f0101a45e0e4a56c4	nonempty	3	valid	True	1.0	1.0	scored	unknown	additional_free_text_claims_not_semantically_verified		24dce0bec5d49f69bf1b814acfb7b504786e18d4d9b5ff58d25c5d9b4ce99fab
1005	STT/2013/page_54.pdf-1	5	train	finqa_probe_slot:fdcf125952a8ba994d4408fbcbc2447f1386186545c2945af03c10f189f3ab2e	nonempty	3	valid	True	1.0	1.0	scored	unknown	additional_free_text_claims_not_semantically_verified		5537842bd5ed0cf6f7ea4182fc6d2ef5566a0500fa5c66588951a63fc21590cc
1006	STT/2013/page_54.pdf-1	6	sealed_diagnostic	finqa_probe_slot:c0f0b597ad232d2482648efd4b26d5c468b748f80a0fd02d5cefbe78e96dfad6	nonempty	3	valid	True	1.0	1.0	scored	unknown	additional_free_text_claims_not_semantically_verified		c7d84563f423da3cf7a8dbd9aae62ed2ea468d5908806bb9865563ce2ead8007
1007	STT/2013/page_54.pdf-1	7	sealed_diagnostic	finqa_probe_slot:39209fc7e379a23619d5b0809baaffcf10b8585014f02a4d0571d19280ac1afc	nonempty	2	valid	True	1.0	1.0	scored	unknown	additional_free_text_claims_not_semantically_verified		950db7606e8ce7dfffd2ff7b0ae73ec5ec79eb9dac4ff75d9bd0a2b829e74bbc
1008	IP/2005/page_32.pdf-1	0	train	finqa_probe_slot:8799259de8339e0775ef40d6fdc7e8222e338bd7f6a4026f84a08c69588ea939	nonempty	2	valid	True	1.0	1.0	scored	unknown	additional_free_text_claims_not_semantically_verified		1491f99711b54b0b24173b514f0cc832eb9c1c6fe53591d289cb1d1f261b9181
1009	IP/2005/page_32.pdf-1	1	train	finqa_probe_slot:155cf09434a69eb09902771771036c41c61f1417799940b6a92de0b14b9f6338	empty	0	missing	False	0.0	0.0	invalid_prediction	invalid	normal_terminal_has_no_completed_Final		c5b77209b17f5f494940cb9bf4dbf08dbf6364d6abb0018f340de8407873a649
1010	IP/2005/page_32.pdf-1	2	train	finqa_probe_slot:637193fdcc67dd00deba3dd0fc0f2a4aea6961a1c2182e60d25accba12f3eda6	nonempty	2	valid	True	1.0	1.0	scored	unknown	additional_free_text_claims_not_semantically_verified		6fe2ba627ade6fc273b7f45ecfe02937a7f6d1b890c7bc64e94d0d3bc453d86a
1011	IP/2005/page_32.pdf-1	3	train	finqa_probe_slot:e289d8559ea7c821b99d5ab9a452502d6d2ba1d71bf6d06e770d0901a40a0969	nonempty	4	valid	True	0.0	0.0	scored	unknown	additional_free_text_claims_not_semantically_verified		d4045db54a43f39c820791512561cd14f9b37de7c95eca3733a970bcde40b845
1012	IP/2005/page_32.pdf-1	4	train	finqa_probe_slot:81e8d430c3a1d0affe7d162b5caee56ae4f2530b84959246daccd9252a0a4a48	nonempty	1	valid	True	0.0	0.0	scored	unknown	additional_free_text_claims_not_semantically_verified		7a75bccdf80af8df11ddf1220044c783bb21323952b1dd4bdaf785c99a0d3a60
1013	IP/2005/page_32.pdf-1	5	train	finqa_probe_slot:144bb7644488112a25ea5085fbad6577584c6b5212e0b0b8cefe17eccf440dd9	nonempty	4	valid	True	0.0	0.0	scored	unknown	additional_free_text_claims_not_semantically_verified		0814ad20c20be3140eed369aeed3d4dba72c1535e3d1d073075f1d86dcaac467
1014	IP/2005/page_32.pdf-1	6	sealed_diagnostic	finqa_probe_slot:7b9476d16acae642eadabb39a5ef92d38cdc589bc4fb76f17c70a3480859872c	nonempty	3	valid	True	0.0	0.0	scored	unknown	additional_free_text_claims_not_semantically_verified		8806840f1a67d2eaee78751f0423c04af226aba6460b0605153f1caa8e24fddc
1015	IP/2005/page_32.pdf-1	7	sealed_diagnostic	finqa_probe_slot:96efee8627ff9075ceefa39d297d334614fdd8ce39918a0b484f89ff5ee43208	nonempty	1	valid	True	0.0	0.0	scored	unknown	additional_free_text_claims_not_semantically_verified		fbbc09d039856c0fb67405b8c79d63afe0f54a843e7f64916ba2263343b9c60e
1016	MAS/2010/page_89.pdf-3	0	train	finqa_probe_slot:c0a383cd64ae50e344455911016c7961c03447e8ace2dc1319cea755f4f9655c	nonempty	3	valid	True	1.0	1.0	scored	unknown	additional_free_text_claims_not_semantically_verified		5c790cb4a8226fc4023c1566ca4d1abebfd835fdd866977ad1265bd63d7e100d
1017	MAS/2010/page_89.pdf-3	1	train	finqa_probe_slot:2716fff8b13d9cf89bdfdaa182defb20a98419cf32c55b507d90f1998d78e852	nonempty	1	valid	True	0.0	0.0	scored	unknown	additional_free_text_claims_not_semantically_verified		df0196c4a0d9c1fd22491f3ef1f12376217f74e73085b90b7aa0782eee658a24
1018	MAS/2010/page_89.pdf-3	2	train	finqa_probe_slot:30584ab09eb016d7ec548e8d50ddbf092368a232f3ac7264351b9b759acece34	nonempty	1	valid	True	0.0	0.0	scored	unknown	additional_free_text_claims_not_semantically_verified		8e308d80bf4cb38043e86fc8041f14d0a424520efb8844154fde137ac91e4a23
1019	MAS/2010/page_89.pdf-3	3	train	finqa_probe_slot:0eaa4b24e9a9893b70a6c5d55e17441bce73501b8a03e2dad3b52d13cbd977d9	nonempty	3	valid	True	0.0	0.0	scored	unknown	additional_free_text_claims_not_semantically_verified		1a16674cebae92aff72c3bb86aa25bce8518fad7f6600530a9f410cb7a4668cc
1020	MAS/2010/page_89.pdf-3	4	train	finqa_probe_slot:e86e1513779694a81d57d1129f4b0ae1ea9bc9965471c6778e37ad6ddd63efd1	nonempty	3	valid	True	0.0	0.0	scored	unknown	additional_free_text_claims_not_semantically_verified		369da2cd1a1112ad45fb04ae9696eea9f5aaa9554a86ea4850758f33ccef36a5
1021	MAS/2010/page_89.pdf-3	5	train	finqa_probe_slot:88a242883f99df2fba924c2d2164bc74c15fc036829f876c996d4510a9632ce2	nonempty	2	valid	True	0.0	0.0	scored	unknown	additional_free_text_claims_not_semantically_verified		97a12ad86c1f26c2fc0af18023f1f0717d33b66d28bf721b934e8e50977adc6e
1022	MAS/2010/page_89.pdf-3	6	sealed_diagnostic	finqa_probe_slot:98e795dcb8c04289e37e8fac6bb5b63dc94e6a5669a86b2d48d5744ff5562c89	nonempty	2	valid	True	0.0	0.0	scored	unknown	additional_free_text_claims_not_semantically_verified		a2b68552d40f26d490a9c471b422e7c33f0cdb79e5fbe9e5a14e2440ddc1840d
1023	MAS/2010/page_89.pdf-3	7	sealed_diagnostic	finqa_probe_slot:d1f332f625256037838c9b17921d6d211448b38c81a51ef471fac1478e34d670	empty	0	valid	True	0.0	0.0	scored	invalid	submitted_program_result_contradicts_anchored_task		d5e3e014c660baf847f8b080ba6fcd4c55d8a01eed10046398aec553701b614f
1024	LMT/2015/page_86.pdf-3	0	train	finqa_probe_slot:ae3acab786ee05a01c2cbf0acfe01b1e7bdf8dcc6938b5d57e3aa1313f9f85eb	nonempty	1	valid	True	1.0	1.0	scored	unknown	additional_free_text_claims_not_semantically_verified		84cdac194257fbff1d868164143e543210c81c395c40293f366f0b467aadf8a0
1025	LMT/2015/page_86.pdf-3	1	train	finqa_probe_slot:f2e436e0b8b8895eff22f3357fb5ea87e4a4f062b2aed441d7932e2b9b31d68a	nonempty	1	missing	False	0.0	0.0	invalid_prediction	invalid	normal_terminal_has_no_completed_Final		dde218aa845467ec4f97bcfa1e1d6148a9c35c3c3a7efd9e68002ba505ee5bf8
1026	LMT/2015/page_86.pdf-3	2	train	finqa_probe_slot:f903ad80fa8c4574581c35659c07512479d94cc893df9f98b55b7122da45d31c	nonempty	1	valid	True	1.0	1.0	scored	unknown	additional_free_text_claims_not_semantically_verified		71b21944352b47440194a38f82c1351a118c67f5a20da8420005b4743fcf4438
1027	LMT/2015/page_86.pdf-3	3	train	finqa_probe_slot:e3c037df01f03d0bbc98c47f62ea5f5cde25685e17a6166cdd549f4880618a52	nonempty	1	valid	True	1.0	1.0	scored	unknown	additional_free_text_claims_not_semantically_verified		951cf2eb85939f855a4a388248a6b5661df52c23d3accb495bd6831fec78ffb0
1028	LMT/2015/page_86.pdf-3	4	train	finqa_probe_slot:cffe72cb61265be81d470f356f76ed65a62d7ac43155efb65a324f32031f57fb	nonempty	3	valid	True	1.0	1.0	scored	unknown	additional_free_text_claims_not_semantically_verified		dd04b54e98787488894003ca0855434751446033ae476bf40245054ee5c9dbc5
1029	LMT/2015/page_86.pdf-3	5	train	finqa_probe_slot:829fd28603289332d9de8730a4969dcf76fd971e9105c520f7682d0fbb7d06b7	nonempty	2	valid	True	1.0	1.0	scored	unknown	additional_free_text_claims_not_semantically_verified		00a08d679f2711088a12d30b4ee71f9b71971593489cf62ce9cbfd87ca98b8d9
1030	LMT/2015/page_86.pdf-3	6	sealed_diagnostic	finqa_probe_slot:9dbbfba9fd1a720b3927f8fdcbd164fb9050758fbb9d2087c1a6b05c8b7f9c38	empty	0	valid	True	1.0	1.0	scored	invalid	Final_value_or_declared_scale_contradicts_source_bound_program		83fad677f6bee64033e99d6a10a889a4111bd38474a757f3b0f81594ca5f445c
1031	LMT/2015/page_86.pdf-3	7	sealed_diagnostic	finqa_probe_slot:efffeda48fb2e7ad31df97e59fdda8cfad65d6059e52a16d0b1bbbd809075310	empty	0	valid	True	1.0	1.0	scored	invalid	Final_value_or_declared_scale_contradicts_source_bound_program		91af29d4755aa5b6ffb284d99cc3b32b4c81db45907faa05465dc1aaf6ace964
1032	MRO/2012/page_39.pdf-2	0	train	finqa_probe_slot:45a521d27919e4212972343cfcfae1955c0e5bafdce222624c1a7cc8793b04f4	nonempty	3	valid	True	1.0	1.0	scored	unknown	additional_free_text_claims_not_semantically_verified		61f33ad5af10ffb9c4a1ae8de8a19e89c7b39b1b227e08330e32e65380c23a32
1033	MRO/2012/page_39.pdf-2	1	train	finqa_probe_slot:a6ad608110375d2d5b431b9f9b67886eedbdc6934896e6f7c2a4238bc46a883b	nonempty	2	valid	True	0.0	0.0	scored	unknown	additional_free_text_claims_not_semantically_verified		1790f0a544df694a3d787af4c1d07ac27bd94879ed4309469a57c86af1b0ec76
1034	MRO/2012/page_39.pdf-2	2	train	finqa_probe_slot:c6b0877db3bfe44d804548149eb2eb20e835e6b742af1c7055b83427e411e5aa	nonempty	3	valid	True	0.0	0.0	scored	unknown	additional_free_text_claims_not_semantically_verified		2688d32b544b26d3e040dd30cfc1239d42cccf4cab369fc9973b155f2bd36f58
1035	MRO/2012/page_39.pdf-2	3	train	finqa_probe_slot:c21a1c90bf64081a80c28e572fd0c09883e7dc64d09de299f4932ce61bd92f0f	nonempty	4	valid	True	0.0	0.0	scored	unknown	additional_free_text_claims_not_semantically_verified		700779ed81d0daa44f2af6fd34a16c45e3f51c4250e9883a4363e45f091071b4
1036	MRO/2012/page_39.pdf-2	4	train	finqa_probe_slot:af8ecbdfa4dcc42bd584fe47c0c0b214a5bc45193fafc00754e20d4aa4fd742f	nonempty	4	valid	True	1.0	1.0	scored	unknown	additional_free_text_claims_not_semantically_verified		0529910af148de6311ea7fcd6344ea2ef5bdab6ce49cc16c426cf556322d090a
1037	MRO/2012/page_39.pdf-2	5	train	finqa_probe_slot:9e5279b389cc9ffde93538253d6c55ad33d166cc043f0465f04490cd7e36b5d4	nonempty	2	valid	True	1.0	1.0	scored	unknown	additional_free_text_claims_not_semantically_verified		9e360ef5536fe4ff7cfd9fc6046a5b12f1694abeac30b5fb804ae188d34e2cd4
1038	MRO/2012/page_39.pdf-2	6	sealed_diagnostic	finqa_probe_slot:50b927e4f14f19b460b7ab4d0e72bf648f86675c59479c3b10323ace5ad1f793	nonempty	4	valid	True	1.0	1.0	scored	unknown	additional_free_text_claims_not_semantically_verified		b929050353d56ffd630a7c947a9049058ad5b4355f01661a92e2eacff8ee34e3
1039	MRO/2012/page_39.pdf-2	7	sealed_diagnostic	finqa_probe_slot:3f6dd7c352932d66a66ad940d474185c8728129a5a4e21ab5b7c28273678f62e	nonempty	4	invalid	False	0.0	0.0	invalid_prediction	unknown	additional_free_text_claims_not_semantically_verified		3caa07bf34238ea1c67ff1d51cb758879ed3387af2a1256fd0f7fcbb22b3447c
1040	AAPL/2010/page_42.pdf-4	0	train	finqa_probe_slot:436092be16737c0ee16417e5f5d5c1c0bd65366a5e7346f665b3265d71cabd57	nonempty	2	valid	True	0.0	0.0	scored	unknown	additional_free_text_claims_not_semantically_verified		2a396778caa050ad60cf8649ce0c5a73678d106bdeea2fb038ecec1206b0e2bd
1041	AAPL/2010/page_42.pdf-4	1	train	finqa_probe_slot:89274eca8a541b389631383cd7c39733435f0fbe87ab0f14e1fd50dcb6914ea6	nonempty	3	valid	True	0.0	0.0	scored	unknown	additional_free_text_claims_not_semantically_verified		8e57bfaa684ca62a85695bfefc48742357b2176fb1aaf56593daaeb1fcad81eb
1042	AAPL/2010/page_42.pdf-4	2	train	finqa_probe_slot:d6b3795a029a031a84a757d8808b109489144298650839251b55554728110de4	nonempty	3	valid	True	0.0	0.0	scored	unknown	additional_free_text_claims_not_semantically_verified		8b31c71edd2ac61556bed85b86d06b4c6aa40ae81f70cb3fd856512e6d6a5f8b
1043	AAPL/2010/page_42.pdf-4	3	train	finqa_probe_slot:cdae7ec4da06c7c273a187e182755a5bb2cd2aff4f8ca6c18c7a1460dfcf9049	nonempty	3	valid	True	0.0	0.0	scored	unknown	additional_free_text_claims_not_semantically_verified		6874b04405a3dda2d44444c75d2177c6ab17b398c38290ca40e2147aaac00933
1044	AAPL/2010/page_42.pdf-4	4	train	finqa_probe_slot:99d6c2b6b35d97d5cb928b4d3ae04741aef98776bfe6525468cc5084c8c66d50	nonempty	2	valid	True	0.0	0.0	scored	unknown	additional_free_text_claims_not_semantically_verified		3f165b9648de8d67005e5b06b14ff2a890dd1e5b9c5f03c7e1526ddd6263483a
1045	AAPL/2010/page_42.pdf-4	5	train	finqa_probe_slot:21f0da4bfeae5b1c6b61f933da9dbcf03917d011bd072cb2e9cbded02d518e29	nonempty	3	valid	True	0.0	0.0	scored	unknown	additional_free_text_claims_not_semantically_verified		5c749156fc53f158ed62279b2f638fd7909d9388ea3fa26979995d736bfd7af7
1046	AAPL/2010/page_42.pdf-4	6	sealed_diagnostic	finqa_probe_slot:ee4ee49ce8a4fd86bf8e8147be7f1f2285a587bb897a58b9d11c87de7fe2f4d9	nonempty	2	valid	True	0.0	0.0	scored	unknown	additional_free_text_claims_not_semantically_verified		99ca808946787519e814c9e7d9162f03268f0ecfc5b8074263670557d3efad90
1047	AAPL/2010/page_42.pdf-4	7	sealed_diagnostic	finqa_probe_slot:9c6b1187c8eb94f669a531427a2c62ca75875f1467c70ab72b1e648725147bc8	nonempty	2	valid	True	0.0	0.0	scored	unknown	additional_free_text_claims_not_semantically_verified		df64ba3a624c962b6e490195d6def982ff5c074b4368d3d69d9e78d7d8989c51
1048	AON/2015/page_43.pdf-3	0	train	finqa_probe_slot:c2d7b782d778e65acef5b216868d4883b81b7d1acb3282a8629b2c22c25fffad	nonempty	1	valid	True	1.0	1.0	scored	unknown	additional_free_text_claims_not_semantically_verified		f23682d3cf6d9e360f3b2ac04f57ea020b5dc08c63bcf0425fa161e2de0c5c72
1049	AON/2015/page_43.pdf-3	1	train	finqa_probe_slot:23f80afbb50a1f9823775afaa8d14008dab22b172406f0e7afb73de359f5630e	empty	0	valid	True	0.0	0.0	scored	invalid	submitted_program_result_contradicts_anchored_task		798765b4d33b2ae65e9e0011205ec8f431e7e75327e10e9c38c5220dd0163e7d
1050	AON/2015/page_43.pdf-3	2	train	finqa_probe_slot:fd6d247b601c3bb291ec3537f4c1345ef82f020ed7173d2f4e362ae57e8e022f	nonempty	3	valid	True	1.0	1.0	scored	unknown	additional_free_text_claims_not_semantically_verified		b208d1549666f5bdc7106a3ec1531b3a1965a87429808b93e4875d509fff72df
1051	AON/2015/page_43.pdf-3	3	train	finqa_probe_slot:d263ceae0d2618ef9198f4cb054168952eb54d96218bb8a868b3315c7f3127d4	nonempty	2	valid	True	1.0	1.0	scored	unknown	additional_free_text_claims_not_semantically_verified		9409aad7e0ea18b7c6c8901981e6aaf472974be10e6d0fedafc747368e0c8305
1052	AON/2015/page_43.pdf-3	4	train	finqa_probe_slot:c4fd73ec447954ef1a5051fc3b787d260ee7c36977d281ff4e50a23b7dee04ad	nonempty	2	valid	True	1.0	1.0	scored	unknown	additional_free_text_claims_not_semantically_verified		9f6220f11ccfcc961251c06e32be224809baec2e38b8edcd385c0dd172611ecb
1053	AON/2015/page_43.pdf-3	5	train	finqa_probe_slot:5a8aeb4dd530a9f3d0a7e1b7b55156f7a611852ea18208b594a4d7a35a8adff6	nonempty	1	valid	True	1.0	1.0	scored	unknown	additional_free_text_claims_not_semantically_verified		763842cc3257fbacd4662449707b1fd1f45fbc35bc09c16766c867d0462e8c0a
1054	AON/2015/page_43.pdf-3	6	sealed_diagnostic	finqa_probe_slot:324bc777ac3ce9378d49cd0385b375b4046e35e8e050b80112b9a682c8072c41	nonempty	1	missing	False	0.0	0.0	invalid_prediction	invalid	normal_terminal_has_no_completed_Final		84340799832ce49f50a27084d966a34dbd4727cabe66871a88c8d733fef96fc6
1055	AON/2015/page_43.pdf-3	7	sealed_diagnostic	finqa_probe_slot:b62e4c876b48ed243a9eac2b738912e02a231b6a0d9d556696d370ebb571788d	nonempty	1	valid	True	1.0	1.0	scored	unknown	additional_free_text_claims_not_semantically_verified		bfab4c475aabc48b849a33584c165c98c91cd9babc1da1980bfd024640810e26
1056	STT/2013/page_54.pdf-3	0	train	finqa_probe_slot:3755c9986c4141adeacf435c895cf2df8e01bbfe106f492f3c0c9b78b9e7f2a6	nonempty	3	valid	True	1.0	1.0	scored	unknown	additional_free_text_claims_not_semantically_verified		8331dc85c72f6015d447df0ecc90089fabd8ca9aa6e7a23b346089ac11922a0f
1057	STT/2013/page_54.pdf-3	1	train	finqa_probe_slot:d11a9ba77c4f825302dd52b09722ace2886ff8d7aaf6a55267ad07e14a31c5de	nonempty	3	valid	True	1.0	1.0	scored	unknown	additional_free_text_claims_not_semantically_verified		693eec46d2d6c0df6e3ce4f863a60491422d7b4592679b4779fc78ef21c95b1e
1058	STT/2013/page_54.pdf-3	2	train	finqa_probe_slot:5c076c5039118d3c6e72b6865b9036f3ebd4353e1090e481553db97041749b7d	nonempty	4	valid	True	1.0	1.0	scored	unknown	additional_free_text_claims_not_semantically_verified		2730ec22d1d99705c0c53b8802e78e6833aa777a1f06604d63cf8b6767ca4a50
1059	STT/2013/page_54.pdf-3	3	train	finqa_probe_slot:7516f4741619dd3940e288cd71b364dde99f58eeaa3f4763731fc82a29f62796	nonempty	2	valid	True	1.0	1.0	scored	unknown	additional_free_text_claims_not_semantically_verified		9e88f492217ff02af784bfcdfbf4f92c154b8c0980d695c381f56ce31a0312b0
1060	STT/2013/page_54.pdf-3	4	train	finqa_probe_slot:070b7391a04b31730ef222a504511852b63aae532a554ba6a57ae5f0e6ae0257	nonempty	4	valid	True	1.0	1.0	scored	unknown	additional_free_text_claims_not_semantically_verified		0ba4970ff761897a7c22f73bcc7efcd45fb569e89233c997db9148ac4dcc0614
1061	STT/2013/page_54.pdf-3	5	train	finqa_probe_slot:9bd7b222b13e6297452e90d243dc15268fa783e0b2f49bdc5a75088b0269b2a3	nonempty	3	valid	True	1.0	1.0	scored	unknown	additional_free_text_claims_not_semantically_verified		b05d8b4627d69ff312879fbf3e88aaf8ba4e0eea44508811f55006b583afb1cf
1062	STT/2013/page_54.pdf-3	6	sealed_diagnostic	finqa_probe_slot:011a8162f9187de4daa187e5c42e8c8a0dc5a9cc5a7d39ccc17901af9ba35e87	nonempty	4	valid	True	1.0	1.0	scored	unknown	additional_free_text_claims_not_semantically_verified		314f3ff99a99435f6ad3a2715c1f9271163586c24cdd11dbf0f49e066bd658c9
1063	STT/2013/page_54.pdf-3	7	sealed_diagnostic	finqa_probe_slot:867848ee325833edbf0e893705368a6d3ae916e27f92dabdf6a92c29e4c1846d	nonempty	4	valid	True	1.0	1.0	scored	unknown	additional_free_text_claims_not_semantically_verified		0493c730ca11857eaaa155f9fa6b45b284d31fc080deb0842ad0785a249cb8f7
1064	LMT/2015/page_53.pdf-2	0	train	finqa_probe_slot:f19d6f61a1e565e326f3a6716245facc76c055b88b1e7a1da6b46a290d44ae33	nonempty	1	valid	True	1.0	0.0	scored	unknown	additional_free_text_claims_not_semantically_verified		09200ba2b80f1ff94fae5c0064797ae413bff86fcbdda53f93d65bb6de6ad9e9
1065	LMT/2015/page_53.pdf-2	1	train	finqa_probe_slot:863fc86676d1e23eebf0db1da8f60d8c3601bfbaaf744eaf06f16e20f8e62b2c	nonempty	2	valid	True	1.0	0.0	scored	unknown	additional_free_text_claims_not_semantically_verified		48b806199001b625e35e402512e3e45842dc09c90149c85584fab7ddd2d96546
1066	LMT/2015/page_53.pdf-2	2	train	finqa_probe_slot:86099b6ba13ff17bf2aaed499ab8c2f51d47524570156fa3076cb1546f4e64b5	nonempty	3	valid	True	1.0	0.0	scored	unknown	additional_free_text_claims_not_semantically_verified		1353926a5cdfdfc95642c9505aaf859bdab0854fa746a8156ec1e8efe5ac11c2
1067	LMT/2015/page_53.pdf-2	3	train	finqa_probe_slot:88b46734124eb3173e0ccfe26b91eb073a3b660ec082b5872878ca1704bf5ff3	nonempty	2	valid	True	1.0	0.0	scored	unknown	additional_free_text_claims_not_semantically_verified		2eea32381347aac5919334136ec2733f8e20028b7dbcce1f31db32b35ec05ddf
1068	LMT/2015/page_53.pdf-2	4	train	finqa_probe_slot:9f8363ba9b4f188158b65f11a01fdee3a59a5de1716d3ca52ad8762fa358fed6	nonempty	3	valid	True	1.0	0.0	scored	unknown	additional_free_text_claims_not_semantically_verified		06cc52fe37d3f5c493ddc3483901ecc210b649f2415cd87d71a1f66e9336c19f
1069	LMT/2015/page_53.pdf-2	5	train	finqa_probe_slot:53af9aa6aa38cbee8353ed711d31d4b64395bdefc10a627166179b2ad8b82ebc	nonempty	4	valid	True	1.0	0.0	scored	unknown	additional_free_text_claims_not_semantically_verified		2e71735f757d3db6784a6d8535eceb72fb4620b2e5444ac1bfcd02912ed6abe4
1070	LMT/2015/page_53.pdf-2	6	sealed_diagnostic	finqa_probe_slot:868b700d7f8c24ed6e8b1f516c01f65f0aed8dc606f44beba7d0f45e8cdf1c6e	nonempty	3	valid	True	1.0	0.0	scored	unknown	additional_free_text_claims_not_semantically_verified		072bdadfa58b64f8b838a3122f294b47e753b3f242f4722faccb5b64a8d7d5fa
1071	LMT/2015/page_53.pdf-2	7	sealed_diagnostic	finqa_probe_slot:94b10868cae73a604bfda35d6c73e099507050c0410b358df04d9b3a3545d2a0	nonempty	2	valid	True	1.0	0.0	scored	unknown	additional_free_text_claims_not_semantically_verified		fe201b7bf8f92d5ecdaae5fa8f7329725647a77bf6c7454f114246bfedc6bc74
1072	AON/2015/page_50.pdf-2	0	train	finqa_probe_slot:188b71aeddf48c068658631a9c2b826d0c0595ee7b58b7af69a605bf481e785f	nonempty	1	missing	False	0.0	0.0	invalid_prediction	invalid	normal_terminal_has_no_completed_Final		50e36a3444a524d8bbf3075ad34e3f167785b5ca0f4819d92a33f4b079203f31
1073	AON/2015/page_50.pdf-2	1	train	finqa_probe_slot:efd3d75d433bebb2a2716f3930a1b96c7d71532eb244dc0c608b36c78621646d	nonempty	1	missing	False	0.0	0.0	invalid_prediction	invalid	normal_terminal_has_no_completed_Final		fcd769557436e8b293fa8749d1db740562c709b1e7f6ad1fcfc668993897c0b4
1074	AON/2015/page_50.pdf-2	2	train	finqa_probe_slot:2bd4de70ebb76c86fd49cfd5ea9edafc745ec3f699f795a63edbefd5e420ad30	nonempty	1	missing	False	0.0	0.0	invalid_prediction	invalid	normal_terminal_has_no_completed_Final		786e2870ba37ce0b843b5fd3e422caa57f07d83d76572509f4818f944fa9f5f6
1075	AON/2015/page_50.pdf-2	3	train	finqa_probe_slot:8a01c24e70841d70be9a239063420cae751e2e729521a4563a9109dc3549c07d	nonempty	1	missing	False	0.0	0.0	invalid_prediction	invalid	normal_terminal_has_no_completed_Final		9e159119b98ffe1339698c6f5fbee93650059b65c5419ef23a2db408a4f01c4a
1076	AON/2015/page_50.pdf-2	4	train	finqa_probe_slot:16167e8e288d3663e183bce4e8c506f6883537a1ef980a616a96cbacea2ffa5e	nonempty	1	missing	False	0.0	0.0	invalid_prediction	invalid	normal_terminal_has_no_completed_Final		28dbf128ccb1ddab123bbb38541818da7e13b6b42e622fdcc00dcf3f0178739f
1077	AON/2015/page_50.pdf-2	5	train	finqa_probe_slot:6798dae0cd8c4f731be029b72ee0ba10d7fef8a3f5e6fef9a7af26b5fdb8c7bb	nonempty	1	missing	False	0.0	0.0	invalid_prediction	invalid	normal_terminal_has_no_completed_Final		3cbb968a7061050b10d0008f3fa97c0642debd19652ef1e1b6de016a77e2b5a2
1078	AON/2015/page_50.pdf-2	6	sealed_diagnostic	finqa_probe_slot:778da20da4202fa7613171300dc49189f0bb4d610bd9c20eee6dac4deaefc6dd	nonempty	2	missing	False	0.0	0.0	invalid_prediction	invalid	normal_terminal_has_no_completed_Final		81bae9021b4e556bf9032597a51974bca4722ed715e92763dbf7713a963a76c6
1079	AON/2015/page_50.pdf-2	7	sealed_diagnostic	finqa_probe_slot:6dc23c419b0baee774d46d3b3b45abacfde41349f183a194b054bc6cfafc10ba	nonempty	1	missing	False	0.0	0.0	invalid_prediction	invalid	normal_terminal_has_no_completed_Final		11cab0bb82dba1c6d3f2014041e17e9c94610a6f2ed0e5f98b24d7a1f9a056ad
1080	STT/2013/page_175.pdf-2	0	train	finqa_probe_slot:ae0979a97a51459a5d140f22682f7c96c8cc1dca608a696e44da31dcb447f758	nonempty	2	valid	True	0.0	0.0	scored	unknown	additional_free_text_claims_not_semantically_verified		51e1e8822a729cd82462485895b93df28584f59f8d78c8ceed0b97aa6aed5cc8
1081	STT/2013/page_175.pdf-2	1	train	finqa_probe_slot:6f4e331cf78e6b65067479e5586a3854b6b384d1966e692457fe4b1d2ec7d49c	nonempty	1	valid	True	1.0	1.0	scored	unknown	additional_free_text_claims_not_semantically_verified		491b7f68187e9f1332c10f4734234ecf0960e130b195b1937e7d75634a92eb50
1082	STT/2013/page_175.pdf-2	2	train	finqa_probe_slot:a349fd0ea8d18c98cb1805cfcb6a18e21d7d3e3abe7c98795ab895ceb282ff63	nonempty	2	valid	True	0.0	0.0	scored	unknown	additional_free_text_claims_not_semantically_verified		e063a8bec79ef414d0447a3c98a04776b3c5b3147bdccf198841718ee8abd139
1083	STT/2013/page_175.pdf-2	3	train	finqa_probe_slot:d6dd0e50980512e234281899888e04181c9b124c3ac2e9a7df401afc6d74f168	nonempty	3	valid	True	1.0	1.0	scored	unknown	additional_free_text_claims_not_semantically_verified		79b210f914fa8049639669cba76f4a07d2d57e1cd090df8c2b2e6e1ada0a4c18
1084	STT/2013/page_175.pdf-2	4	train	finqa_probe_slot:42e7d094981a210fb690400a673ba5d709fda785a5297bee33f42a8ed59acf98	nonempty	3	valid	True	1.0	1.0	scored	unknown	additional_free_text_claims_not_semantically_verified		7322d340e66185a9966840428a8328ebd2f735dabb3318ed2a458e2a3779b920
1085	STT/2013/page_175.pdf-2	5	train	finqa_probe_slot:b869171d1bab94d96e53f74893b70f5691a56c5bd6563a06ba254b37963cebfd	nonempty	2	valid	True	1.0	1.0	scored	unknown	additional_free_text_claims_not_semantically_verified		44c8d5658c4b3399a1906d989351099cfef2be3fa54f91405f31333ee5597661
1086	STT/2013/page_175.pdf-2	6	sealed_diagnostic	finqa_probe_slot:fc17bdd7d773a366ad166fb74bf1497db649a66d694668a5a3accbeec71f9c39	nonempty	3	valid	True	1.0	1.0	scored	unknown	additional_free_text_claims_not_semantically_verified		e52b2c6912c59faf1aac685efc9e5ac41ee456a79d0a4913cb54df022d731d68
1087	STT/2013/page_175.pdf-2	7	sealed_diagnostic	finqa_probe_slot:6755d6b80991471e22d8adce078848375db9210c45f40529feb9995a21926ae6	nonempty	3	valid	True	0.0	0.0	scored	unknown	additional_free_text_claims_not_semantically_verified		db71da26f9173c0da4db4db117e3863aed0c0bf05caf23f69bbd98514784e63d
1088	C/2009/page_248.pdf-2	0	train	finqa_probe_slot:afc1884cd82bc3ee66ba20081951b2336e31d5d331196697376d76dc3fb64ee1	empty	0	valid	True	1.0	1.0	scored	unknown	undeclared_Final_dimensionless_scale		94358631dbad8ec2478c41d00bd6cb9c5fa052264885d3cad94af61148c0cfc7
1089	C/2009/page_248.pdf-2	1	train	finqa_probe_slot:49bc73c56e62b650bf1d0a11b8015339b9bc84cf1f80cb05b5a2573a0338ea80	nonempty	2	valid	True	0.0	0.0	scored	unknown	additional_free_text_claims_not_semantically_verified		cf49ff3758230545c67effd1e257952d9eae94abfc1009e00faccac6aae49ac5
1090	C/2009/page_248.pdf-2	2	train	finqa_probe_slot:e1354be0f93e124b3f230e9ccd9ab5e77070cf1a400d357f095da23698f23d78	nonempty	3	valid	True	0.0	0.0	scored	unknown	additional_free_text_claims_not_semantically_verified		d52109b96c7f7d048b42defff18134d82c6b6a8baf5434fe9158d8b700bd1339
1091	C/2009/page_248.pdf-2	3	train	finqa_probe_slot:48c44483590ff38a2be95b80753263e2b50044b2bf1f47240ace6c25be7cf1e8	nonempty	2	valid	True	0.0	0.0	scored	unknown	additional_free_text_claims_not_semantically_verified		99563cee1695b93e097e56355c2262b15d58968f887fe31c805793b1b68eec35
1092	C/2009/page_248.pdf-2	4	train	finqa_probe_slot:d783918b89f18c7b017746587139836b4f59a013928c084d8d515ae510484790	nonempty	3	valid	True	0.0	0.0	scored	unknown	additional_free_text_claims_not_semantically_verified		93623dae7e5fac51e60cc9ffe216be6874dd497ea48e00e7392bd441bb366029
1093	C/2009/page_248.pdf-2	5	train	finqa_probe_slot:7aa32107307d4b81e239e6589ffb2fbbe51e19e2f5fa155293afacb361ec634a	nonempty	3	valid	True	0.0	0.0	scored	unknown	additional_free_text_claims_not_semantically_verified		f396a3db59ff4ae460f410878af0a54e6ebf00a108cf6af07e1eb920c44da99e
1094	C/2009/page_248.pdf-2	6	sealed_diagnostic	finqa_probe_slot:67c02b19865b003f7280faf7999439d0481e07224fff610bac51f96fb8873258	nonempty	3	valid	True	1.0	1.0	scored	unknown	additional_free_text_claims_not_semantically_verified		aa8f59bd0b12cb5deba5eca4596de5125a49e77d05e874a94d2cab1348f6eb03
1095	C/2009/page_248.pdf-2	7	sealed_diagnostic	finqa_probe_slot:37052a3f986a99967e9e441c1ee41887085f534cb5b86a1cfddcf1fa6ac8c280	nonempty	3	valid	True	0.0	0.0	scored	unknown	additional_free_text_claims_not_semantically_verified		93cd5620ecdfad459647a71481f258add21600c68422b4f6ba2cbdd199418766
1096	AAPL/2010/page_43.pdf-2	0	train	finqa_probe_slot:0edfa2dee96175f58c864eb7248fdb7f06ed03e3ab2e3437e61316fd8cbfa9a2	nonempty	2	valid	True	1.0	1.0	scored	unknown	additional_free_text_claims_not_semantically_verified		48d851a0e0c73612433cf218b114c6edcf1639f0c45c8bb8bf8dc5db7492c118
1097	AAPL/2010/page_43.pdf-2	1	train	finqa_probe_slot:112f4413dddef96339ae3323969cec99bcb6a0d1176b80c80632d87c1df23656	nonempty	2	valid	True	1.0	1.0	scored	unknown	additional_free_text_claims_not_semantically_verified		0c584477b829c71315676d9872bc5567efa09fba58a8f4e383723a93b3be444f
1098	AAPL/2010/page_43.pdf-2	2	train	finqa_probe_slot:1f78af2a552e6e4d36dd76e89282bb8269078d2280157a2302d0ef19acec5144	empty	0	valid	True	1.0	1.0	scored	invalid	Final_value_or_declared_scale_contradicts_source_bound_program		d35f305e0cbc4d2ac5dff85d36296cb56059ec48ae2733cff4d8c6c19a4b3c19
1099	AAPL/2010/page_43.pdf-2	3	train	finqa_probe_slot:78ba29ec840887b14e28c21ae363e0ba2fa1f43b0257c70c180aa39b960163ed	nonempty	1	valid	True	1.0	1.0	scored	unknown	additional_free_text_claims_not_semantically_verified		ecd8da146716dfb7b50dc2fdb6c3a04be5c6d980ef7812692443f92f179dc8e8
1100	AAPL/2010/page_43.pdf-2	4	train	finqa_probe_slot:c30c5333ca48ca48be63b01b671bbc54df61ab96857b974c895a05319a428f5d	nonempty	1	valid	True	1.0	1.0	scored	unknown	additional_free_text_claims_not_semantically_verified		15111d86a8ea7f499fa8f39e57244557c686e044a5b3235dcd7e87a041fe666d
1101	AAPL/2010/page_43.pdf-2	5	train	finqa_probe_slot:ab8047e239afbca8483b95681be85e84a2c878844ea3c164221acbdee906e1a0	empty	0	valid	True	1.0	1.0	scored	invalid	Final_value_or_declared_scale_contradicts_source_bound_program		4ecd5b4eeb4d26740e78bd80959dccae573e06758370d4a5040e9240fb2cd1a6
1102	AAPL/2010/page_43.pdf-2	6	sealed_diagnostic	finqa_probe_slot:8a57926be3914b0cb7e8a5cf33d3a98cbd11c54a4c065c16ed1abe5a5b78c8e3	nonempty	2	valid	True	1.0	1.0	scored	unknown	additional_free_text_claims_not_semantically_verified		5bd29139f1a797c2e396a72b2f31b91b1edfaea5e8f9b778fdb307ac90f2f594
1103	AAPL/2010/page_43.pdf-2	7	sealed_diagnostic	finqa_probe_slot:82b8df8b7ecf11b21694217880ce4da9eaf3ca3549b4fb18f0cafc0b282b46d2	nonempty	2	valid	True	1.0	1.0	scored	unknown	additional_free_text_claims_not_semantically_verified		d9c4e1178545190f885b1aec5ce5bc500e2236e4e3fa49b437f1aa9dc4c1c282
1104	DISCA/2017/page_41.pdf-1	0	train	finqa_probe_slot:edc9164d71bdfa605c46a7aa7416e52820802614fce2d50ebcf628cca8d1a674	nonempty	1	valid	True	1.0	1.0	scored	unknown	additional_free_text_claims_not_semantically_verified		b1a8f8f2bed459b6ba494a462b1084e12d51df5bf905a44a093785203776bfd4
1105	DISCA/2017/page_41.pdf-1	1	train	finqa_probe_slot:9e24f77cce284641b8d5249680009e32cfe81d7350d23797ca0319fffd308dfa	nonempty	2	valid	True	1.0	1.0	scored	unknown	additional_free_text_claims_not_semantically_verified		c7e8e3771cd8c92a81a741823b940ac22da20fe1280e5b82cab72da21426a4f1
1106	DISCA/2017/page_41.pdf-1	2	train	finqa_probe_slot:ce687d8d5b8273ef051232b90ab84c47b930e71974a6dbeb4fee0182440f2190	nonempty	3	valid	True	1.0	1.0	scored	unknown	additional_free_text_claims_not_semantically_verified		6d7860bc168eedff10bf7bac300ef7c53ec136bf55cdad9751e1aca6d89b8995
1107	DISCA/2017/page_41.pdf-1	3	train	finqa_probe_slot:b1db2f57b24f476f25cff41381c3345412c0e0c8a073c5f65da422c1cb8ccc42	nonempty	2	valid	True	1.0	1.0	scored	unknown	additional_free_text_claims_not_semantically_verified		b6c0a9a683c6172175e9c3cadefa98d887fe078c49a14e4ea85f8dbe1a9ea592
1108	DISCA/2017/page_41.pdf-1	4	train	finqa_probe_slot:732ef547771237914019ec614001ac5d1d9a7881a62a6bd0819f9f1b50914dc2	nonempty	2	valid	True	1.0	1.0	scored	unknown	additional_free_text_claims_not_semantically_verified		48b49775d446433b33df32441b82293f113c4644ab50c2be68386e7f13cd7577
1109	DISCA/2017/page_41.pdf-1	5	train	finqa_probe_slot:b71d765166a9086391d25eb86698a1b9d3c00ea17d131f00a6b01ee6527436ea	nonempty	1	valid	True	1.0	1.0	scored	unknown	additional_free_text_claims_not_semantically_verified		2f38c69e290391d34cb2b8e79747c064102fc4fd58bf91df4b6ca572f9294fc7
1110	DISCA/2017/page_41.pdf-1	6	sealed_diagnostic	finqa_probe_slot:ec31566a472020d4554261e35aedd91e8f90ae381f9489a1e68681d18d019a55	nonempty	2	valid	True	1.0	1.0	scored	unknown	additional_free_text_claims_not_semantically_verified		a4b998ad9c30a99568135ba57bf7063a274be9f9135f4220376b1c0c6e7a5a69
1111	DISCA/2017/page_41.pdf-1	7	sealed_diagnostic	finqa_probe_slot:900d0a80be71017d801592731500de5ce0d0db7a1e11a11209ea79841532f0be	nonempty	1	valid	True	1.0	1.0	scored	unknown	additional_free_text_claims_not_semantically_verified		deccfdffd20a6357337430e14d6bb226ff2ea55c5c9bb5a40ecca115dc87a26e
1112	RE/2013/page_109.pdf-4	0	train	finqa_probe_slot:516441e6d39d7b97446ae3866c34837809c7f24e251060f6ba07307cec4fa5d8	nonempty	2	valid	True	1.0	1.0	scored	unknown	additional_free_text_claims_not_semantically_verified		198fe207136191759affb6db48ac7f9968befe2a327f2a884cc8146f3e654e8a
1113	RE/2013/page_109.pdf-4	1	train	finqa_probe_slot:3a3818e1923ec6e0271143dca5a910da7177cb5930779de46084482d38f2ab78	nonempty	3	valid	True	1.0	1.0	scored	unknown	additional_free_text_claims_not_semantically_verified		12e5f905dba8512f210c9d72e920c7008b8e37e0040c151015070d8d0e3048ab
1114	RE/2013/page_109.pdf-4	2	train	finqa_probe_slot:f11131e0ba3c00ed852fb54914657df521d0c5cca8cf5576b98b0f4d5369d44d	nonempty	1	valid	True	1.0	1.0	scored	unknown	additional_free_text_claims_not_semantically_verified		bbed53af10fe66b93cba5804945cb6608d581a0a4001aca15606a66f5d903e69
1115	RE/2013/page_109.pdf-4	3	train	finqa_probe_slot:5ef1b57839c3cc46dd2358134a14a305dc3adec817bd61f9d1d43e581a18c19e	nonempty	4	valid	True	1.0	1.0	scored	unknown	additional_free_text_claims_not_semantically_verified		b9ebdd9faf81fdeca1b69462f4aa41885aa3fd3f4e0d7d3d26e061165cfc5c38
1116	RE/2013/page_109.pdf-4	4	train	finqa_probe_slot:0633e528c1f6b54d9d31df294aec60556242b19b267c90daa3f9dc140bf1e5a7	nonempty	3	valid	True	1.0	1.0	scored	unknown	additional_free_text_claims_not_semantically_verified		ba5703ef99161301762bfab1cd3991df152255545982c0b6cff250822ce86359
1117	RE/2013/page_109.pdf-4	5	train	finqa_probe_slot:a122be6dbb52a78ff5146cc34b45f62e58df668488094815aa17301700726056	nonempty	3	valid	True	1.0	1.0	scored	unknown	additional_free_text_claims_not_semantically_verified		7ace58c535b3020d62e32661a546deab77f555cae9d13d7770b6302224c3d6ff
1118	RE/2013/page_109.pdf-4	6	sealed_diagnostic	finqa_probe_slot:e54339dee68a1c29affcb5547c14b5fd2006284ee5721c160f4b8c91823e21d6	nonempty	4	valid	True	1.0	1.0	scored	unknown	additional_free_text_claims_not_semantically_verified		c1387eba5c727713c7d5253ce01e6b23cc548b242e2fc2abd769f15659c263c4
1119	RE/2013/page_109.pdf-4	7	sealed_diagnostic	finqa_probe_slot:19d1b57695bf277d0ec7ec8a7ed0e7999f716c8db5e00d4080e628225398f9fe	nonempty	4	valid	True	1.0	1.0	scored	unknown	additional_free_text_claims_not_semantically_verified		33b147e2fa807e7286f122bb2fa6db72bb6fcbd0538b47b117e8195768ce9e89
1120	NCLH/2016/page_84.pdf-2	0	train	finqa_probe_slot:452b913d3201af286ed9b24c297107fcd0eec48a9e853bdc168180cf55e364cd	nonempty	1	missing	False	0.0	0.0	invalid_prediction	invalid	normal_terminal_has_no_completed_Final		ec7f1c734b0ee9916ab6b21fb9e27e8101e5470ba9c186439bc31fedac14b156
1121	NCLH/2016/page_84.pdf-2	1	train	finqa_probe_slot:d3bd56915859ae6bc1ca3996e8059cbf701d4c2576cc53058a798d82101cf150	nonempty	1	missing	False	0.0	0.0	invalid_prediction	invalid	normal_terminal_has_no_completed_Final		d7f332b8d2b5e92ad8bd3975ed5c0e34a963914f8161c00863a44a8f4cec9a89
1122	NCLH/2016/page_84.pdf-2	2	train	finqa_probe_slot:91829b4567b862e40dd73e4743e20177ab2e1b9f2534ab921d71528f9efc0481	nonempty	1	missing	False	0.0	0.0	invalid_prediction	invalid	normal_terminal_has_no_completed_Final		14509e8a0d940e010f8bbab1c5cfe16a6191444438667fb3f9822e7c6e89c3df
1123	NCLH/2016/page_84.pdf-2	3	train	finqa_probe_slot:2eb430616a69efd3b9ca41bb5d18a7636f699aadac167ceba01b9abe76ea4ddc	nonempty	1	missing	False	0.0	0.0	invalid_prediction	invalid	normal_terminal_has_no_completed_Final		234ce71930c44f456ec36f18dd6814e28ee5640a26932bf9b5ce88202d488b6a
1124	NCLH/2016/page_84.pdf-2	4	train	finqa_probe_slot:522ceecda611cc2fcd8e2ad8a7ba130769795eb2de85785e038416acfdfeec70	nonempty	1	missing	False	0.0	0.0	invalid_prediction	invalid	normal_terminal_has_no_completed_Final		146d6165ca53760153d35eb27bafdd3cec1641777169f14001d992f41606a4f1
1125	NCLH/2016/page_84.pdf-2	5	train	finqa_probe_slot:c1a260da14720ff611a1f7983bb18b8447416f9d34b91cbda5f4bc12921b08e0	nonempty	1	missing	False	0.0	0.0	invalid_prediction	invalid	normal_terminal_has_no_completed_Final		3f4ee331bf50102ededef3cccbf90f96799869f5287e6344d4af51ec04243b1f
1126	NCLH/2016/page_84.pdf-2	6	sealed_diagnostic	finqa_probe_slot:a706992fbc86dbbd2aa4083d7ea7739a911c6adc16d4215a596b8396c9bc6e69	nonempty	1	missing	False	0.0	0.0	invalid_prediction	invalid	normal_terminal_has_no_completed_Final		6c116da3b6e0111b4762a38461e32bfe30e4a5a05b7dd040807e6fe1c004007e
1127	NCLH/2016/page_84.pdf-2	7	sealed_diagnostic	finqa_probe_slot:ede86fa5a8d2871b92e60b94a0b192468e1af2a40ace6d06f9884a69be8630a8	empty	0	valid	True	1.0	1.0	scored	invalid	Final_value_or_declared_scale_contradicts_source_bound_program		a4ee4076b20d304e492678d30758556c3aacc1bf25cc770ef9707acf985d57da
1128	LMT/2014/page_46.pdf-3	0	train	finqa_probe_slot:bae192cf4f6dc56e81405f367807c5931098370063bb19deb1f9c4a76f382752	nonempty	3	valid	True	1.0	1.0	scored	unknown	additional_free_text_claims_not_semantically_verified		a4c23edaf1f8d3d390bbd9f941580c3d3b33bfe6d2dc4ac0aa24c72ffa681340
1129	LMT/2014/page_46.pdf-3	1	train	finqa_probe_slot:67da7d3a0ff87afc86da417748469db25cc55bdab6748cf0e87b756f246cf7f3	nonempty	2	valid	True	1.0	1.0	scored	unknown	additional_free_text_claims_not_semantically_verified		46e22f80d047d0dd83d9c71fad65d2ab0465454c6d1aed051602dbb787024d1b
1130	LMT/2014/page_46.pdf-3	2	train	finqa_probe_slot:3301a12f7b0ea220947d8a50bce64bf82f476330b6d8984dae06ba95f7a9aadd	nonempty	3	valid	True	1.0	1.0	scored	unknown	additional_free_text_claims_not_semantically_verified		77a9560b6c1790d3cb285628661998260c1d4af580d5741bc9763d451b8131d4
1131	LMT/2014/page_46.pdf-3	3	train	finqa_probe_slot:fdd031f7a04fedc9b522660ebed8bb3c4a477d2edf3e2b5d7576245285b876d1	nonempty	3	valid	True	1.0	1.0	scored	unknown	additional_free_text_claims_not_semantically_verified		c3997642177e9845f47b0a93daff04350c823e08d7e81cf7bbf033059eb34e98
1132	LMT/2014/page_46.pdf-3	4	train	finqa_probe_slot:a04c15e78d99f36479f1caa4e9188d5c4edb14f1a593295259b5b82835c0f5ec	nonempty	3	valid	True	1.0	1.0	scored	unknown	additional_free_text_claims_not_semantically_verified		59f24ead59658398ab265262881318b17540d326e2bb1de6ba2fbca2716d7824
1133	LMT/2014/page_46.pdf-3	5	train	finqa_probe_slot:1f196de271fa62f53791e7d9cf9064b2d910d7e872e72168572f593c05d75595	nonempty	3	valid	True	1.0	1.0	scored	unknown	additional_free_text_claims_not_semantically_verified		3d7ede17de8f2da80dca7ed8bd4d9c0d49ad51b5360eaa8df316e8268b2b329d
1134	LMT/2014/page_46.pdf-3	6	sealed_diagnostic	finqa_probe_slot:5ecde2163c6d41a2817e21d67ba07cd2a2946666e6f4cb4550e885880f00ae07	nonempty	2	valid	True	1.0	1.0	scored	unknown	additional_free_text_claims_not_semantically_verified		ff3cd3ee31bd4dbb6410ee1b5364e53cf23cc3c05bc5420d930a8228a517aad3
1135	LMT/2014/page_46.pdf-3	7	sealed_diagnostic	finqa_probe_slot:912f1368cd6d30e473b651befab92dae026919f5a7c079f585cb176d46a4aa12	nonempty	3	valid	True	1.0	1.0	scored	unknown	additional_free_text_claims_not_semantically_verified		747a089e2f3c90b78d78c41572dc2e5044c4f09b733eff6221d0022057fa5136
1136	LMT/2013/page_47.pdf-1	0	train	finqa_probe_slot:e438f26419eab6c9e9b2b07f48410b8f63953e48ada736ea8fa279283af740ca	empty	0	valid	True	1.0	1.0	scored	unknown	Final_currency_scale_outside_finite_policy		3e88604c33567a96e5bfbdb1da7a9af1fb67ae547418c9cd45b1afde9a78b514
1137	LMT/2013/page_47.pdf-1	1	train	finqa_probe_slot:f8a2fbb727e9fef5ccc81a6ea1b120ee2580cd3c3bf616d56a7468ecd8cf3431	nonempty	4	valid	True	1.0	1.0	scored	unknown	additional_free_text_claims_not_semantically_verified		c75d3e712fd76f30ab601fb53f71f6ea96070ddfad5fc788c72c36548dff2e82
1138	LMT/2013/page_47.pdf-1	2	train	finqa_probe_slot:8dab2ff90e80c61add8c9a64d63af588789f66c30f1b721df89731c9620878e6	nonempty	1	valid	True	1.0	1.0	scored	unknown	additional_free_text_claims_not_semantically_verified		dd4c1a29621ec48ac409a32ee0f840bfbff5dc552628d2454c6d810409493cf5
1139	LMT/2013/page_47.pdf-1	3	train	finqa_probe_slot:3b5c6408da2230ade8847bb4f026dca3b7590e07ac97379f408c221554827115	nonempty	4	valid	True	1.0	0.0	scored	unknown	additional_free_text_claims_not_semantically_verified		262a1ed738c2aacb81cffe6472aec053967421f405598e863328382a524083d3
1140	LMT/2013/page_47.pdf-1	4	train	finqa_probe_slot:d4281381abbf4b2d21870eb5a783457ef48559ebcddfe3d709c71c35a80fae34	nonempty	4	valid	True	1.0	1.0	scored	unknown	additional_free_text_claims_not_semantically_verified		a931c1645e0d07eb0bdc68038f99bb03f843a5b4bb8b7e3cd4f36d9f9ea548e3
1141	LMT/2013/page_47.pdf-1	5	train	finqa_probe_slot:c866afa56281760826e98a48eb16bd1105fd209721e5bc158525cf0b9682bebc	nonempty	4	valid	True	1.0	1.0	scored	unknown	additional_free_text_claims_not_semantically_verified		90c8ef6b6ee7865d86a7a81ddf59ebcd48ca1521afa9ec167ce801e817f95f04
1142	LMT/2013/page_47.pdf-1	6	sealed_diagnostic	finqa_probe_slot:5026631ac7c596997dd5da78fccbb0271e2319e7e83c15f159b74d63fa1d04d0	nonempty	4	valid	True	1.0	1.0	scored	unknown	additional_free_text_claims_not_semantically_verified		4b26f2056fbbaa9c410d6a8b29042e6a0f9bc9429e1bc8ce166c146caba5789e
1143	LMT/2013/page_47.pdf-1	7	sealed_diagnostic	finqa_probe_slot:d3fe7bd91420404e280250d3c8f5cd03be9cd2937208f183798e309fd1975328	nonempty	3	valid	True	1.0	1.0	scored	unknown	additional_free_text_claims_not_semantically_verified		f4d59f02a3cd5bee5e1f99c71ed3e2dda5cd6e081600f8901b7b6932f842af19
1144	RSG/2013/page_69.pdf-2	0	train	finqa_probe_slot:13fe34d0389799cebd5f044cbea1387de3c640ebe56afa81b4ca068d3e7a158b	nonempty	4	valid	True	1.0	1.0	scored	unknown	additional_free_text_claims_not_semantically_verified		3c8f2618edbf94657926d15b0eddb9e9769313aa04f00869ff3ea4373fa0e11d
1145	RSG/2013/page_69.pdf-2	1	train	finqa_probe_slot:486cf20c65e2f702f9e52a5a157e079754f68e2157abb75d568891e043df61b7	empty	0	missing	False	0.0	0.0	invalid_prediction	invalid	normal_terminal_has_no_completed_Final		5d788bf0b6eddff61e215dfe232a7500a9a1849d32407806536f3ca4eadda5a8
1146	RSG/2013/page_69.pdf-2	2	train	finqa_probe_slot:6bc74d30d73ac7ac69109fa74b0636269361322e026374ee1bdff94e669973a5	nonempty	3	valid	True	0.0	0.0	scored	unknown	additional_free_text_claims_not_semantically_verified		2426ab66d8ae7aeb0e60e7f33f945917de5dc35593fddd9c482a5f2a36a55a50
1147	RSG/2013/page_69.pdf-2	3	train	finqa_probe_slot:ceb561c03fe9de010b7b596a32198e14fc20b88a1a93fbd96a742f244cd9a094	nonempty	2	valid	True	1.0	1.0	scored	unknown	additional_free_text_claims_not_semantically_verified		76a2fe765c637128e28cf24caf20d1ce94c13bdbeee0c91da297fa4f6b8a74b3
1148	RSG/2013/page_69.pdf-2	4	train	finqa_probe_slot:30cf90f8d8d5ae80f2c59c0135ac5e32820f16a8c54aeb5c3bccdae767e4fa12	empty	0	valid	True	1.0	1.0	scored	unknown	undeclared_Final_dimensionless_scale		00e7b7b8329845aa523d1808a3d8727ec08420e77e3264af784b6b799262d7ee
1149	RSG/2013/page_69.pdf-2	5	train	finqa_probe_slot:761e41a9b835563e917df65dd19b6f3fa7f6af9e86534f515d32fef860d95654	nonempty	4	valid	True	0.0	0.0	scored	unknown	additional_free_text_claims_not_semantically_verified		9c78f12bfdd61dc740fd6cd8908b38222a12437390fb273ed42f0ff2b3e43f49
1150	RSG/2013/page_69.pdf-2	6	sealed_diagnostic	finqa_probe_slot:13a1a1925f67eb22755ba3cae8a3d2a83d2d0af92d5c63f9ae0eca49f38e631b	nonempty	3	valid	True	0.0	0.0	scored	unknown	additional_free_text_claims_not_semantically_verified		9cad9f04182a8cc6f861a7af1466270f2b9c4d21660079cf70ded30037956761
1151	RSG/2013/page_69.pdf-2	7	sealed_diagnostic	finqa_probe_slot:73dade342d35442b57d31841902c75a0560a9a94fa3d186a0549b02d4cdd9977	nonempty	3	valid	True	0.0	0.0	scored	unknown	additional_free_text_claims_not_semantically_verified		2a366dca1795029d8ed9e564d77c85e41e3cfae257ae56af176f59270c89673f
1152	LMT/2014/page_49.pdf-3	0	train	finqa_probe_slot:de373ed1e68a954f7756f5c5cb300c07910f79c09b684cf56bb51585a170eb3e	nonempty	3	valid	True	1.0	1.0	scored	unknown	additional_free_text_claims_not_semantically_verified		e7dbde62aeff70eef12d409d2fb8fe5981361bc4920b1c7edd7dc55b57e33c43
1153	LMT/2014/page_49.pdf-3	1	train	finqa_probe_slot:dfa68ef49bd50d5b5b66c03918b890517839101be3bccd510b265bc780311efa	nonempty	4	valid	True	1.0	1.0	scored	unknown	additional_free_text_claims_not_semantically_verified		2e554344d388ef06cabacf5c47db09bcc5ab8e972fa46ad082a601a9c8e6991b
1154	LMT/2014/page_49.pdf-3	2	train	finqa_probe_slot:1b79034dd9a7055af96aed084c95c6f38047a96cae5f6dd775a798542cba2d5c	nonempty	1	valid	True	1.0	1.0	scored	unknown	additional_free_text_claims_not_semantically_verified		c429905500eb372932e31567bfff9b6e596348ac68b5d6bac4198d67e3ab0f40
1155	LMT/2014/page_49.pdf-3	3	train	finqa_probe_slot:a4df706944c0a78021171490012212d2e57991ead444ec796cb8c0b84c1880de	nonempty	1	valid	True	0.0	0.0	scored	unknown	additional_free_text_claims_not_semantically_verified		00eadbe52ae1e469b3bead203a9fd2dca69f4f414773c13fd7443a63fa4a64bf
1156	LMT/2014/page_49.pdf-3	4	train	finqa_probe_slot:c076268a1a4316b14787b79a0352c4f6fc368bed5c97c7d2c619a2e8fdf28e01	nonempty	2	valid	True	1.0	1.0	scored	unknown	additional_free_text_claims_not_semantically_verified		355cbc5c9807c0f88c55c9f7369dc86a3a48296cad320112b80b1479680dd3dd
1157	LMT/2014/page_49.pdf-3	5	train	finqa_probe_slot:b8a0dfe00789aaa21e6845c85eed8f641f576880a754dc45116bb562ca6527ba	nonempty	4	valid	True	0.0	0.0	scored	unknown	additional_free_text_claims_not_semantically_verified		ab4dde587a76093606f16963583fdb5126ca54c2df7fa54c5edd05cc4828671d
1158	LMT/2014/page_49.pdf-3	6	sealed_diagnostic	finqa_probe_slot:b5937829ce2bc2a88fceb21fce97de94782c36c0ad02b2decc18b8ac1079ee0e	nonempty	4	valid	True	1.0	1.0	scored	unknown	additional_free_text_claims_not_semantically_verified		8d172555257cff981329fc6e3c2f7754bc28e211c6eca9abaca3aabbca20ca8e
1159	LMT/2014/page_49.pdf-3	7	sealed_diagnostic	finqa_probe_slot:25bb723d7d85735f29da733081e44a30a1b9bbb7e14187d2b5518cc81125717d	nonempty	3	valid	True	1.0	1.0	scored	unknown	additional_free_text_claims_not_semantically_verified		e6d3bfb3d6e714014768bd33015dc6ef84c9ccd21c734285ab69db87b2960f12
1160	CDW/2015/page_34.pdf-1	0	train	finqa_probe_slot:d860b867aabae130731c185f4dbe2bc1a815229061a995068cd2becd6f8cb1fd	nonempty	4	valid	True	1.0	1.0	scored	unknown	additional_free_text_claims_not_semantically_verified		057ad0ff94ecbeed336ebc25a902c954989cfff3551a21e82426ca12e5cb2255
1161	CDW/2015/page_34.pdf-1	1	train	finqa_probe_slot:9d157e1a09bcdd85a7c9c223f4f3c599cb63d00cbdfc27c53eaf9753df25c901	nonempty	4	valid	True	1.0	1.0	scored	unknown	additional_free_text_claims_not_semantically_verified		943d5f9207b0d2bed78780a5def33b7d44ade3a43c161a2ad33adb5fc806aaaa
1162	CDW/2015/page_34.pdf-1	2	train	finqa_probe_slot:9e29fdb96161a2e1ee76806e570aaeb0ea413221150b1563b2f1c3f8ffdc9afb	nonempty	3	valid	True	1.0	1.0	scored	unknown	additional_free_text_claims_not_semantically_verified		00c5d31fca62c4c9258d5a79173480feedc810fc61d86f5a549f4ab233356186
1163	CDW/2015/page_34.pdf-1	3	train	finqa_probe_slot:45ebe65693418d140b44b5bbdb0b2a135a2f6090f8cb878c470becf3e342913c	nonempty	5	valid	True	1.0	1.0	scored	unknown	additional_free_text_claims_not_semantically_verified		54da359851b0654464d6aaea34bfe939ae280d1548400c8f2b92295617ad3f95
1164	CDW/2015/page_34.pdf-1	4	train	finqa_probe_slot:96c4271e53d79a1b28e51fc55a87d475117676e77446542a186eb4a74cff73a2	nonempty	3	valid	True	1.0	1.0	scored	unknown	additional_free_text_claims_not_semantically_verified		1862c9f7119beebebaa30820e00a45f2528edb9684695c4ade3b3089cafcd83e
1165	CDW/2015/page_34.pdf-1	5	train	finqa_probe_slot:0049582bbc46db36c850c239617a46b7c1b43bc888d1cb4390f62b6d01fd53e2	nonempty	5	valid	True	1.0	1.0	scored	unknown	additional_free_text_claims_not_semantically_verified		2fa850da9f19cf693eaa4d30193f4724a9edd414af83e5e2ec2b6c111c32f1c1
1166	CDW/2015/page_34.pdf-1	6	sealed_diagnostic	finqa_probe_slot:0cc8937de71064a0bf44c710366babb8c04529337733ad14ef95c4e07d7082ad	nonempty	5	valid	True	1.0	1.0	scored	unknown	additional_free_text_claims_not_semantically_verified		96e2f24d53b1066603ac52e41b6ddb6ceef5095d06b1446da01059b7e089c838
1167	CDW/2015/page_34.pdf-1	7	sealed_diagnostic	finqa_probe_slot:6de029fe89b7a0644719e682aa34a1e4ac77e903be0723f0fddc8a22cf97eb0f	nonempty	4	valid	True	1.0	1.0	scored	unknown	additional_free_text_claims_not_semantically_verified		bef6f4e13592a7d3ee3a039e438cacf50cfac505dc4b0d2bf963148bf11fd5cc
1168	LMT/2015/page_106.pdf-2	0	train	finqa_probe_slot:023c775b67f6744b6939734935dc7502be8248cc78a5e4f82196531964487845	nonempty	4	valid	True	1.0	1.0	scored	unknown	additional_free_text_claims_not_semantically_verified		cb76da2c39793d81488154558bcb43b39b1badc2981af721b2946093410ff587
1169	LMT/2015/page_106.pdf-2	1	train	finqa_probe_slot:eed6909e95303d79b7068b4f546bd2e1319437b0a357eaa27a83b1720ab1eb0a	nonempty	3	valid	True	1.0	1.0	scored	unknown	additional_free_text_claims_not_semantically_verified		26ce1a6c5b7bd87f4dfa46c4093cdc8b7d10d97d62951cc83c029a34585039dd
1170	LMT/2015/page_106.pdf-2	2	train	finqa_probe_slot:0bf9e2760886351c4a7c706c3bf8077a91492801b123c0a0123f22bb3c8a9f8e	nonempty	1	valid	True	1.0	1.0	scored	unknown	additional_free_text_claims_not_semantically_verified		0e00854278c3e11f2760f95ed52a461ef2407491609ceec80e8dedd0594c891c
1171	LMT/2015/page_106.pdf-2	3	train	finqa_probe_slot:1189940b90d4bc3d028e1adbc64386876aaac510a2f68d7aedf875c270f8d0b7	nonempty	1	valid	True	1.0	1.0	scored	unknown	additional_free_text_claims_not_semantically_verified		7a56c37f37ce76f1001f7d4f5ae79824069f5b0ee5b417ab30572453721aada9
1172	LMT/2015/page_106.pdf-2	4	train	finqa_probe_slot:33ea8b17b0f812020359b83ae25addbf877f3d2aa6be2a9deeba65d7ee47da19	nonempty	1	valid	True	1.0	1.0	scored	unknown	additional_free_text_claims_not_semantically_verified		2c3971d77583f91e977b41b777052aef2d1aa8a6e53a41c70250e56a4a7d79f4
1173	LMT/2015/page_106.pdf-2	5	train	finqa_probe_slot:e2ab2e87df6b0de2e959aabd64c9f6b4eb7eedf6ac8053a46775d14691401910	nonempty	3	valid	True	1.0	1.0	scored	unknown	additional_free_text_claims_not_semantically_verified		c2eedc7b6cefda49e5bee6f852565f2d9c2b910a50a5560d158b64f88316d6b4
1174	LMT/2015/page_106.pdf-2	6	sealed_diagnostic	finqa_probe_slot:dc88c1d0b97d2a781883aaf95c0b5093545736b0cb523a68a2b7dbecb37118cb	nonempty	3	valid	True	1.0	1.0	scored	unknown	additional_free_text_claims_not_semantically_verified		2f51ea043c874f3aff19f4b19be97db7ef093d408383d01de3ca1303df7a38cc
1175	LMT/2015/page_106.pdf-2	7	sealed_diagnostic	finqa_probe_slot:8434b041e3b3926eae1b3ed46f08000ce87b21e61497f283b703d7f93d255741	nonempty	1	valid	True	1.0	1.0	scored	unknown	additional_free_text_claims_not_semantically_verified		8127a98c8f0a57d26f522bc4c312f1dcdcce69b64eb5c55d53a8f35f30327190
1176	JPM/2017/page_83.pdf-2	0	train	finqa_probe_slot:6aa86f5dc8711194e3cf0687d9f412d170e98f79db203f60f16441c23bc68d31	nonempty	3	valid	True	0.0	0.0	scored	unknown	additional_free_text_claims_not_semantically_verified		56f98212286a1290ed705e9c5fb801a32f638a50ee7ceec2a008bc6b481a31eb
1177	JPM/2017/page_83.pdf-2	1	train	finqa_probe_slot:9782d8fc152285c25d242d1365716cae346a23abbd6d1aa50eeead3c2fa6c1f6	nonempty	3	valid	True	0.0	0.0	scored	unknown	additional_free_text_claims_not_semantically_verified		2597ec976151862c9619dc44e898937cf1f5811c25e8e1769f31f07de55c9f25
1178	JPM/2017/page_83.pdf-2	2	train	finqa_probe_slot:1f9092028055b5b068422721c8e4ceed8022b4556ef725fc923a9311f87654e7	nonempty	4	valid	True	0.0	0.0	scored	unknown	additional_free_text_claims_not_semantically_verified		7a6e84c7d6fd2c2cdbb83f2b229b6dc3ecdb905ac96618b57902260e1bafdeb1
1179	JPM/2017/page_83.pdf-2	3	train	finqa_probe_slot:5fd2e7a23705e589dffc215536a19772e99308a741d1e9b7144b07c3faf19127	nonempty	3	valid	True	1.0	1.0	scored	unknown	additional_free_text_claims_not_semantically_verified		b889ccd20a8461130338852093adb8e1bfa18e9bd7c2a7b51751b32da28bfebb
1180	JPM/2017/page_83.pdf-2	4	train	finqa_probe_slot:48adbc50e810ea71eb07120abfe7d8ed1f92bf91550679815cf7e248d88671a2	nonempty	4	valid	True	0.0	0.0	scored	unknown	additional_free_text_claims_not_semantically_verified		18922b3273943bfcf205416dc1c7555f27a7d2f67c5035a06e7a4f0d624aeb48
1181	JPM/2017/page_83.pdf-2	5	train	finqa_probe_slot:7b7acc906881a53bb1d5d904c2153c2409dc669ac178a89b4c849c933c6a6d62	empty	0	valid	True	1.0	1.0	scored	unknown	actual_calculation_not_a_proved_required_dependency		6a320ccd0bd46c4aa546d6797ab833f90649856aab42c849527b6ea37287eb70
1182	JPM/2017/page_83.pdf-2	6	sealed_diagnostic	finqa_probe_slot:03174210d76a52fd02988580c4e284dd03079657f098e70abf2d1518f35eb45f	nonempty	3	valid	True	0.0	0.0	scored	unknown	additional_free_text_claims_not_semantically_verified		bcba8b63d89817c0f3aaf2434683aa5a7e580644e373d9cc44410373ffdf9e1a
1183	JPM/2017/page_83.pdf-2	7	sealed_diagnostic	finqa_probe_slot:8264d396aa3c5c5e8ec4c6bcac724dee26dfdada57d2e1c08f42440a9219e156	nonempty	3	valid	True	1.0	1.0	scored	unknown	additional_free_text_claims_not_semantically_verified		d132cc8e7619cae2308268e5b305cba58c1e466c38a4b479589f052f2370b851
1184	AAPL/2014/page_78.pdf-2	0	train	finqa_probe_slot:498485c2b11de7b7db41f5f59e18f81022ce7415ef5a705f0db24338b0b32fd1	empty	0	valid	True	1.0	0.0	scored	unknown	unproved_alternative_or_extra_program_dependency		10ddcd90e7eb4f819a8e5961b17dc3b9f4078a27c3e019e12d1c445d8327c5b7
1185	AAPL/2014/page_78.pdf-2	1	train	finqa_probe_slot:6240f51e17e45996f1a385d21a010e71bda45282a4dae0faf397b5774177ce6f	nonempty	1	valid	True	1.0	0.0	scored	unknown	additional_free_text_claims_not_semantically_verified		2bfb1429c99b5e287a0b885c3b2faec5d0f89fc3a307629c3e2e6003d9722540
1186	AAPL/2014/page_78.pdf-2	2	train	finqa_probe_slot:82b49e0f0bb7e35443b2ee97ed395adb282a29ab8c85ccb6d4c7b5cc5dd55f03	nonempty	1	valid	True	0.0	0.0	scored	unknown	additional_free_text_claims_not_semantically_verified		898d2a96c316a2da5c3ee152176738dafbda279d51f751b9369c11706a65bdf0
1187	AAPL/2014/page_78.pdf-2	3	train	finqa_probe_slot:74ffc9d1122e92b7166518044c3672e60aa00e07219b81f68d698130453dc2c0	nonempty	2	valid	True	0.0	0.0	scored	unknown	additional_free_text_claims_not_semantically_verified		5f7e980857f0691c9a12534be760dcaf7de562629dab0c9fdd5988f56312c44f
1188	AAPL/2014/page_78.pdf-2	4	train	finqa_probe_slot:caebb79aa8662afd58a9ca407fb79075ee4f910a737224d9b19024ba44a13915	nonempty	1	missing	False	0.0	0.0	invalid_prediction	invalid	normal_terminal_has_no_completed_Final		c293d670fb01b40155adaff79f705536f1a3637600ce786290d3555fa31cb885
1189	AAPL/2014/page_78.pdf-2	5	train	finqa_probe_slot:fafb1160cea00ccb935c36b49f8455faf6a2b1c3bf62d236e747eabec02d7798	nonempty	1	missing	False	0.0	0.0	invalid_prediction	invalid	normal_terminal_has_no_completed_Final		59ac43e7a6730d89acbede6a0e3d1ad06d0d23fac585841cdbe58ea42601faff
1190	AAPL/2014/page_78.pdf-2	6	sealed_diagnostic	finqa_probe_slot:c2609c07d26ba763f00a183f55672192b63d0389c1f7baff8f5e709b14ee5fa3	nonempty	1	valid	True	0.0	0.0	scored	unknown	additional_free_text_claims_not_semantically_verified		305a754db6952ffa909cf8ca30434da704808701d47f222535579008b52c78a6
1191	AAPL/2014/page_78.pdf-2	7	sealed_diagnostic	finqa_probe_slot:0db85ee744fdbfd7cf4e636577e0bf097faacec0a62175c6e580f9c6f2f9b495	nonempty	1	valid	True	0.0	0.0	scored	unknown	additional_free_text_claims_not_semantically_verified		661635c033a0e3f5a08265191c3d4847704e42dd82ca3f605257b7bf5b0768bd
1192	LMT/2013/page_87.pdf-1	0	train	finqa_probe_slot:9ece3f18d14fe77b9a001b00647aa7b2e44f057dfab5e0a04c2f3349f6564929	nonempty	1	missing	False	0.0	0.0	invalid_prediction	invalid	normal_terminal_has_no_completed_Final		69a87126afa4a4852afe34cd6bd2ee4b3d90573a5de92a9ed1056d08dfa2206f
1193	LMT/2013/page_87.pdf-1	1	train	finqa_probe_slot:0ec9ea0a9a5ca3fd180400e988fd1382bfc56cefc6c6266fd1531869c700a0af	nonempty	3	valid	True	1.0	1.0	scored	unknown	additional_free_text_claims_not_semantically_verified		21f6721a1d10c2ee9d99f47d6e0d0b4ca2a7927241db91f73794cd6f17bb68f0
1194	LMT/2013/page_87.pdf-1	2	train	finqa_probe_slot:ff875476039cb655d23b6c3559039a653d91ce8ed79e3cdf313c05308a177004	nonempty	1	missing	False	0.0	0.0	invalid_prediction	invalid	normal_terminal_has_no_completed_Final		ba8b995471771eb4b9c5db0e6c1d310fdd18daf8d854b1b07195907b16a2ed32
1195	LMT/2013/page_87.pdf-1	3	train	finqa_probe_slot:8152b38ee188c5c67e75cb6598abe333b4266f89a73112c1dbaee7d56733834c	nonempty	1	missing	False	0.0	0.0	invalid_prediction	invalid	normal_terminal_has_no_completed_Final		02d78211f8dff027f763962b585ec4759d214da0bc8cf4e4aebda6cf2f26acc8
1196	LMT/2013/page_87.pdf-1	4	train	finqa_probe_slot:e08b310da6e2ab61aaec70f8068eb685fa449101d3fe747f63447afa950513c1	nonempty	1	missing	False	0.0	0.0	invalid_prediction	invalid	normal_terminal_has_no_completed_Final		a0ea5713161fe7175f4430d056ec029e2d8c891256fe56162bedcd182b610bd6
1197	LMT/2013/page_87.pdf-1	5	train	finqa_probe_slot:ed11e595ad3eb7525e81aa0d0cbe4ce6b8de0aa1bb779cad4516b18f53eba545	nonempty	1	missing	False	0.0	0.0	invalid_prediction	invalid	normal_terminal_has_no_completed_Final		fb502d1f52f8d6dcc2af5651d80ef38626fe547b4eb33f496fa576f91b3efff5
1198	LMT/2013/page_87.pdf-1	6	sealed_diagnostic	finqa_probe_slot:f5ef22389a573dd08d1c6bb03298308e9cf905764a6c91a8a03a4bb486240376	nonempty	1	missing	False	0.0	0.0	invalid_prediction	invalid	normal_terminal_has_no_completed_Final		ac7d7777ab0e46ea6618e15097cf9f6e111ead99e62931433e3a24dca1a8a487
1199	LMT/2013/page_87.pdf-1	7	sealed_diagnostic	finqa_probe_slot:b950b677070e98c1f73290cb85518bbab4f4121cec29594c517cb3b641370504	nonempty	2	valid	True	1.0	1.0	scored	unknown	additional_free_text_claims_not_semantically_verified		49bcd6313ee65487c940b3e350a042c03a02e8215dc34bc4e2650ed697e3783c
1200	AAPL/2014/page_67.pdf-2	0	train	finqa_probe_slot:f2bba0a7b060e3ae3661bf9fde663b3348bc032d70bfb860c6f9560465fda8a5	nonempty	2	valid	True	1.0	1.0	scored	unknown	additional_free_text_claims_not_semantically_verified		f992be29fa63164147008ac16388496ac133f6da5ab89616731709b6d3e8b0b1
1201	AAPL/2014/page_67.pdf-2	1	train	finqa_probe_slot:96394d6145909796d52fcbfc7189d14b326e2a56ba2a11639c50f1dc718bead4	nonempty	2	valid	True	1.0	1.0	scored	unknown	additional_free_text_claims_not_semantically_verified		b86841256e1c923e0671b9f0fc127af68617d9bebef97366ad5bd10eb34f2f7b
1202	AAPL/2014/page_67.pdf-2	2	train	finqa_probe_slot:db7897eeab6b3d2747c42159c5a0dbcca0a43f3de0985f08cbec05cd4933616c	nonempty	3	valid	True	1.0	1.0	scored	unknown	additional_free_text_claims_not_semantically_verified		2c77decbb21b2c2f1aa64d450ac6bc02db037ec0ff389571a54a2c0abd5ef270
1203	AAPL/2014/page_67.pdf-2	3	train	finqa_probe_slot:6fc1e34e0140bd6200054033cbf798a0f1ddc822ff20336b9bb3bddf19a3e2e9	nonempty	4	valid	True	1.0	1.0	scored	unknown	additional_free_text_claims_not_semantically_verified		5faa8abfe652dc5a8446419d6d646e37fed8c89c8262a5bb18c0bb1b6b535692
1204	AAPL/2014/page_67.pdf-2	4	train	finqa_probe_slot:bb67bd0f4922a7e16d39a0887f282fe5f9c9135e114b517750abc1ea35cc2622	nonempty	3	valid	True	1.0	1.0	scored	unknown	additional_free_text_claims_not_semantically_verified		cd40da94dc6cbd6f9b7623a3b15abc2caa31bbca07a75c68bad6fb99da82b043
1205	AAPL/2014/page_67.pdf-2	5	train	finqa_probe_slot:388923cca4d5bad7ee77eb2c37baac0251b42f354633c1ba2fe355a4bd6809f5	nonempty	4	valid	True	1.0	1.0	scored	unknown	additional_free_text_claims_not_semantically_verified		b93c50523ce144be29e59911d619ccc837e3c26bfae73bdbc8b0061a06ee085d
1206	AAPL/2014/page_67.pdf-2	6	sealed_diagnostic	finqa_probe_slot:874dfe7ed2aaa4ea0c0e775f4795e815007d52aab34e204cc04ad7c1bfacd2f2	nonempty	3	valid	True	1.0	1.0	scored	unknown	additional_free_text_claims_not_semantically_verified		84690b24d714a1ae3fbc538eba44676d219771d6df6b1fa6f42a76f34bf879f8
1207	AAPL/2014/page_67.pdf-2	7	sealed_diagnostic	finqa_probe_slot:2489a60fdb2096eae343c9832d8ddb5ebceb48b41ab09e4d275627a04e318b16	nonempty	2	valid	True	1.0	1.0	scored	unknown	additional_free_text_claims_not_semantically_verified		c5a439f1816675fd8f8769d3bf858af513e050fc326a38d9a781736605dc7c42
1208	SNA/2013/page_93.pdf-4	0	train	finqa_probe_slot:f45410398827141c03caefd8d3a61e6ef71324f1d10991dd13ff77106be3a189	nonempty	3	valid	True	0.0	0.0	scored	unknown	additional_free_text_claims_not_semantically_verified		70a3752d23831a36f4323e486f5175577eba9ac46183b4b02614c31118d6c56f
1209	SNA/2013/page_93.pdf-4	1	train	finqa_probe_slot:45b70bb21444adfdd3e5bc171af93d7862a0eb22b75c01640c7a9ea65e2c4fc7	nonempty	2	valid	True	0.0	0.0	scored	unknown	additional_free_text_claims_not_semantically_verified		c861ca7b5a08c54f140e83722e1586253089cd2bd6fe6ff43cc8878f57e75549
1210	SNA/2013/page_93.pdf-4	2	train	finqa_probe_slot:d92cfa44e3c6c73ec3df939fd0c08e3d15fe8990ade8fda9874d2b454b02cfd8	nonempty	3	valid	True	0.0	0.0	scored	unknown	additional_free_text_claims_not_semantically_verified		9d6d2647292ed7eb7b1081a3cf154d749572c0212642e7e7b263b41c82072f77
1211	SNA/2013/page_93.pdf-4	3	train	finqa_probe_slot:a74a943e38453613dfae5a5cf9c329fc49347209c0adbc44c8fee2e96ea72511	nonempty	3	valid	True	0.0	0.0	scored	unknown	additional_free_text_claims_not_semantically_verified		4abd737a5cb2f30f513f839b3e1b8d51ed7ffa829c1d613d0b314f7f98b8f54e
1212	SNA/2013/page_93.pdf-4	4	train	finqa_probe_slot:909fd5d8c87d869e1d0c2c63432982802a545b45db52657c34d48b38b8b5a9e2	nonempty	3	valid	True	0.0	0.0	scored	unknown	additional_free_text_claims_not_semantically_verified		3367fc80bb8d938f72bbafe33a4e45340777dcd77ddd083986edadfa89dd74de
1213	SNA/2013/page_93.pdf-4	5	train	finqa_probe_slot:61785ab9cc18419d68cad167e59ec8cf34797dacdddb995d8e76799a7a177108	nonempty	3	valid	True	0.0	0.0	scored	unknown	additional_free_text_claims_not_semantically_verified		a07dd712e861f6b81f820c2c8ecd3b6e8f23d0e63b3c395a7c8ede59461e8412
1214	SNA/2013/page_93.pdf-4	6	sealed_diagnostic	finqa_probe_slot:cc49c9aa94c7997675ff99a88dee54ce2a75b2513bb2f796354ee3cf90893377	nonempty	3	valid	True	0.0	0.0	scored	unknown	additional_free_text_claims_not_semantically_verified		249eaeba9695e013941538ff5b9fd82495f2f390818c94d849bc8e077e2379ad
1215	SNA/2013/page_93.pdf-4	7	sealed_diagnostic	finqa_probe_slot:07559192d38a9a6db6ec0aa939885b0694927c678be53013f9df274fdb6c3053	nonempty	3	valid	True	0.0	0.0	scored	unknown	additional_free_text_claims_not_semantically_verified		8e547c14159d93ffcfb22cf2a4c16f1475a8cb4e9ce64e51233c35b1cac4f017
1216	BLK/2017/page_77.pdf-1	0	train	finqa_probe_slot:b16ef874df45779600afea841a06c33fe7d26efd3163c7551945446aec04864b	nonempty	2	valid	True	1.0	1.0	scored	unknown	additional_free_text_claims_not_semantically_verified		4be771e45a0bb332ece501bbfadbe0e5436f52bb6a839d910ff7d64042aa6da1
1217	BLK/2017/page_77.pdf-1	1	train	finqa_probe_slot:06d7f1e3ccb5f5eb235ca6567cc902e759ab5b5618b21e14505c8066507e5c8a	nonempty	1	valid	True	1.0	1.0	scored	unknown	additional_free_text_claims_not_semantically_verified		82691609525157a38a422401c0e8ced39ce0861d0a798b701583e6f6b7907e40
1218	BLK/2017/page_77.pdf-1	2	train	finqa_probe_slot:28bda315e852a2496a325717c8675325b80fe0486962aed40e472f9e0a96bfaf	nonempty	4	valid	True	1.0	1.0	scored	unknown	additional_free_text_claims_not_semantically_verified		e2d9d7a59c3ddd3d93deadc66f3d2b477317c706f0a3e4ad9e7000d687c323d2
1219	BLK/2017/page_77.pdf-1	3	train	finqa_probe_slot:4e848e998900c90fcea4c9f90f7bdb2bd02f5bee6c144ec566e8320cd1f957a1	nonempty	1	valid	True	1.0	1.0	scored	unknown	additional_free_text_claims_not_semantically_verified		6fd270e7694d82db421461b3de65d6f1ff4c8f732e0d8117cf313c25968a3fa1
1220	BLK/2017/page_77.pdf-1	4	train	finqa_probe_slot:b8d8c97887ccb9533fc7d8a744325487470cd297fbee7bea603ebcb7cb4940ad	nonempty	4	valid	True	1.0	1.0	scored	unknown	additional_free_text_claims_not_semantically_verified		a8d4c36686f51da28049dbdc9be5737e3dc10282684ad0b08d0b1f5d65f29af9
1221	BLK/2017/page_77.pdf-1	5	train	finqa_probe_slot:bb9ad336345da65e7229c46d16489b46db1bfffa20ad11613b68ee59a5e0fa28	nonempty	4	valid	True	1.0	1.0	scored	unknown	additional_free_text_claims_not_semantically_verified		62020ea70f2a322eda28f3b20bb7e4b6939ea9b035d56ae41584d5ef68e5401c
1222	BLK/2017/page_77.pdf-1	6	sealed_diagnostic	finqa_probe_slot:6323c3f41b078c25e4b920b4db3a575bf15f75ef3aee9896a3106fb8c1be02b4	nonempty	4	valid	True	1.0	1.0	scored	unknown	additional_free_text_claims_not_semantically_verified		533034cb781b220a65c13be193f5f1de077291dfda8f12bd70d3e5b7c33fb952
1223	BLK/2017/page_77.pdf-1	7	sealed_diagnostic	finqa_probe_slot:4fee343b19026fe41059c1b4801eadbd6142e59f08ec3cfc1e9445675f9f0aa9	nonempty	4	valid	True	1.0	1.0	scored	unknown	additional_free_text_claims_not_semantically_verified		7d5e4bc6ee33693c3eb077630051eaa30cd3934792375c03575478521c761deb
1224	IP/2018/page_83.pdf-3	0	train	finqa_probe_slot:c9ac1ac7f10d62cd200a9c265e59b4b4ab458c10d48d1016b195911fd2d01764	nonempty	3	valid	True	1.0	0.0	scored	unknown	additional_free_text_claims_not_semantically_verified		528d645215076b76241aba6703e09d8d1e5d9753d3b0a86a156c0a0af05ab5d6
1225	IP/2018/page_83.pdf-3	1	train	finqa_probe_slot:a9fbdf5e933a4c456b4549992711b59d0f48246549826211eb112cf4a3cb8bb3	nonempty	3	valid	True	1.0	0.0	scored	unknown	additional_free_text_claims_not_semantically_verified		f532291cba740c0bb80d13a82a285eefebf6d8a9889064111bf6cc233cccf0dc
1226	IP/2018/page_83.pdf-3	2	train	finqa_probe_slot:f72af49265fe50a123c500802897409bb78d8b7fe1239a0272c306a7cb8e433a	nonempty	3	valid	True	1.0	1.0	scored	unknown	additional_free_text_claims_not_semantically_verified		492e651be21ca9b4b3558b262faa8cef4825238ccf03a5a9bf4580642afe7e57
1227	IP/2018/page_83.pdf-3	3	train	finqa_probe_slot:73a2ba70cfa18bbb90053627cf8f0c1f820d9c0fb09d5d24c784c49f47028963	nonempty	2	valid	True	1.0	0.0	scored	unknown	additional_free_text_claims_not_semantically_verified		866e4d8e2ba6f085bd3c84a453ded65d04c921a27cb7797512480974a7870c4b
1228	IP/2018/page_83.pdf-3	4	train	finqa_probe_slot:ae6581f8dc67bba54cf4c27851440c7f58c07bf02e84d85eff0f0389dbc7fed8	nonempty	3	valid	True	1.0	1.0	scored	unknown	additional_free_text_claims_not_semantically_verified		bc29bd9d558ff5b0bb82c1bdc8b5e7702d3ccc3201dc747bf7c874b696dcabc9
1229	IP/2018/page_83.pdf-3	5	train	finqa_probe_slot:58f3711bb35ed9037f3761220b786ab7c33bc2b991652f960bc41dee6f797795	nonempty	3	valid	True	1.0	1.0	scored	unknown	additional_free_text_claims_not_semantically_verified		390eca772c04d7aed45f34c52d9c36f20d1d5fc0ecdfb6805925161f6021d831
1230	IP/2018/page_83.pdf-3	6	sealed_diagnostic	finqa_probe_slot:db6473fbfd95d40041c9707879dddcfdad97773d91ee7038b0c32ada34d85455	nonempty	3	valid	True	1.0	1.0	scored	unknown	additional_free_text_claims_not_semantically_verified		ed0387ceffbe8a892a34523279664eaa7394547b5e88d2722bcbf02a28033c0c
1231	IP/2018/page_83.pdf-3	7	sealed_diagnostic	finqa_probe_slot:83af918757b4dc905a157bcf7b9831713af89942f950efa7ed7155a84d334f1d	nonempty	3	valid	True	1.0	1.0	scored	unknown	additional_free_text_claims_not_semantically_verified		eb0ed98504049cb7dd67cefbd13ef127fa55785ca7083432e31859b512018f76
1232	NCLH/2016/page_84.pdf-3	0	train	finqa_probe_slot:04d423c0fa3906367a2b19d4424bdb50dc5a2a8b29385568c5a967a493bb9052	nonempty	1	missing	False	0.0	0.0	invalid_prediction	invalid	normal_terminal_has_no_completed_Final		0ca26471e12f47799a1b15165ca6e20b4b1bd388b05158a665c35e6cfdbe702b
1233	NCLH/2016/page_84.pdf-3	1	train	finqa_probe_slot:e90bb6b62cc6bac159b019540c9e506ef8c39e94e1a293dfe2b87afd8246ae7e	nonempty	1	missing	False	0.0	0.0	invalid_prediction	invalid	normal_terminal_has_no_completed_Final		31748ab37d08123a5ffccd873328ee034f5983c86c035f46002476c3b84ffd2a
1234	NCLH/2016/page_84.pdf-3	2	train	finqa_probe_slot:e8e41f6fa3b5ed660de42720b4f0b366fc393b40e3e57655a861205f7dfef575	nonempty	1	missing	False	0.0	0.0	invalid_prediction	invalid	normal_terminal_has_no_completed_Final		a6be1a217653b6b84acbdca0ed8f15f749f5f166745d398f99448a3dc03e492d
1235	NCLH/2016/page_84.pdf-3	3	train	finqa_probe_slot:648f389cb6737801db974ce614f8f039b517dff34564e2f2ae9d0ef2ec5d3878	nonempty	1	missing	False	0.0	0.0	invalid_prediction	invalid	normal_terminal_has_no_completed_Final		dd724a6a6f21fefd668ceafbceb6edd64251b0d1f294a082350f76420d1ce415
1236	NCLH/2016/page_84.pdf-3	4	train	finqa_probe_slot:62d803dc78d12f7a2b29c4fe934a8a5836d6a1a114e69e5a81f2afe09d711100	nonempty	1	missing	False	0.0	0.0	invalid_prediction	invalid	normal_terminal_has_no_completed_Final		e0d8bf175203c445d69e4aab8b23805ab4777bfde53bc00d46c0239b3130dd66
1237	NCLH/2016/page_84.pdf-3	5	train	finqa_probe_slot:39737d8e75896a58f8e389cb39fa6a5d7482b6ca48ea823a636e9f29a9983dc2	nonempty	1	missing	False	0.0	0.0	invalid_prediction	invalid	normal_terminal_has_no_completed_Final		8605d9b172b2f96e9486a31069c4a7a96f0f2cce10c6bc789bc77f27e247f1a2
1238	NCLH/2016/page_84.pdf-3	6	sealed_diagnostic	finqa_probe_slot:aa9ca443f30540386020343cfe062334d0eb6888b05985b16cc39a6a510c00a9	nonempty	1	missing	False	0.0	0.0	invalid_prediction	invalid	normal_terminal_has_no_completed_Final		14dd2aa93a1c86d8b638fea1aaee19014b1c67f48f89ada94612a9dbfefa0794
1239	NCLH/2016/page_84.pdf-3	7	sealed_diagnostic	finqa_probe_slot:fb7d547b3f59cd345da314b8ddd8f4ed25f4db1f4ad851b5f2713895d7da0649	nonempty	1	missing	False	0.0	0.0	invalid_prediction	invalid	normal_terminal_has_no_completed_Final		9a5ec1159bdd84921422b1cd4a4af41917d19c3aa46eb96bda2b48729afb6d49
1240	IP/2018/page_50.pdf-3	0	train	finqa_probe_slot:938f335efd0c982ee041d6ac73a9f84f5408b221bc2e98151cb4849291bfbf97	nonempty	3	valid	True	1.0	0.0	scored	unknown	additional_free_text_claims_not_semantically_verified		8b3458f3280d88ea80b7184233a04caffab8ee5827216307056cce5383ffed93
1241	IP/2018/page_50.pdf-3	1	train	finqa_probe_slot:8177bc6a0378f7784d0262d224e245de3dd2840d6bd053603af92c1622b14f33	nonempty	4	valid	True	1.0	0.0	scored	unknown	additional_free_text_claims_not_semantically_verified		f55870b88234142dc4316ce21585687ea81b11989f934518c9adc27a33562d26
1242	IP/2018/page_50.pdf-3	2	train	finqa_probe_slot:5f229a685d91119b5c8b8c41e6b2c759b3930fac5f3532fe11d7cc617d54a156	nonempty	2	valid	True	1.0	0.0	scored	unknown	additional_free_text_claims_not_semantically_verified		6db96f12a006a40d2ab69e2a974d563e25a0a9f137050e7925559739b6568737
1243	IP/2018/page_50.pdf-3	3	train	finqa_probe_slot:c071305ab0b0be5a7bd30ca0aa0e94b71682fd63ae8d176a943acc6f03f5cd78	nonempty	3	valid	True	1.0	0.0	scored	unknown	additional_free_text_claims_not_semantically_verified		52cf8add21403438b67d1f6140a2e5696316fa075cd8f4a47d13241c86c650e5
1244	IP/2018/page_50.pdf-3	4	train	finqa_probe_slot:6ee18a1aa38309c86de23b27dc96bc01087c666a588371080ba6e5b82214fe75	nonempty	3	valid	True	0.0	0.0	scored	unknown	additional_free_text_claims_not_semantically_verified		bc358eed4b9bc9e69fd9f87c9e03eefdc6027fbfe697b02c2423ac0461392216
1245	IP/2018/page_50.pdf-3	5	train	finqa_probe_slot:72fbb3b576dfc006fc0f35751fb5376febda16fded78ba9d2cb0b317a1b73d1d	nonempty	3	valid	True	0.0	0.0	scored	unknown	additional_free_text_claims_not_semantically_verified		7f13ac3a7a2bf826637572783aa72e1b716bb9761aaec806d270e5a444499c72
1246	IP/2018/page_50.pdf-3	6	sealed_diagnostic	finqa_probe_slot:bb2eef8f0c89d354121b20bc17decaaabfbe84c5bfff4afca2e24982d551bb63	nonempty	4	valid	True	0.0	0.0	scored	unknown	additional_free_text_claims_not_semantically_verified		2f26bea5860cdba98920b3a8c4c9c4544641c851a983b8b9733c2ccda9c4c566
1247	IP/2018/page_50.pdf-3	7	sealed_diagnostic	finqa_probe_slot:aac61161d2a40b563a718f4dd2cd710339486950a0e32854000352412320615d	nonempty	4	valid	True	0.0	0.0	scored	unknown	additional_free_text_claims_not_semantically_verified		51113ad6588cd144f90fbf488df1266f16556c422b62fe7072c12c6bc778624a
1248	BLK/2017/page_81.pdf-3	0	train	finqa_probe_slot:19ed5712142cc1098a095287633f60c4fd24d93990543d3935fbb6ca443878cc	nonempty	4	valid	True	1.0	1.0	scored	unknown	additional_free_text_claims_not_semantically_verified		81cd7ca3cb272cb5cc4b37d04760f5545b2028f1fc440c421887d932b963e9cb
1249	BLK/2017/page_81.pdf-3	1	train	finqa_probe_slot:dfb20559635d86336878e61a4f29b109980f82e195075a37f84b2da368646609	nonempty	4	valid	True	1.0	1.0	scored	unknown	additional_free_text_claims_not_semantically_verified		ec60dd786c603715384209a2b7d1c9d0b5f1d4a80c4fff8545f079486a48a1b8
1250	BLK/2017/page_81.pdf-3	2	train	finqa_probe_slot:05bbe2a8892d2a4499fbc0fc1ae7359cc75dc4abcc26a1c401e4e5a2b0283a96	nonempty	3	valid	True	1.0	1.0	scored	unknown	additional_free_text_claims_not_semantically_verified		ac5dd5125fe433c121f832e6c0c7ef9e3ce0f8174a6889571992b0b71f5ecc8b
1251	BLK/2017/page_81.pdf-3	3	train	finqa_probe_slot:4d301dd74e4dc5ea3ae6916084db536dbf6ad06215096a731c85611de148c55f	nonempty	4	valid	True	1.0	1.0	scored	unknown	additional_free_text_claims_not_semantically_verified		bd953b72c7fee3838524b9382beff7e82fbf7d8c0dc26b7a7dabbc7becdd41bc
1252	BLK/2017/page_81.pdf-3	4	train	finqa_probe_slot:810e4a3a1a640984aaf426ca77913b3d80c9f300c00843925382999aa3ffa4fb	nonempty	4	valid	True	1.0	1.0	scored	unknown	additional_free_text_claims_not_semantically_verified		910859eb42ec0caa41f3c718c9b809b528bc0ebb0d0a2953e8c69ad321b18af1
1253	BLK/2017/page_81.pdf-3	5	train	finqa_probe_slot:cd8ad38c81c6d65588bc2d6b9a4c488a10c80dc1dda8c64622023da4bee6c1e4	nonempty	3	valid	True	1.0	1.0	scored	unknown	additional_free_text_claims_not_semantically_verified		a841f8bd783bd4a522c735b3ee6d748d3c3a3c53a7d6deae9d9d8414ae976b9a
1254	BLK/2017/page_81.pdf-3	6	sealed_diagnostic	finqa_probe_slot:352bbcd82271282dee987d4ef6d0bc8e879aefc5e1a16b3ff2cab454f496acbf	nonempty	3	valid	True	1.0	1.0	scored	unknown	additional_free_text_claims_not_semantically_verified		6e75cf999dcdade8e3c2bba32e83a63c3f7ef81587f39cad525e501988b4aa00
1255	BLK/2017/page_81.pdf-3	7	sealed_diagnostic	finqa_probe_slot:8b252306bee3e1691a52ab08a2b6c1557ffb774486e37d8ff1121e2756e5f362	nonempty	2	valid	True	1.0	1.0	scored	unknown	additional_free_text_claims_not_semantically_verified		75ddb5aa894a01d62eb004ab4cc114f675cdff9b29f5620f37de3cc3cd0a03d3
1256	HOLX/2009/page_153.pdf-4	0	train	finqa_probe_slot:b31be7ca95bfb4c2eab408ac7df6ab50406d322acc9603425822dad5542b81e7	nonempty	1	missing	False	0.0	0.0	invalid_prediction	invalid	normal_terminal_has_no_completed_Final		b2e4ed3a9edf460f29b950cb71728ceee9e39ec5b7ccf3896eec951dbee3e58a
1257	HOLX/2009/page_153.pdf-4	1	train	finqa_probe_slot:449ad106041de8eace8636c5bbb43c91216f158311edea556d0b9bdad221a65e	nonempty	1	missing	False	0.0	0.0	invalid_prediction	invalid	normal_terminal_has_no_completed_Final		2e73d26f374084d36a68c159826054956382f7fe44d58258820a2343b9cd4171
1258	HOLX/2009/page_153.pdf-4	2	train	finqa_probe_slot:10cbb1f25ac5672904ef87614d628b6f73f76bbfc32069f1ee1a5e312d2074f0	nonempty	1	missing	False	0.0	0.0	invalid_prediction	invalid	normal_terminal_has_no_completed_Final		fa7ea95bc27183039ec314baac3d1a35c1b446f47f54d0399b551fa003803237
1259	HOLX/2009/page_153.pdf-4	3	train	finqa_probe_slot:d5f097f968997b654e91542544b391589ec6d9242c0447bac7d256751c9ee4dd	nonempty	1	valid	True	1.0	1.0	scored	unknown	additional_free_text_claims_not_semantically_verified		a549be027f18e03403c8930fa974e0586c014b23cacf0e0ddfbe089bfceed0d4
1260	HOLX/2009/page_153.pdf-4	4	train	finqa_probe_slot:7fde5e76887aa262e55ab23ea6a1a04196de3e96048db2bcab63a11c59fa0ec0	nonempty	1	missing	False	0.0	0.0	invalid_prediction	invalid	normal_terminal_has_no_completed_Final		37701255f6b181f65554e65625e760276e616b2ed8d6f81b0ead526dac9eac04
1261	HOLX/2009/page_153.pdf-4	5	train	finqa_probe_slot:eef9abbb934799aa2bf1566cea4794c905f7abfc0b40b9f67ca089565aa528f4	nonempty	1	missing	False	0.0	0.0	invalid_prediction	invalid	normal_terminal_has_no_completed_Final		657de3e15d756e6b333a3ef927358301ea29bac20182f2c6a98d061f1d6303c9
1262	HOLX/2009/page_153.pdf-4	6	sealed_diagnostic	finqa_probe_slot:592fd74644e51fef902b130b9ea89fbfec1a33a0a8fa5adb8ced02f048551e17	nonempty	1	missing	False	0.0	0.0	invalid_prediction	invalid	normal_terminal_has_no_completed_Final		0e4611fcd58a414906e16b3d65b85f6e4d9cd80654d208e4e308cd8ad1b63958
1263	HOLX/2009/page_153.pdf-4	7	sealed_diagnostic	finqa_probe_slot:bf08186be5563ce6da446244e2426b0634777d74bfea45fd340f0c9b2b08bba1	nonempty	1	missing	False	0.0	0.0	invalid_prediction	invalid	normal_terminal_has_no_completed_Final		5e05e79ee9221847d93ef0c19d9044ca6fccd1632c4b046cff1edc5d493d9ed6
1264	PPG/2015/page_40.pdf-4	0	train	finqa_probe_slot:b28b0419bfa6503eeb0a0cbc952159f690ea2031cf31ee4fa36bfad651efb988	nonempty	4	valid	True	1.0	1.0	scored	unknown	additional_free_text_claims_not_semantically_verified		b3168ed9ac4d6da8969c55d461155eaf16bcd499deb9f89e8e7367f2aa104adc
1265	PPG/2015/page_40.pdf-4	1	train	finqa_probe_slot:4f2bc9e2a6ee0c7b630b81fa6329efc5bddbab5e4e0e499d821c71b3c37d7469	nonempty	4	valid	True	1.0	1.0	scored	unknown	additional_free_text_claims_not_semantically_verified		9ab757bce90bb72a3e177ac5897076a95cc4e213a6b49d26e5925e01fc6f95b8
1266	PPG/2015/page_40.pdf-4	2	train	finqa_probe_slot:56a6c31eba8d9292ba22db1b6b8ddfb31944f2ffecff553a7f892e4a98360dc2	empty	0	valid	True	1.0	1.0	scored	unknown	undeclared_Final_dimensionless_scale		ffbaa6017147e4632e4d0916a854b93378fcc6a6befa8c26097178dc68ff513d
1267	PPG/2015/page_40.pdf-4	3	train	finqa_probe_slot:cbcb4a38d47405027d1d9ee2f33b1da96c4c0de85debfecb98647e1836429b03	nonempty	2	valid	True	1.0	1.0	scored	unknown	additional_free_text_claims_not_semantically_verified		2ff3a3042fdd9ec199881dfcde5a1f2f20ee17bc5c0c23dfe7e4ba9bb808b07b
1268	PPG/2015/page_40.pdf-4	4	train	finqa_probe_slot:6a2981b2d7f6727ade3d620bb4f1a3f9251c7aa4eb87110c565eef5d5e548f52	nonempty	3	valid	True	1.0	1.0	scored	unknown	additional_free_text_claims_not_semantically_verified		303029c14b3725f5e016eeda3ee2d3bfa34818a207bb3e9eca454a9644ca274c
1269	PPG/2015/page_40.pdf-4	5	train	finqa_probe_slot:92ba9ba123eee555d544b8d837a6b4aabb403a295371cc9c66a6c0cdbd9137eb	nonempty	3	valid	True	1.0	1.0	scored	unknown	additional_free_text_claims_not_semantically_verified		7ddf5228439a31df139871ec01f85def3579c5b5c9eb2b6655ee19c6e2a74d4b
1270	PPG/2015/page_40.pdf-4	6	sealed_diagnostic	finqa_probe_slot:bb8c9618cafd5a5432261aa01d14eeae4dd166ba886b479b104788f4f58c544d	nonempty	3	valid	True	1.0	1.0	scored	unknown	additional_free_text_claims_not_semantically_verified		407d9c4989088190ce0d22285d6b8bda96037bcdc74bf7675caa1e7ba267e315
1271	PPG/2015/page_40.pdf-4	7	sealed_diagnostic	finqa_probe_slot:5570df96306fc131827ef2bad4f142bc7b601ccdde45845b71ef91eeeef54e2a	nonempty	4	valid	True	1.0	1.0	scored	unknown	additional_free_text_claims_not_semantically_verified		aab2f22173eb6d523d7637dcbb089f4fc2310438158228df15b8f07dc5faa425
1272	KIM/2014/page_59.pdf-2	0	train	finqa_probe_slot:ba97dc07f23ae86b2b183505cfe57e16199a7ef98cabe6200520f97efd697d7c	nonempty	2	valid	True	0.0	0.0	scored	unknown	additional_free_text_claims_not_semantically_verified		c26cc0d04a9e49d47478f1650afe4f1fd3b9c9f8fc036f5e6951335c1b22704d
1273	KIM/2014/page_59.pdf-2	1	train	finqa_probe_slot:4a1c6784d53026073ac1142da99b2086fb7e112f717043c58b8d907890b41f54	nonempty	2	valid	True	0.0	0.0	scored	unknown	additional_free_text_claims_not_semantically_verified		79efe6e2a3987ab7b80d38e8269b63c01198354ee8e9393c77f9b65dbd2a70c3
1274	KIM/2014/page_59.pdf-2	2	train	finqa_probe_slot:a7d01f5cd53413ee0cde4e7f93303729187346396a467ab2e4d7374956362cd8	nonempty	1	valid	True	0.0	0.0	scored	unknown	additional_free_text_claims_not_semantically_verified		5399409f581155ed94543f6d03b466fc918f179a52693eefec7cbe9614a63c0e
1275	KIM/2014/page_59.pdf-2	3	train	finqa_probe_slot:e1284be5f14f0279db0950e329ebc8648d9eb2a59582b0660db0a02e4d5f028e	empty	0	valid	True	0.0	0.0	scored	invalid	submitted_program_result_contradicts_anchored_task		13cbbfdcac78b2a37497bd26bad3a3da5ade8622efc250aa32773541b713dc2b
1276	KIM/2014/page_59.pdf-2	4	train	finqa_probe_slot:58a394caa82ab29e6c5e302a6463334b410e061f30502a598a21d9bce2ba159a	nonempty	2	invalid	False	0.0	0.0	invalid_prediction	unknown	additional_free_text_claims_not_semantically_verified		3a3063d7acf843b4a6cb42489c79568b66d0d01b2859c5f5562dbe3131494f2e
1277	KIM/2014/page_59.pdf-2	5	train	finqa_probe_slot:b854aef69cdebfd6661dee9df9ca43558bf8d06ccf9a3c879f1448058473eb0e	nonempty	1	valid	True	0.0	0.0	scored	unknown	additional_free_text_claims_not_semantically_verified		3a4f7d4167d0c4b81b353dcf2ac57d30c6ad3b9f0138d71e1dd957e5a56c7940
1278	KIM/2014/page_59.pdf-2	6	sealed_diagnostic	finqa_probe_slot:cf708ce46adddbe8170fcce205b3ca77676b19af02804f13e783539805fc5277	nonempty	2	valid	True	0.0	0.0	scored	unknown	additional_free_text_claims_not_semantically_verified		7fb59437730f45171754489d54819c15dc0d04baf202d9d6271c46ee080098d2
1279	KIM/2014/page_59.pdf-2	7	sealed_diagnostic	finqa_probe_slot:a5e27973d23ed1244c22bf7f346a2bf893b8f37f74f28ab95017c0a82d3e655f	nonempty	2	valid	True	0.0	0.0	scored	unknown	additional_free_text_claims_not_semantically_verified		d97b804f79e82c13a3cbae99317584e10d6370f4cd4200c53117aee51f43e7e6
1280	BLK/2017/page_77.pdf-2	0	train	finqa_probe_slot:d415495d496708aaaa526c6ff1efc9e137e933fa4d7fc8c7db9e2419bb697d30	nonempty	4	valid	True	1.0	1.0	scored	unknown	additional_free_text_claims_not_semantically_verified		143cf6f9d830e716106a34d65bc6713b3c4ae0c63a57aae48a8ea6c7e64331ea
1281	BLK/2017/page_77.pdf-2	1	train	finqa_probe_slot:bb7bab34864b7c852dcdcc961cfce0889e624fa4d35a995605eb80afc8e187cc	nonempty	3	valid	True	1.0	1.0	scored	unknown	additional_free_text_claims_not_semantically_verified		efcf616511394934311032d87f4b86840760fb930e232ecd29cfbafdff4f44b2
1282	BLK/2017/page_77.pdf-2	2	train	finqa_probe_slot:1ed9512fb2d7fe34dfa4131e4a8b4829351faf4d0026fb2ddd6471aba2e48218	nonempty	4	valid	True	1.0	1.0	scored	unknown	additional_free_text_claims_not_semantically_verified		22cac1c20c012a00f1a70e883ed0d498447d9cf4397f76036ee5b244ec441d44
1283	BLK/2017/page_77.pdf-2	3	train	finqa_probe_slot:b29737cd310629c32e54f4691f439e7fcd40004d04efb3a9bad1791069b34987	nonempty	3	valid	True	1.0	1.0	scored	unknown	additional_free_text_claims_not_semantically_verified		010b3bdf5fdbc1ac87866a7ba35e6baea9ca6d3bed1c36823f5559dc51df827d
1284	BLK/2017/page_77.pdf-2	4	train	finqa_probe_slot:f63ea42d30cee01c6970ad82dffc678506976de07eab1d77c827350b2b136b73	nonempty	3	valid	True	1.0	1.0	scored	unknown	additional_free_text_claims_not_semantically_verified		b036059b3923d513f23e8a1be83dc7a85e99da1715cceb22380072d6edd970ef
1285	BLK/2017/page_77.pdf-2	5	train	finqa_probe_slot:0b018f9b7e929df02348ece0fc0bf07d351f4c87c5a7d7b78613b581cf9517b6	nonempty	4	valid	True	1.0	1.0	scored	unknown	additional_free_text_claims_not_semantically_verified		3ec87020c5982e6784a5976e477c22a98ac7f68b2e5a6dd85dc88031253930cd
1286	BLK/2017/page_77.pdf-2	6	sealed_diagnostic	finqa_probe_slot:fb1a9ac298e452196237c35d727eb7b9d41a432faff680c3bfc9238c9db7d535	nonempty	2	valid	True	1.0	1.0	scored	unknown	additional_free_text_claims_not_semantically_verified		be59b15fbe83d2455b43e43e29f6c2d1d921f8e3400d3482467c42903a7afd21
1287	BLK/2017/page_77.pdf-2	7	sealed_diagnostic	finqa_probe_slot:e32c34aeca860ba03ee9683deb788757657b5eabc504541d02dd1a4763e14955	nonempty	2	valid	True	1.0	1.0	scored	unknown	additional_free_text_claims_not_semantically_verified		f65087b39f72bd49a54121b07a975f3cf2d7ebb452fa5a20a51c18bbbe2ad02c
1288	IP/2006/page_19.pdf-3	0	train	finqa_probe_slot:beeba5822296ba99b4da33a0d272d5e54cad6ff5f7519c548a9adf9d34597854	empty	0	valid	True	0.0	0.0	scored	invalid	submitted_program_result_contradicts_anchored_task		51ba073a1e8ac94864f394844caec6ed46566b09e2189b5904bb589fc3498bf6
1289	IP/2006/page_19.pdf-3	1	train	finqa_probe_slot:16f9b69f9a3647bbbe027d669e2856d37f7c4f5a3dc30a50a02e4d96e3515169	empty	0	valid	True	0.0	0.0	scored	invalid	submitted_program_result_contradicts_anchored_task		dadf9d56f88dc088afac7ccc39a6d824dde892ccd62d6f44e54317fb8d1472e5
1290	IP/2006/page_19.pdf-3	2	train	finqa_probe_slot:26648006e4cdd03f0b80d39263bcf4ca4566de848d84e4ebc829c63d1dbdafb2	nonempty	3	valid	True	0.0	0.0	scored	unknown	additional_free_text_claims_not_semantically_verified		3ba2193be5c560647fd3e92d09c17ee3f6b5fa7c8cb9895e9c24f11917f90bda
1291	IP/2006/page_19.pdf-3	3	train	finqa_probe_slot:b16914207b34e2ad48fcc84b57ed7d517b9bbb2f5f1eba8b9f3756460f2cb837	nonempty	4	valid	True	0.0	0.0	scored	unknown	additional_free_text_claims_not_semantically_verified		1815c692c61501a77d9b1ae0910a6a3fa4f6e7182a53e51f4c4f4d04fedb5c20
1292	IP/2006/page_19.pdf-3	4	train	finqa_probe_slot:83309d3c05033a3cef8877233290be728437028416e91c49e2575702de33cc1c	nonempty	3	valid	True	0.0	0.0	scored	unknown	additional_free_text_claims_not_semantically_verified		58696a68e980a0bafc9b557102f84f4246115b2080f11c7034fb1e8a44575eeb
1293	IP/2006/page_19.pdf-3	5	train	finqa_probe_slot:f8e6d40e4f7afc804df90f361dc77f51a2e539a5f134e35e14a7859bc88b4315	nonempty	4	valid	True	0.0	0.0	scored	unknown	additional_free_text_claims_not_semantically_verified		c5f860d153f30fdd7c62f5ede8605e3b3054387ed3c72c6cdd5b7f893acec2de
1294	IP/2006/page_19.pdf-3	6	sealed_diagnostic	finqa_probe_slot:d207dfc9c1e73c93600febd73f101a0df11e3ff8fdb4483866b1054ef24dcaf6	nonempty	4	valid	True	0.0	0.0	scored	unknown	additional_free_text_claims_not_semantically_verified		878f6ac7ecf31b4b7cdb7f347f1a5e0da9d9c75cf799f8b39df5ca360f3b9b62
1295	IP/2006/page_19.pdf-3	7	sealed_diagnostic	finqa_probe_slot:a67177f02c02b7cf11b5f5e5cb196cbd9e7aca8db5a560cb0f2fd97f9cbf9d82	nonempty	3	valid	True	0.0	0.0	scored	unknown	additional_free_text_claims_not_semantically_verified		3b282abb0354a1416fcf822baa6e00aeed13204c12d15b02942509202bb56bd6
1296	BLK/2017/page_81.pdf-4	0	train	finqa_probe_slot:0ff4a85a1179a90c7b2060ebc67e4a7feeedf1253ab2750b87d27010218faae9	nonempty	4	valid	True	1.0	1.0	scored	unknown	additional_free_text_claims_not_semantically_verified		22881c89208bc8fbbaaba5ccf247f38299c16fe993d5d8125ec341a07b2c9042
1297	BLK/2017/page_81.pdf-4	1	train	finqa_probe_slot:f5d6433f6903993521fce6e8a2a376176928404785b5a9c883c0ada089fdf169	nonempty	4	valid	True	1.0	1.0	scored	unknown	additional_free_text_claims_not_semantically_verified		2451d9968adb8f3ab169d68eabcdb951980ee9fda1edcb6259b2b548bfa6748b
1298	BLK/2017/page_81.pdf-4	2	train	finqa_probe_slot:cee3969f88f47bf03377be4f3b31f9eac0f86eb99a346e74454ba31eda636031	nonempty	3	valid	True	1.0	1.0	scored	unknown	additional_free_text_claims_not_semantically_verified		f17cb2034f011339be1a4f9ea09c20b5b9488e2dd89d6ca612cdbddf0b2fd162
1299	BLK/2017/page_81.pdf-4	3	train	finqa_probe_slot:65d1bc420ccb8d706dada63e8456b0c00fe664de8eda1f1b4b732ba53dada4d5	nonempty	4	valid	True	1.0	1.0	scored	unknown	additional_free_text_claims_not_semantically_verified		757e729380ec58b6e7b5d7990c87aa8b745690598b84ac48ed93f7860185b475
1300	BLK/2017/page_81.pdf-4	4	train	finqa_probe_slot:b059839139bb90ccb04ba3543081ca966f04ad38c74a152407789b4640c8207f	nonempty	4	valid	True	1.0	1.0	scored	unknown	additional_free_text_claims_not_semantically_verified		3cc1f3a5d70d03b044cbaf163d1146aa5e7ae58bf4f5933fbd080ffb8b62ac17
1301	BLK/2017/page_81.pdf-4	5	train	finqa_probe_slot:4e3657dbba5069c83642c12d2b5e860fa894c3a5173cf741a67e01e2f48a2ee3	nonempty	4	valid	True	1.0	1.0	scored	unknown	additional_free_text_claims_not_semantically_verified		d99822429bb860eee78b3858dc31eae8e3ded32acb4d7a932b9680a7445d3ab1
1302	BLK/2017/page_81.pdf-4	6	sealed_diagnostic	finqa_probe_slot:7d5ccdd39bad78dc5a7a1c32a5f0723ff8bfcecff1e6fc1d98fa84ef40007892	nonempty	4	valid	True	1.0	1.0	scored	unknown	additional_free_text_claims_not_semantically_verified		e0544e3545d746531c820412f3ed02c9ff3320416c168aafa421f8fa35e5c674
1303	BLK/2017/page_81.pdf-4	7	sealed_diagnostic	finqa_probe_slot:d02df9b8da9289eb01a2ab1e23a37a84aedf307b632aea0fe06a558d2f5aa035	nonempty	4	valid	True	1.0	1.0	scored	unknown	additional_free_text_claims_not_semantically_verified		a025ab89e5c6a945079dfa7ea138fe80c4a597a4bb0558f9d038d6cdee11260e
1304	KIM/2006/page_67.pdf-4	0	train	finqa_probe_slot:b4386d70e5696ae9b268a12ce0418d03e30e71ed0ba49dc5dd7c44ed2b9a92a9	nonempty	2	valid	True	0.0	0.0	scored	unknown	additional_free_text_claims_not_semantically_verified		3ebbfdd057b9bc95ccde918447c1fb58ea6e28ca41da07a885f3ba9ae24f36de
1305	KIM/2006/page_67.pdf-4	1	train	finqa_probe_slot:fe066fb889e499be1ae74466f7cca31df8f34d55c2b1ded3b1f5888239358f23	nonempty	2	valid	True	0.0	0.0	scored	unknown	additional_free_text_claims_not_semantically_verified		fc4fc9b026735bb8ab4beb0c0eac98c5592d8c861cc95e73815a9423ea29c766
1306	KIM/2006/page_67.pdf-4	2	train	finqa_probe_slot:abcc2e57f22b79ada0f7d7b00180b6a2eb6304a07326c9c888363a1363860198	nonempty	2	valid	True	0.0	0.0	scored	unknown	additional_free_text_claims_not_semantically_verified		26c839ad83602b027afacf35d0e855b1a2c2b710e01688b6d2123a2dab30151c
1307	KIM/2006/page_67.pdf-4	3	train	finqa_probe_slot:fb0f426351c1a0f326d4f7d7c55ded518bee138f5b1e5cd2e814dcc76fe1defd	nonempty	3	valid	True	0.0	0.0	scored	unknown	additional_free_text_claims_not_semantically_verified		00c3d6a9f9afa536af5def78ad2c94a006e6e8414c820e10ddbc0f610b673600
1308	KIM/2006/page_67.pdf-4	4	train	finqa_probe_slot:1b717e3dce336c3099c8f2107ee3b6577143e6ad7f1bfee65ecf05341b3977ef	nonempty	1	valid	True	0.0	0.0	scored	unknown	additional_free_text_claims_not_semantically_verified		c2ee32e9bf7154e00a7eb9f7b68e2d80356bacab2429c826de506d11c89a1225
1309	KIM/2006/page_67.pdf-4	5	train	finqa_probe_slot:e1ba2970c9b5ba90d97b5851290a92b2691fff40274457ab8da212f9939a3673	nonempty	2	valid	True	0.0	0.0	scored	unknown	additional_free_text_claims_not_semantically_verified		4a9f8b63321a88fa43ca94d94decd5f6ebaf263bd676c96cf194bb777ae7e995
1310	KIM/2006/page_67.pdf-4	6	sealed_diagnostic	finqa_probe_slot:11480c92211f3c0255e16db6f3398a4e8f49d458add8df8936b70692045e5711	nonempty	2	valid	True	0.0	0.0	scored	unknown	additional_free_text_claims_not_semantically_verified		f4d07f3fccd5492301b7b87406ff1bbf384ce244cf20c9fd08048ad35d27f128
1311	KIM/2006/page_67.pdf-4	7	sealed_diagnostic	finqa_probe_slot:4d03746aede0fc96ce8a1e460adb5e1d07b6243b429340e16ea20bb59a863e2f	nonempty	3	valid	True	0.0	0.0	scored	unknown	additional_free_text_claims_not_semantically_verified		7babd055d985f993daee527a13cf76fd32da1a4984a1ef501210879884ef2c10
1312	BDX/2009/page_81.pdf-4	0	train	finqa_probe_slot:aebe8bdcd5b7803d6c8e0da4a50af3f34f1dc70916ea8e766aaab4cf4e86a46b	nonempty	2	valid	True	0.0	0.0	scored	unknown	additional_free_text_claims_not_semantically_verified		33348e77cfa8d62985427e12561e9d9bfb1b173d3fa96e617d43291e41189940
1313	BDX/2009/page_81.pdf-4	1	train	finqa_probe_slot:4e02efa785694a3b1102e3cdb779e322b8cc5b1dce6d3a74a58c17cf5ce5515f	nonempty	3	valid	True	0.0	0.0	scored	unknown	additional_free_text_claims_not_semantically_verified		028482bd251e47dc6a5bcad1da491fc669ea794ac2c7f2dc8314e0800bbc53d6
1314	BDX/2009/page_81.pdf-4	2	train	finqa_probe_slot:dbf5d3b2c1dda5ff802db54fc4727541b19ac8fc98b5254303b7c692b98ccd96	empty	0	valid	True	0.0	0.0	scored	invalid	submitted_program_result_contradicts_anchored_task		9f65c8ecee89c566c6b71f2341a254ee3f9b46cbeae179890e8e117d8adedbed
1315	BDX/2009/page_81.pdf-4	3	train	finqa_probe_slot:77ea15c94751c830b1e11eaefc550827f9658969111215cae896a8b35d3a08b2	nonempty	2	valid	True	1.0	1.0	scored	unknown	additional_free_text_claims_not_semantically_verified		13c6bbbac612c7949ec1b61d4f1e470159cf2d1217f6c7242e8381e3c29bc908
1316	BDX/2009/page_81.pdf-4	4	train	finqa_probe_slot:33234fd7fa39a46a9326c1ade4a2a279410f420e9e04b30d3ad124441d32cea3	nonempty	1	valid	True	0.0	0.0	scored	unknown	additional_free_text_claims_not_semantically_verified		c147be44616b13a50081dfadc1438bd3e497d6f479ed3a2a31ded5b79bf0db0b
1317	BDX/2009/page_81.pdf-4	5	train	finqa_probe_slot:7a9d2a0207a9b70bd09febcf02527a98bddaf019dcc80b10c47887cebaea74a9	nonempty	1	valid	True	1.0	1.0	scored	unknown	additional_free_text_claims_not_semantically_verified		e0db7e3c44f5241f5d949297c1360cdca8e4bfd1ac67da2cd7955c969564f84c
1318	BDX/2009/page_81.pdf-4	6	sealed_diagnostic	finqa_probe_slot:203e6e29724b2f83ba94455b78b299c4c39123e0266d5ebe30e468b81dcd6ccc	nonempty	2	valid	True	1.0	1.0	scored	unknown	additional_free_text_claims_not_semantically_verified		bebb108b3072681cc73f09438f2a4370fdfd55917cd1a86ce7b960122ffca75f
1319	BDX/2009/page_81.pdf-4	7	sealed_diagnostic	finqa_probe_slot:3cfc969e7583a93e6d596de2657a2068b01d24b369e91411dff6cd8f5dc95565	nonempty	3	valid	True	0.0	0.0	scored	unknown	additional_free_text_claims_not_semantically_verified		e2eceac2be6dab346f58ce3448493e8d71130ba4c775816317f0d7bbac3d03e2
