task_id,CIK,group,seed,Q_alpha0,Q_plus,Q_minus,plus_minus_alpha0,minus_minus_alpha0,alpha0_terminal,alpha0_reason,alpha0_training_configuration_id,alpha0_training_backend,plus_terminal,plus_reason,plus_training_configuration_id,plus_training_backend,minus_terminal,minus_reason,minus_training_configuration_id,minus_training_backend
task_019080fcd9b533bb3e8ea2d36fd00b1ff1cb6904e94296854032e8c9162571da,cik:0000021344,other_financial,11,0,0,0,0,0,response_budget_exhausted,no_final,training_configuration:66e33251935910fe6c18c3aaafd50ad045d1f4946a1be1688da3a4b097bdf34d,single_GPU,response_budget_exhausted,no_final,training_configuration:66e33251935910fe6c18c3aaafd50ad045d1f4946a1be1688da3a4b097bdf34d,single_GPU,response_budget_exhausted,no_final,training_configuration:66e33251935910fe6c18c3aaafd50ad045d1f4946a1be1688da3a4b097bdf34d,single_GPU
task_019080fcd9b533bb3e8ea2d36fd00b1ff1cb6904e94296854032e8c9162571da,cik:0000021344,other_financial,29,0,0,0,0,0,response_budget_exhausted,no_final,training_configuration:66e33251935910fe6c18c3aaafd50ad045d1f4946a1be1688da3a4b097bdf34d,single_GPU,response_budget_exhausted,no_final,training_configuration:66e33251935910fe6c18c3aaafd50ad045d1f4946a1be1688da3a4b097bdf34d,single_GPU,response_budget_exhausted,no_final,training_configuration:66e33251935910fe6c18c3aaafd50ad045d1f4946a1be1688da3a4b097bdf34d,single_GPU
task_019080fcd9b533bb3e8ea2d36fd00b1ff1cb6904e94296854032e8c9162571da,cik:0000021344,other_financial,47,0,0,0,0,0,response_budget_exhausted,no_final,training_configuration:66e33251935910fe6c18c3aaafd50ad045d1f4946a1be1688da3a4b097bdf34d,single_GPU,response_budget_exhausted,no_final,training_configuration:66e33251935910fe6c18c3aaafd50ad045d1f4946a1be1688da3a4b097bdf34d,single_GPU,first_final,assessment.final_selected_actual_period,training_configuration:9959a7beb582708e6e56e89a63d55e5cb44f2a2f524eadaef711ce1b3070e76d,8GPU_global_SUM
task_02e4542ceffef12de844a17d56f2b4a6548619303c938d5280b32febeec0f99f,cik:0000804328,composition_required,11,0,0,0,0,0,first_final,assessment.mean_requires_all_three_actual_interval_amounts,training_configuration:66e33251935910fe6c18c3aaafd50ad045d1f4946a1be1688da3a4b097bdf34d,single_GPU,first_final,assessment.mean_requires_all_three_actual_interval_amounts,training_configuration:66e33251935910fe6c18c3aaafd50ad045d1f4946a1be1688da3a4b097bdf34d,single_GPU,first_final,assessment.mean_requires_all_three_actual_interval_amounts,training_configuration:66e33251935910fe6c18c3aaafd50ad045d1f4946a1be1688da3a4b097bdf34d,single_GPU
task_02e4542ceffef12de844a17d56f2b4a6548619303c938d5280b32febeec0f99f,cik:0000804328,composition_required,29,0,1,0,1,0,first_final,assessment.mean_requires_all_three_actual_interval_amounts,training_configuration:66e33251935910fe6c18c3aaafd50ad045d1f4946a1be1688da3a4b097bdf34d,single_GPU,first_final,PASS,training_configuration:66e33251935910fe6c18c3aaafd50ad045d1f4946a1be1688da3a4b097bdf34d,single_GPU,first_final,assessment.mean_requires_all_three_actual_interval_amounts,training_configuration:66e33251935910fe6c18c3aaafd50ad045d1f4946a1be1688da3a4b097bdf34d,single_GPU
task_02e4542ceffef12de844a17d56f2b4a6548619303c938d5280b32febeec0f99f,cik:0000804328,composition_required,47,0,1,0,1,0,provider_error,no_final,training_configuration:66e33251935910fe6c18c3aaafd50ad045d1f4946a1be1688da3a4b097bdf34d,single_GPU,first_final,PASS,training_configuration:66e33251935910fe6c18c3aaafd50ad045d1f4946a1be1688da3a4b097bdf34d,single_GPU,provider_error,no_final,training_configuration:9959a7beb582708e6e56e89a63d55e5cb44f2a2f524eadaef711ce1b3070e76d,8GPU_global_SUM
task_033a8ed16031e9b3e0ddc8b4858873f4f99fe083ef9e9c44a34072a3b11a9fe8,cik:0000731766,composition_required,11,1,0,0,-1,-1,first_final,PASS,training_configuration:66e33251935910fe6c18c3aaafd50ad045d1f4946a1be1688da3a4b097bdf34d,single_GPU,provider_error,no_final,training_configuration:66e33251935910fe6c18c3aaafd50ad045d1f4946a1be1688da3a4b097bdf34d,single_GPU,provider_error,no_final,training_configuration:66e33251935910fe6c18c3aaafd50ad045d1f4946a1be1688da3a4b097bdf34d,single_GPU
task_033a8ed16031e9b3e0ddc8b4858873f4f99fe083ef9e9c44a34072a3b11a9fe8,cik:0000731766,composition_required,29,1,1,0,0,-1,first_final,PASS,training_configuration:66e33251935910fe6c18c3aaafd50ad045d1f4946a1be1688da3a4b097bdf34d,single_GPU,first_final,PASS,training_configuration:66e33251935910fe6c18c3aaafd50ad045d1f4946a1be1688da3a4b097bdf34d,single_GPU,provider_error,no_final,training_configuration:66e33251935910fe6c18c3aaafd50ad045d1f4946a1be1688da3a4b097bdf34d,single_GPU
task_033a8ed16031e9b3e0ddc8b4858873f4f99fe083ef9e9c44a34072a3b11a9fe8,cik:0000731766,composition_required,47,0,0,0,0,0,response_budget_exhausted,no_final,training_configuration:66e33251935910fe6c18c3aaafd50ad045d1f4946a1be1688da3a4b097bdf34d,single_GPU,response_budget_exhausted,no_final,training_configuration:66e33251935910fe6c18c3aaafd50ad045d1f4946a1be1688da3a4b097bdf34d,single_GPU,provider_error,no_final,training_configuration:9959a7beb582708e6e56e89a63d55e5cb44f2a2f524eadaef711ce1b3070e76d,8GPU_global_SUM
task_0377f89839d2f032bfc0cf6904588d22ad539fbe3562783535b84c10662982ae,cik:0000804328,other_financial,11,0,0,0,0,0,response_budget_exhausted,no_final,training_configuration:66e33251935910fe6c18c3aaafd50ad045d1f4946a1be1688da3a4b097bdf34d,single_GPU,response_budget_exhausted,no_final,training_configuration:66e33251935910fe6c18c3aaafd50ad045d1f4946a1be1688da3a4b097bdf34d,single_GPU,response_budget_exhausted,no_final,training_configuration:66e33251935910fe6c18c3aaafd50ad045d1f4946a1be1688da3a4b097bdf34d,single_GPU
task_0377f89839d2f032bfc0cf6904588d22ad539fbe3562783535b84c10662982ae,cik:0000804328,other_financial,29,0,0,0,0,0,response_budget_exhausted,no_final,training_configuration:66e33251935910fe6c18c3aaafd50ad045d1f4946a1be1688da3a4b097bdf34d,single_GPU,response_budget_exhausted,no_final,training_configuration:66e33251935910fe6c18c3aaafd50ad045d1f4946a1be1688da3a4b097bdf34d,single_GPU,response_budget_exhausted,no_final,training_configuration:66e33251935910fe6c18c3aaafd50ad045d1f4946a1be1688da3a4b097bdf34d,single_GPU
task_0377f89839d2f032bfc0cf6904588d22ad539fbe3562783535b84c10662982ae,cik:0000804328,other_financial,47,0,0,0,0,0,response_budget_exhausted,no_final,training_configuration:66e33251935910fe6c18c3aaafd50ad045d1f4946a1be1688da3a4b097bdf34d,single_GPU,first_final,assessment.selection_unique_public_candidate_period,training_configuration:66e33251935910fe6c18c3aaafd50ad045d1f4946a1be1688da3a4b097bdf34d,single_GPU,response_budget_exhausted,no_final,training_configuration:9959a7beb582708e6e56e89a63d55e5cb44f2a2f524eadaef711ce1b3070e76d,8GPU_global_SUM
task_04b2dad30c202ddf6942813ed466a33a4658e03411d8e5ff858c5920915b0b0d,cik:0000093410,dual_sufficient,11,0,0,0,0,0,first_final,assessment.final_not_supported_by_result,training_configuration:66e33251935910fe6c18c3aaafd50ad045d1f4946a1be1688da3a4b097bdf34d,single_GPU,first_final,assessment.final_not_supported_by_result,training_configuration:66e33251935910fe6c18c3aaafd50ad045d1f4946a1be1688da3a4b097bdf34d,single_GPU,response_budget_exhausted,no_final,training_configuration:66e33251935910fe6c18c3aaafd50ad045d1f4946a1be1688da3a4b097bdf34d,single_GPU
task_04b2dad30c202ddf6942813ed466a33a4658e03411d8e5ff858c5920915b0b0d,cik:0000093410,dual_sufficient,29,0,0,0,0,0,first_final,assessment.final_not_supported_by_result,training_configuration:66e33251935910fe6c18c3aaafd50ad045d1f4946a1be1688da3a4b097bdf34d,single_GPU,response_budget_exhausted,no_final,training_configuration:66e33251935910fe6c18c3aaafd50ad045d1f4946a1be1688da3a4b097bdf34d,single_GPU,response_budget_exhausted,no_final,training_configuration:66e33251935910fe6c18c3aaafd50ad045d1f4946a1be1688da3a4b097bdf34d,single_GPU
task_04b2dad30c202ddf6942813ed466a33a4658e03411d8e5ff858c5920915b0b0d,cik:0000093410,dual_sufficient,47,0,0,0,0,0,first_final,assessment.final_not_supported_by_result,training_configuration:66e33251935910fe6c18c3aaafd50ad045d1f4946a1be1688da3a4b097bdf34d,single_GPU,first_final,assessment.final_not_supported_by_result,training_configuration:66e33251935910fe6c18c3aaafd50ad045d1f4946a1be1688da3a4b097bdf34d,single_GPU,first_final,assessment.final_not_supported_by_result,training_configuration:9959a7beb582708e6e56e89a63d55e5cb44f2a2f524eadaef711ce1b3070e76d,8GPU_global_SUM
task_06a53a1985d8da44ff8a4a7e81bd39af73e80c6b90d85d5bb50e7e58b840969e,cik:0000796343,dual_sufficient,11,0,1,0,1,0,first_final,assessment.not_equivalent_under_admitted_public_relations,training_configuration:66e33251935910fe6c18c3aaafd50ad045d1f4946a1be1688da3a4b097bdf34d,single_GPU,first_final,PASS,training_configuration:66e33251935910fe6c18c3aaafd50ad045d1f4946a1be1688da3a4b097bdf34d,single_GPU,first_final,assessment.not_equivalent_under_admitted_public_relations,training_configuration:66e33251935910fe6c18c3aaafd50ad045d1f4946a1be1688da3a4b097bdf34d,single_GPU
task_06a53a1985d8da44ff8a4a7e81bd39af73e80c6b90d85d5bb50e7e58b840969e,cik:0000796343,dual_sufficient,29,0,0,0,0,0,first_final,assessment.not_equivalent_under_admitted_public_relations,training_configuration:66e33251935910fe6c18c3aaafd50ad045d1f4946a1be1688da3a4b097bdf34d,single_GPU,first_final,assessment.not_equivalent_under_admitted_public_relations,training_configuration:66e33251935910fe6c18c3aaafd50ad045d1f4946a1be1688da3a4b097bdf34d,single_GPU,first_final,assessment.not_equivalent_under_admitted_public_relations,training_configuration:66e33251935910fe6c18c3aaafd50ad045d1f4946a1be1688da3a4b097bdf34d,single_GPU
task_06a53a1985d8da44ff8a4a7e81bd39af73e80c6b90d85d5bb50e7e58b840969e,cik:0000796343,dual_sufficient,47,1,1,1,0,0,first_final,PASS,training_configuration:66e33251935910fe6c18c3aaafd50ad045d1f4946a1be1688da3a4b097bdf34d,single_GPU,first_final,PASS,training_configuration:66e33251935910fe6c18c3aaafd50ad045d1f4946a1be1688da3a4b097bdf34d,single_GPU,first_final,PASS,training_configuration:9959a7beb582708e6e56e89a63d55e5cb44f2a2f524eadaef711ce1b3070e76d,8GPU_global_SUM
task_08e885d991f6bd228de9cba0c3403bce15f4d5976a7f92e0aec6f044f18c97f6,cik:0000101829,other_financial,11,0,0,0,0,0,response_budget_exhausted,no_final,training_configuration:66e33251935910fe6c18c3aaafd50ad045d1f4946a1be1688da3a4b097bdf34d,single_GPU,response_budget_exhausted,no_final,training_configuration:66e33251935910fe6c18c3aaafd50ad045d1f4946a1be1688da3a4b097bdf34d,single_GPU,response_budget_exhausted,no_final,training_configuration:66e33251935910fe6c18c3aaafd50ad045d1f4946a1be1688da3a4b097bdf34d,single_GPU
task_08e885d991f6bd228de9cba0c3403bce15f4d5976a7f92e0aec6f044f18c97f6,cik:0000101829,other_financial,29,0,0,0,0,0,response_budget_exhausted,no_final,training_configuration:66e33251935910fe6c18c3aaafd50ad045d1f4946a1be1688da3a4b097bdf34d,single_GPU,response_budget_exhausted,no_final,training_configuration:66e33251935910fe6c18c3aaafd50ad045d1f4946a1be1688da3a4b097bdf34d,single_GPU,provider_error,no_final,training_configuration:66e33251935910fe6c18c3aaafd50ad045d1f4946a1be1688da3a4b097bdf34d,single_GPU
task_08e885d991f6bd228de9cba0c3403bce15f4d5976a7f92e0aec6f044f18c97f6,cik:0000101829,other_financial,47,0,0,0,0,0,response_budget_exhausted,no_final,training_configuration:66e33251935910fe6c18c3aaafd50ad045d1f4946a1be1688da3a4b097bdf34d,single_GPU,response_budget_exhausted,no_final,training_configuration:66e33251935910fe6c18c3aaafd50ad045d1f4946a1be1688da3a4b097bdf34d,single_GPU,response_budget_exhausted,no_final,training_configuration:9959a7beb582708e6e56e89a63d55e5cb44f2a2f524eadaef711ce1b3070e76d,8GPU_global_SUM
task_0a70671dce1e852d7717db50f8db049ae3e9577eaecb9a77fb87619ab4c3f115,cik:0001065280,other_financial,11,0,0,0,0,0,response_budget_exhausted,no_final,training_configuration:66e33251935910fe6c18c3aaafd50ad045d1f4946a1be1688da3a4b097bdf34d,single_GPU,response_budget_exhausted,no_final,training_configuration:66e33251935910fe6c18c3aaafd50ad045d1f4946a1be1688da3a4b097bdf34d,single_GPU,response_budget_exhausted,no_final,training_configuration:66e33251935910fe6c18c3aaafd50ad045d1f4946a1be1688da3a4b097bdf34d,single_GPU
task_0a70671dce1e852d7717db50f8db049ae3e9577eaecb9a77fb87619ab4c3f115,cik:0001065280,other_financial,29,0,0,0,0,0,response_budget_exhausted,no_final,training_configuration:66e33251935910fe6c18c3aaafd50ad045d1f4946a1be1688da3a4b097bdf34d,single_GPU,response_budget_exhausted,no_final,training_configuration:66e33251935910fe6c18c3aaafd50ad045d1f4946a1be1688da3a4b097bdf34d,single_GPU,response_budget_exhausted,no_final,training_configuration:66e33251935910fe6c18c3aaafd50ad045d1f4946a1be1688da3a4b097bdf34d,single_GPU
task_0a70671dce1e852d7717db50f8db049ae3e9577eaecb9a77fb87619ab4c3f115,cik:0001065280,other_financial,47,0,0,0,0,0,response_budget_exhausted,no_final,training_configuration:66e33251935910fe6c18c3aaafd50ad045d1f4946a1be1688da3a4b097bdf34d,single_GPU,response_budget_exhausted,no_final,training_configuration:66e33251935910fe6c18c3aaafd50ad045d1f4946a1be1688da3a4b097bdf34d,single_GPU,response_budget_exhausted,no_final,training_configuration:9959a7beb582708e6e56e89a63d55e5cb44f2a2f524eadaef711ce1b3070e76d,8GPU_global_SUM
task_0a989eac1b6a621bea96f491b9d93e7cbc3a197c22210d16f0ab81205484e633,cik:0000093410,composition_required,11,0,0,0,0,0,provider_error,no_final,training_configuration:66e33251935910fe6c18c3aaafd50ad045d1f4946a1be1688da3a4b097bdf34d,single_GPU,provider_error,no_final,training_configuration:66e33251935910fe6c18c3aaafd50ad045d1f4946a1be1688da3a4b097bdf34d,single_GPU,provider_error,no_final,training_configuration:66e33251935910fe6c18c3aaafd50ad045d1f4946a1be1688da3a4b097bdf34d,single_GPU
task_0a989eac1b6a621bea96f491b9d93e7cbc3a197c22210d16f0ab81205484e633,cik:0000093410,composition_required,29,0,0,0,0,0,response_budget_exhausted,no_final,training_configuration:66e33251935910fe6c18c3aaafd50ad045d1f4946a1be1688da3a4b097bdf34d,single_GPU,provider_error,no_final,training_configuration:66e33251935910fe6c18c3aaafd50ad045d1f4946a1be1688da3a4b097bdf34d,single_GPU,response_budget_exhausted,no_final,training_configuration:66e33251935910fe6c18c3aaafd50ad045d1f4946a1be1688da3a4b097bdf34d,single_GPU
task_0a989eac1b6a621bea96f491b9d93e7cbc3a197c22210d16f0ab81205484e633,cik:0000093410,composition_required,47,0,0,0,0,0,response_budget_exhausted,no_final,training_configuration:66e33251935910fe6c18c3aaafd50ad045d1f4946a1be1688da3a4b097bdf34d,single_GPU,provider_error,no_final,training_configuration:66e33251935910fe6c18c3aaafd50ad045d1f4946a1be1688da3a4b097bdf34d,single_GPU,response_budget_exhausted,no_final,training_configuration:9959a7beb582708e6e56e89a63d55e5cb44f2a2f524eadaef711ce1b3070e76d,8GPU_global_SUM
task_0b1828e18004cf41d965a58a5075e2e9f829bc1cce7901735d1383090731e180,cik:0000796343,dual_sufficient,11,1,1,1,0,0,first_final,PASS,training_configuration:66e33251935910fe6c18c3aaafd50ad045d1f4946a1be1688da3a4b097bdf34d,single_GPU,first_final,PASS,training_configuration:66e33251935910fe6c18c3aaafd50ad045d1f4946a1be1688da3a4b097bdf34d,single_GPU,first_final,PASS,training_configuration:66e33251935910fe6c18c3aaafd50ad045d1f4946a1be1688da3a4b097bdf34d,single_GPU
task_0b1828e18004cf41d965a58a5075e2e9f829bc1cce7901735d1383090731e180,cik:0000796343,dual_sufficient,29,1,1,1,0,0,first_final,PASS,training_configuration:66e33251935910fe6c18c3aaafd50ad045d1f4946a1be1688da3a4b097bdf34d,single_GPU,first_final,PASS,training_configuration:66e33251935910fe6c18c3aaafd50ad045d1f4946a1be1688da3a4b097bdf34d,single_GPU,first_final,PASS,training_configuration:66e33251935910fe6c18c3aaafd50ad045d1f4946a1be1688da3a4b097bdf34d,single_GPU
task_0b1828e18004cf41d965a58a5075e2e9f829bc1cce7901735d1383090731e180,cik:0000796343,dual_sufficient,47,1,1,1,0,0,first_final,PASS,training_configuration:66e33251935910fe6c18c3aaafd50ad045d1f4946a1be1688da3a4b097bdf34d,single_GPU,first_final,PASS,training_configuration:66e33251935910fe6c18c3aaafd50ad045d1f4946a1be1688da3a4b097bdf34d,single_GPU,first_final,PASS,training_configuration:9959a7beb582708e6e56e89a63d55e5cb44f2a2f524eadaef711ce1b3070e76d,8GPU_global_SUM
task_0b68d233c2cd4324ceac46dc8d070d921ff427cfdc352451bb2ba37bbc53cf7e,cik:0000796343,dual_sufficient,11,1,0,1,-1,0,first_final,PASS,training_configuration:66e33251935910fe6c18c3aaafd50ad045d1f4946a1be1688da3a4b097bdf34d,single_GPU,first_final,assessment.final_not_supported_by_result,training_configuration:66e33251935910fe6c18c3aaafd50ad045d1f4946a1be1688da3a4b097bdf34d,single_GPU,first_final,PASS,training_configuration:66e33251935910fe6c18c3aaafd50ad045d1f4946a1be1688da3a4b097bdf34d,single_GPU
task_0b68d233c2cd4324ceac46dc8d070d921ff427cfdc352451bb2ba37bbc53cf7e,cik:0000796343,dual_sufficient,29,0,0,1,0,1,first_final,assessment.final_not_supported_by_result,training_configuration:66e33251935910fe6c18c3aaafd50ad045d1f4946a1be1688da3a4b097bdf34d,single_GPU,response_budget_exhausted,no_final,training_configuration:66e33251935910fe6c18c3aaafd50ad045d1f4946a1be1688da3a4b097bdf34d,single_GPU,first_final,PASS,training_configuration:66e33251935910fe6c18c3aaafd50ad045d1f4946a1be1688da3a4b097bdf34d,single_GPU
task_0b68d233c2cd4324ceac46dc8d070d921ff427cfdc352451bb2ba37bbc53cf7e,cik:0000796343,dual_sufficient,47,0,1,0,1,0,first_final,assessment.final_not_supported_by_result,training_configuration:66e33251935910fe6c18c3aaafd50ad045d1f4946a1be1688da3a4b097bdf34d,single_GPU,first_final,PASS,training_configuration:66e33251935910fe6c18c3aaafd50ad045d1f4946a1be1688da3a4b097bdf34d,single_GPU,first_final,assessment.final_not_supported_by_result,training_configuration:9959a7beb582708e6e56e89a63d55e5cb44f2a2f524eadaef711ce1b3070e76d,8GPU_global_SUM
task_0c507a3411f138865e3c21d8a8df6738f3f086aaa780f703c3105741a7bd69c9,cik:0000796343,dual_sufficient,11,0,0,0,0,0,first_final,assessment.final_not_supported_by_result,training_configuration:66e33251935910fe6c18c3aaafd50ad045d1f4946a1be1688da3a4b097bdf34d,single_GPU,first_final,assessment.final_not_supported_by_result,training_configuration:66e33251935910fe6c18c3aaafd50ad045d1f4946a1be1688da3a4b097bdf34d,single_GPU,first_final,assessment.final_not_supported_by_result,training_configuration:66e33251935910fe6c18c3aaafd50ad045d1f4946a1be1688da3a4b097bdf34d,single_GPU
task_0c507a3411f138865e3c21d8a8df6738f3f086aaa780f703c3105741a7bd69c9,cik:0000796343,dual_sufficient,29,0,0,0,0,0,first_final,assessment.final_not_supported_by_result,training_configuration:66e33251935910fe6c18c3aaafd50ad045d1f4946a1be1688da3a4b097bdf34d,single_GPU,first_final,assessment.final_not_supported_by_result,training_configuration:66e33251935910fe6c18c3aaafd50ad045d1f4946a1be1688da3a4b097bdf34d,single_GPU,first_final,assessment.final_not_supported_by_result,training_configuration:66e33251935910fe6c18c3aaafd50ad045d1f4946a1be1688da3a4b097bdf34d,single_GPU
task_0c507a3411f138865e3c21d8a8df6738f3f086aaa780f703c3105741a7bd69c9,cik:0000796343,dual_sufficient,47,0,0,0,0,0,first_final,assessment.final_not_supported_by_result,training_configuration:66e33251935910fe6c18c3aaafd50ad045d1f4946a1be1688da3a4b097bdf34d,single_GPU,first_final,assessment.final_not_supported_by_result,training_configuration:66e33251935910fe6c18c3aaafd50ad045d1f4946a1be1688da3a4b097bdf34d,single_GPU,first_final,assessment.final_not_supported_by_result,training_configuration:9959a7beb582708e6e56e89a63d55e5cb44f2a2f524eadaef711ce1b3070e76d,8GPU_global_SUM
task_0cb15f6d225a54253faf0d6b34df82ea464640437ed9e32aa7e49c7de7c7ea1b,cik:0000072971,composition_required,11,0,0,1,0,1,response_budget_exhausted,no_final,training_configuration:66e33251935910fe6c18c3aaafd50ad045d1f4946a1be1688da3a4b097bdf34d,single_GPU,response_budget_exhausted,no_final,training_configuration:66e33251935910fe6c18c3aaafd50ad045d1f4946a1be1688da3a4b097bdf34d,single_GPU,first_final,PASS,training_configuration:66e33251935910fe6c18c3aaafd50ad045d1f4946a1be1688da3a4b097bdf34d,single_GPU
task_0cb15f6d225a54253faf0d6b34df82ea464640437ed9e32aa7e49c7de7c7ea1b,cik:0000072971,composition_required,29,0,0,0,0,0,response_budget_exhausted,no_final,training_configuration:66e33251935910fe6c18c3aaafd50ad045d1f4946a1be1688da3a4b097bdf34d,single_GPU,response_budget_exhausted,no_final,training_configuration:66e33251935910fe6c18c3aaafd50ad045d1f4946a1be1688da3a4b097bdf34d,single_GPU,response_budget_exhausted,no_final,training_configuration:66e33251935910fe6c18c3aaafd50ad045d1f4946a1be1688da3a4b097bdf34d,single_GPU
task_0cb15f6d225a54253faf0d6b34df82ea464640437ed9e32aa7e49c7de7c7ea1b,cik:0000072971,composition_required,47,0,0,0,0,0,response_budget_exhausted,no_final,training_configuration:66e33251935910fe6c18c3aaafd50ad045d1f4946a1be1688da3a4b097bdf34d,single_GPU,response_budget_exhausted,no_final,training_configuration:66e33251935910fe6c18c3aaafd50ad045d1f4946a1be1688da3a4b097bdf34d,single_GPU,response_budget_exhausted,no_final,training_configuration:9959a7beb582708e6e56e89a63d55e5cb44f2a2f524eadaef711ce1b3070e76d,8GPU_global_SUM
task_0ccf84284c305593a73ba083e9dd673ff5efbd0d3ef92e004c7311bd1b6fa957,cik:0001403161,dual_sufficient,11,1,1,1,0,0,first_final,PASS,training_configuration:66e33251935910fe6c18c3aaafd50ad045d1f4946a1be1688da3a4b097bdf34d,single_GPU,first_final,PASS,training_configuration:66e33251935910fe6c18c3aaafd50ad045d1f4946a1be1688da3a4b097bdf34d,single_GPU,first_final,PASS,training_configuration:66e33251935910fe6c18c3aaafd50ad045d1f4946a1be1688da3a4b097bdf34d,single_GPU
task_0ccf84284c305593a73ba083e9dd673ff5efbd0d3ef92e004c7311bd1b6fa957,cik:0001403161,dual_sufficient,29,1,1,1,0,0,first_final,PASS,training_configuration:66e33251935910fe6c18c3aaafd50ad045d1f4946a1be1688da3a4b097bdf34d,single_GPU,first_final,PASS,training_configuration:66e33251935910fe6c18c3aaafd50ad045d1f4946a1be1688da3a4b097bdf34d,single_GPU,first_final,PASS,training_configuration:66e33251935910fe6c18c3aaafd50ad045d1f4946a1be1688da3a4b097bdf34d,single_GPU
task_0ccf84284c305593a73ba083e9dd673ff5efbd0d3ef92e004c7311bd1b6fa957,cik:0001403161,dual_sufficient,47,1,1,1,0,0,first_final,PASS,training_configuration:66e33251935910fe6c18c3aaafd50ad045d1f4946a1be1688da3a4b097bdf34d,single_GPU,first_final,PASS,training_configuration:66e33251935910fe6c18c3aaafd50ad045d1f4946a1be1688da3a4b097bdf34d,single_GPU,first_final,PASS,training_configuration:9959a7beb582708e6e56e89a63d55e5cb44f2a2f524eadaef711ce1b3070e76d,8GPU_global_SUM
task_0e185db931c40fdec775b01f3e50654de943cccc19f4ac98e3b8e022b1ee5212,cik:0001403161,composition_required,11,0,0,0,0,0,provider_error,no_final,training_configuration:66e33251935910fe6c18c3aaafd50ad045d1f4946a1be1688da3a4b097bdf34d,single_GPU,response_budget_exhausted,no_final,training_configuration:66e33251935910fe6c18c3aaafd50ad045d1f4946a1be1688da3a4b097bdf34d,single_GPU,provider_error,no_final,training_configuration:66e33251935910fe6c18c3aaafd50ad045d1f4946a1be1688da3a4b097bdf34d,single_GPU
task_0e185db931c40fdec775b01f3e50654de943cccc19f4ac98e3b8e022b1ee5212,cik:0001403161,composition_required,29,0,0,0,0,0,response_budget_exhausted,no_final,training_configuration:66e33251935910fe6c18c3aaafd50ad045d1f4946a1be1688da3a4b097bdf34d,single_GPU,response_budget_exhausted,no_final,training_configuration:66e33251935910fe6c18c3aaafd50ad045d1f4946a1be1688da3a4b097bdf34d,single_GPU,first_final,assessment.mean_requires_all_three_actual_interval_amounts,training_configuration:66e33251935910fe6c18c3aaafd50ad045d1f4946a1be1688da3a4b097bdf34d,single_GPU
task_0e185db931c40fdec775b01f3e50654de943cccc19f4ac98e3b8e022b1ee5212,cik:0001403161,composition_required,47,0,0,0,0,0,response_budget_exhausted,no_final,training_configuration:66e33251935910fe6c18c3aaafd50ad045d1f4946a1be1688da3a4b097bdf34d,single_GPU,response_budget_exhausted,no_final,training_configuration:66e33251935910fe6c18c3aaafd50ad045d1f4946a1be1688da3a4b097bdf34d,single_GPU,response_budget_exhausted,no_final,training_configuration:9959a7beb582708e6e56e89a63d55e5cb44f2a2f524eadaef711ce1b3070e76d,8GPU_global_SUM
task_103e397ee0769324dc0e368fc709ac1cee12e3b4e38352d4b33525f963cb3e54,cik:0000092122,composition_required,11,0,0,0,0,0,provider_error,no_final,training_configuration:66e33251935910fe6c18c3aaafd50ad045d1f4946a1be1688da3a4b097bdf34d,single_GPU,provider_error,no_final,training_configuration:66e33251935910fe6c18c3aaafd50ad045d1f4946a1be1688da3a4b097bdf34d,single_GPU,provider_error,no_final,training_configuration:66e33251935910fe6c18c3aaafd50ad045d1f4946a1be1688da3a4b097bdf34d,single_GPU
task_103e397ee0769324dc0e368fc709ac1cee12e3b4e38352d4b33525f963cb3e54,cik:0000092122,composition_required,29,1,1,1,0,0,first_final,PASS,training_configuration:66e33251935910fe6c18c3aaafd50ad045d1f4946a1be1688da3a4b097bdf34d,single_GPU,first_final,PASS,training_configuration:66e33251935910fe6c18c3aaafd50ad045d1f4946a1be1688da3a4b097bdf34d,single_GPU,first_final,PASS,training_configuration:66e33251935910fe6c18c3aaafd50ad045d1f4946a1be1688da3a4b097bdf34d,single_GPU
task_103e397ee0769324dc0e368fc709ac1cee12e3b4e38352d4b33525f963cb3e54,cik:0000092122,composition_required,47,0,0,0,0,0,response_budget_exhausted,no_final,training_configuration:66e33251935910fe6c18c3aaafd50ad045d1f4946a1be1688da3a4b097bdf34d,single_GPU,response_budget_exhausted,no_final,training_configuration:66e33251935910fe6c18c3aaafd50ad045d1f4946a1be1688da3a4b097bdf34d,single_GPU,provider_error,no_final,training_configuration:9959a7beb582708e6e56e89a63d55e5cb44f2a2f524eadaef711ce1b3070e76d,8GPU_global_SUM
task_11c4470fd6f1474f42a1ffb8fc6298772714a8a0ed527c4c9ee673da8651c818,cik:0000072971,composition_required,11,0,0,0,0,0,provider_error,no_final,training_configuration:66e33251935910fe6c18c3aaafd50ad045d1f4946a1be1688da3a4b097bdf34d,single_GPU,first_final,assessment.mean_requires_all_three_actual_interval_amounts,training_configuration:66e33251935910fe6c18c3aaafd50ad045d1f4946a1be1688da3a4b097bdf34d,single_GPU,provider_error,no_final,training_configuration:66e33251935910fe6c18c3aaafd50ad045d1f4946a1be1688da3a4b097bdf34d,single_GPU
task_11c4470fd6f1474f42a1ffb8fc6298772714a8a0ed527c4c9ee673da8651c818,cik:0000072971,composition_required,29,0,0,0,0,0,response_budget_exhausted,no_final,training_configuration:66e33251935910fe6c18c3aaafd50ad045d1f4946a1be1688da3a4b097bdf34d,single_GPU,response_budget_exhausted,no_final,training_configuration:66e33251935910fe6c18c3aaafd50ad045d1f4946a1be1688da3a4b097bdf34d,single_GPU,response_budget_exhausted,no_final,training_configuration:66e33251935910fe6c18c3aaafd50ad045d1f4946a1be1688da3a4b097bdf34d,single_GPU
task_11c4470fd6f1474f42a1ffb8fc6298772714a8a0ed527c4c9ee673da8651c818,cik:0000072971,composition_required,47,0,0,0,0,0,response_budget_exhausted,no_final,training_configuration:66e33251935910fe6c18c3aaafd50ad045d1f4946a1be1688da3a4b097bdf34d,single_GPU,provider_error,no_final,training_configuration:66e33251935910fe6c18c3aaafd50ad045d1f4946a1be1688da3a4b097bdf34d,single_GPU,response_budget_exhausted,no_final,training_configuration:9959a7beb582708e6e56e89a63d55e5cb44f2a2f524eadaef711ce1b3070e76d,8GPU_global_SUM
task_1214c5bc0240da270dc8bda3204c3852101d4f314d17d676fb49d497c3e6a89a,cik:0000796343,dual_sufficient,11,1,1,1,0,0,first_final,PASS,training_configuration:66e33251935910fe6c18c3aaafd50ad045d1f4946a1be1688da3a4b097bdf34d,single_GPU,first_final,PASS,training_configuration:66e33251935910fe6c18c3aaafd50ad045d1f4946a1be1688da3a4b097bdf34d,single_GPU,first_final,PASS,training_configuration:66e33251935910fe6c18c3aaafd50ad045d1f4946a1be1688da3a4b097bdf34d,single_GPU
task_1214c5bc0240da270dc8bda3204c3852101d4f314d17d676fb49d497c3e6a89a,cik:0000796343,dual_sufficient,29,1,1,1,0,0,first_final,PASS,training_configuration:66e33251935910fe6c18c3aaafd50ad045d1f4946a1be1688da3a4b097bdf34d,single_GPU,first_final,PASS,training_configuration:66e33251935910fe6c18c3aaafd50ad045d1f4946a1be1688da3a4b097bdf34d,single_GPU,first_final,PASS,training_configuration:66e33251935910fe6c18c3aaafd50ad045d1f4946a1be1688da3a4b097bdf34d,single_GPU
task_1214c5bc0240da270dc8bda3204c3852101d4f314d17d676fb49d497c3e6a89a,cik:0000796343,dual_sufficient,47,1,1,1,0,0,first_final,PASS,training_configuration:66e33251935910fe6c18c3aaafd50ad045d1f4946a1be1688da3a4b097bdf34d,single_GPU,first_final,PASS,training_configuration:66e33251935910fe6c18c3aaafd50ad045d1f4946a1be1688da3a4b097bdf34d,single_GPU,first_final,PASS,training_configuration:9959a7beb582708e6e56e89a63d55e5cb44f2a2f524eadaef711ce1b3070e76d,8GPU_global_SUM
task_136c04f4484e21a78b58c5ae933aef0aef5f57a8b0be5e200d6e6764b3504473,cik:0000093410,composition_required,11,1,1,0,0,-1,first_final,PASS,training_configuration:66e33251935910fe6c18c3aaafd50ad045d1f4946a1be1688da3a4b097bdf34d,single_GPU,first_final,PASS,training_configuration:66e33251935910fe6c18c3aaafd50ad045d1f4946a1be1688da3a4b097bdf34d,single_GPU,provider_error,no_final,training_configuration:66e33251935910fe6c18c3aaafd50ad045d1f4946a1be1688da3a4b097bdf34d,single_GPU
task_136c04f4484e21a78b58c5ae933aef0aef5f57a8b0be5e200d6e6764b3504473,cik:0000093410,composition_required,29,0,1,0,1,0,provider_error,no_final,training_configuration:66e33251935910fe6c18c3aaafd50ad045d1f4946a1be1688da3a4b097bdf34d,single_GPU,first_final,PASS,training_configuration:66e33251935910fe6c18c3aaafd50ad045d1f4946a1be1688da3a4b097bdf34d,single_GPU,response_budget_exhausted,no_final,training_configuration:66e33251935910fe6c18c3aaafd50ad045d1f4946a1be1688da3a4b097bdf34d,single_GPU
task_136c04f4484e21a78b58c5ae933aef0aef5f57a8b0be5e200d6e6764b3504473,cik:0000093410,composition_required,47,0,0,1,0,1,provider_error,no_final,training_configuration:66e33251935910fe6c18c3aaafd50ad045d1f4946a1be1688da3a4b097bdf34d,single_GPU,provider_error,no_final,training_configuration:66e33251935910fe6c18c3aaafd50ad045d1f4946a1be1688da3a4b097bdf34d,single_GPU,first_final,PASS,training_configuration:9959a7beb582708e6e56e89a63d55e5cb44f2a2f524eadaef711ce1b3070e76d,8GPU_global_SUM
task_138f919e84593a77ed8f841f7cfa3304293433a40825a22c2cd9ab5161cba3c9,cik:0000109198,composition_required,11,1,1,1,0,0,first_final,PASS,training_configuration:66e33251935910fe6c18c3aaafd50ad045d1f4946a1be1688da3a4b097bdf34d,single_GPU,first_final,PASS,training_configuration:66e33251935910fe6c18c3aaafd50ad045d1f4946a1be1688da3a4b097bdf34d,single_GPU,first_final,PASS,training_configuration:66e33251935910fe6c18c3aaafd50ad045d1f4946a1be1688da3a4b097bdf34d,single_GPU
task_138f919e84593a77ed8f841f7cfa3304293433a40825a22c2cd9ab5161cba3c9,cik:0000109198,composition_required,29,1,1,1,0,0,first_final,PASS,training_configuration:66e33251935910fe6c18c3aaafd50ad045d1f4946a1be1688da3a4b097bdf34d,single_GPU,first_final,PASS,training_configuration:66e33251935910fe6c18c3aaafd50ad045d1f4946a1be1688da3a4b097bdf34d,single_GPU,first_final,PASS,training_configuration:66e33251935910fe6c18c3aaafd50ad045d1f4946a1be1688da3a4b097bdf34d,single_GPU
task_138f919e84593a77ed8f841f7cfa3304293433a40825a22c2cd9ab5161cba3c9,cik:0000109198,composition_required,47,1,1,1,0,0,first_final,PASS,training_configuration:66e33251935910fe6c18c3aaafd50ad045d1f4946a1be1688da3a4b097bdf34d,single_GPU,first_final,PASS,training_configuration:66e33251935910fe6c18c3aaafd50ad045d1f4946a1be1688da3a4b097bdf34d,single_GPU,first_final,PASS,training_configuration:9959a7beb582708e6e56e89a63d55e5cb44f2a2f524eadaef711ce1b3070e76d,8GPU_global_SUM
task_14ad67b5c98e27752a45a7f13224773703be3b5b281982c29528bdf8fe24b01f,cik:0000796343,dual_sufficient,11,0,0,0,0,0,first_final,assessment.final_not_supported_by_result,training_configuration:66e33251935910fe6c18c3aaafd50ad045d1f4946a1be1688da3a4b097bdf34d,single_GPU,provider_error,no_final,training_configuration:66e33251935910fe6c18c3aaafd50ad045d1f4946a1be1688da3a4b097bdf34d,single_GPU,first_final,assessment.final_not_supported_by_result,training_configuration:66e33251935910fe6c18c3aaafd50ad045d1f4946a1be1688da3a4b097bdf34d,single_GPU
task_14ad67b5c98e27752a45a7f13224773703be3b5b281982c29528bdf8fe24b01f,cik:0000796343,dual_sufficient,29,0,0,0,0,0,first_final,assessment.final_not_supported_by_result,training_configuration:66e33251935910fe6c18c3aaafd50ad045d1f4946a1be1688da3a4b097bdf34d,single_GPU,provider_error,no_final,training_configuration:66e33251935910fe6c18c3aaafd50ad045d1f4946a1be1688da3a4b097bdf34d,single_GPU,provider_error,no_final,training_configuration:66e33251935910fe6c18c3aaafd50ad045d1f4946a1be1688da3a4b097bdf34d,single_GPU
task_14ad67b5c98e27752a45a7f13224773703be3b5b281982c29528bdf8fe24b01f,cik:0000796343,dual_sufficient,47,0,0,0,0,0,provider_error,no_final,training_configuration:66e33251935910fe6c18c3aaafd50ad045d1f4946a1be1688da3a4b097bdf34d,single_GPU,provider_error,no_final,training_configuration:66e33251935910fe6c18c3aaafd50ad045d1f4946a1be1688da3a4b097bdf34d,single_GPU,first_final,assessment.final_not_supported_by_result,training_configuration:9959a7beb582708e6e56e89a63d55e5cb44f2a2f524eadaef711ce1b3070e76d,8GPU_global_SUM
task_15a1ae902c47aabfeb6b709a12fedbaf6987622ac58eb59888ec7645fc713be6,cik:0000021344,dual_sufficient,11,1,1,1,0,0,first_final,PASS,training_configuration:66e33251935910fe6c18c3aaafd50ad045d1f4946a1be1688da3a4b097bdf34d,single_GPU,first_final,PASS,training_configuration:66e33251935910fe6c18c3aaafd50ad045d1f4946a1be1688da3a4b097bdf34d,single_GPU,first_final,PASS,training_configuration:66e33251935910fe6c18c3aaafd50ad045d1f4946a1be1688da3a4b097bdf34d,single_GPU
task_15a1ae902c47aabfeb6b709a12fedbaf6987622ac58eb59888ec7645fc713be6,cik:0000021344,dual_sufficient,29,1,1,1,0,0,first_final,PASS,training_configuration:66e33251935910fe6c18c3aaafd50ad045d1f4946a1be1688da3a4b097bdf34d,single_GPU,first_final,PASS,training_configuration:66e33251935910fe6c18c3aaafd50ad045d1f4946a1be1688da3a4b097bdf34d,single_GPU,first_final,PASS,training_configuration:66e33251935910fe6c18c3aaafd50ad045d1f4946a1be1688da3a4b097bdf34d,single_GPU
task_15a1ae902c47aabfeb6b709a12fedbaf6987622ac58eb59888ec7645fc713be6,cik:0000021344,dual_sufficient,47,0,0,0,0,0,first_final,assessment.final_not_supported_by_result,training_configuration:66e33251935910fe6c18c3aaafd50ad045d1f4946a1be1688da3a4b097bdf34d,single_GPU,first_final,assessment.final_not_supported_by_result,training_configuration:66e33251935910fe6c18c3aaafd50ad045d1f4946a1be1688da3a4b097bdf34d,single_GPU,first_final,assessment.final_not_supported_by_result,training_configuration:9959a7beb582708e6e56e89a63d55e5cb44f2a2f524eadaef711ce1b3070e76d,8GPU_global_SUM
task_16a816802fae114b799b1b079b97ace0e5175e7a7e67ff7d5f85edfe5cbb70e3,cik:0000101829,other_financial,11,0,0,0,0,0,provider_error,no_final,training_configuration:66e33251935910fe6c18c3aaafd50ad045d1f4946a1be1688da3a4b097bdf34d,single_GPU,response_budget_exhausted,no_final,training_configuration:66e33251935910fe6c18c3aaafd50ad045d1f4946a1be1688da3a4b097bdf34d,single_GPU,response_budget_exhausted,no_final,training_configuration:66e33251935910fe6c18c3aaafd50ad045d1f4946a1be1688da3a4b097bdf34d,single_GPU
task_16a816802fae114b799b1b079b97ace0e5175e7a7e67ff7d5f85edfe5cbb70e3,cik:0000101829,other_financial,29,0,0,0,0,0,response_budget_exhausted,no_final,training_configuration:66e33251935910fe6c18c3aaafd50ad045d1f4946a1be1688da3a4b097bdf34d,single_GPU,response_budget_exhausted,no_final,training_configuration:66e33251935910fe6c18c3aaafd50ad045d1f4946a1be1688da3a4b097bdf34d,single_GPU,response_budget_exhausted,no_final,training_configuration:66e33251935910fe6c18c3aaafd50ad045d1f4946a1be1688da3a4b097bdf34d,single_GPU
task_16a816802fae114b799b1b079b97ace0e5175e7a7e67ff7d5f85edfe5cbb70e3,cik:0000101829,other_financial,47,0,0,0,0,0,response_budget_exhausted,no_final,training_configuration:66e33251935910fe6c18c3aaafd50ad045d1f4946a1be1688da3a4b097bdf34d,single_GPU,response_budget_exhausted,no_final,training_configuration:66e33251935910fe6c18c3aaafd50ad045d1f4946a1be1688da3a4b097bdf34d,single_GPU,response_budget_exhausted,no_final,training_configuration:9959a7beb582708e6e56e89a63d55e5cb44f2a2f524eadaef711ce1b3070e76d,8GPU_global_SUM
task_17a52821deac467418f9378f59f7ae2b1ba7ee9c690efacdd7ca39cf9871f35d,cik:0001065280,composition_required,11,0,0,1,0,1,response_budget_exhausted,no_final,training_configuration:66e33251935910fe6c18c3aaafd50ad045d1f4946a1be1688da3a4b097bdf34d,single_GPU,response_budget_exhausted,no_final,training_configuration:66e33251935910fe6c18c3aaafd50ad045d1f4946a1be1688da3a4b097bdf34d,single_GPU,first_final,PASS,training_configuration:66e33251935910fe6c18c3aaafd50ad045d1f4946a1be1688da3a4b097bdf34d,single_GPU
task_17a52821deac467418f9378f59f7ae2b1ba7ee9c690efacdd7ca39cf9871f35d,cik:0001065280,composition_required,29,1,1,0,0,-1,first_final,PASS,training_configuration:66e33251935910fe6c18c3aaafd50ad045d1f4946a1be1688da3a4b097bdf34d,single_GPU,first_final,PASS,training_configuration:66e33251935910fe6c18c3aaafd50ad045d1f4946a1be1688da3a4b097bdf34d,single_GPU,response_budget_exhausted,no_final,training_configuration:66e33251935910fe6c18c3aaafd50ad045d1f4946a1be1688da3a4b097bdf34d,single_GPU
task_17a52821deac467418f9378f59f7ae2b1ba7ee9c690efacdd7ca39cf9871f35d,cik:0001065280,composition_required,47,0,1,1,1,1,response_budget_exhausted,no_final,training_configuration:66e33251935910fe6c18c3aaafd50ad045d1f4946a1be1688da3a4b097bdf34d,single_GPU,first_final,PASS,training_configuration:66e33251935910fe6c18c3aaafd50ad045d1f4946a1be1688da3a4b097bdf34d,single_GPU,first_final,PASS,training_configuration:9959a7beb582708e6e56e89a63d55e5cb44f2a2f524eadaef711ce1b3070e76d,8GPU_global_SUM
task_19055e8565850e203a525f52449e3103677ce491d009d8bcf5bd9b97e53eee5b,cik:0001065280,other_financial,11,0,0,0,0,0,response_budget_exhausted,no_final,training_configuration:66e33251935910fe6c18c3aaafd50ad045d1f4946a1be1688da3a4b097bdf34d,single_GPU,response_budget_exhausted,no_final,training_configuration:66e33251935910fe6c18c3aaafd50ad045d1f4946a1be1688da3a4b097bdf34d,single_GPU,response_budget_exhausted,no_final,training_configuration:66e33251935910fe6c18c3aaafd50ad045d1f4946a1be1688da3a4b097bdf34d,single_GPU
task_19055e8565850e203a525f52449e3103677ce491d009d8bcf5bd9b97e53eee5b,cik:0001065280,other_financial,29,0,0,0,0,0,response_budget_exhausted,no_final,training_configuration:66e33251935910fe6c18c3aaafd50ad045d1f4946a1be1688da3a4b097bdf34d,single_GPU,response_budget_exhausted,no_final,training_configuration:66e33251935910fe6c18c3aaafd50ad045d1f4946a1be1688da3a4b097bdf34d,single_GPU,response_budget_exhausted,no_final,training_configuration:66e33251935910fe6c18c3aaafd50ad045d1f4946a1be1688da3a4b097bdf34d,single_GPU
task_19055e8565850e203a525f52449e3103677ce491d009d8bcf5bd9b97e53eee5b,cik:0001065280,other_financial,47,0,0,0,0,0,response_budget_exhausted,no_final,training_configuration:66e33251935910fe6c18c3aaafd50ad045d1f4946a1be1688da3a4b097bdf34d,single_GPU,response_budget_exhausted,no_final,training_configuration:66e33251935910fe6c18c3aaafd50ad045d1f4946a1be1688da3a4b097bdf34d,single_GPU,response_budget_exhausted,no_final,training_configuration:9959a7beb582708e6e56e89a63d55e5cb44f2a2f524eadaef711ce1b3070e76d,8GPU_global_SUM
task_1d971aa08649e5cab45108d1974510412db27bf8f21bf20986e3761eb0261e27,cik:0000101829,composition_required,11,1,0,0,-1,-1,first_final,PASS,training_configuration:66e33251935910fe6c18c3aaafd50ad045d1f4946a1be1688da3a4b097bdf34d,single_GPU,response_budget_exhausted,no_final,training_configuration:66e33251935910fe6c18c3aaafd50ad045d1f4946a1be1688da3a4b097bdf34d,single_GPU,provider_error,no_final,training_configuration:66e33251935910fe6c18c3aaafd50ad045d1f4946a1be1688da3a4b097bdf34d,single_GPU
task_1d971aa08649e5cab45108d1974510412db27bf8f21bf20986e3761eb0261e27,cik:0000101829,composition_required,29,1,0,1,-1,0,first_final,PASS,training_configuration:66e33251935910fe6c18c3aaafd50ad045d1f4946a1be1688da3a4b097bdf34d,single_GPU,response_budget_exhausted,no_final,training_configuration:66e33251935910fe6c18c3aaafd50ad045d1f4946a1be1688da3a4b097bdf34d,single_GPU,first_final,PASS,training_configuration:66e33251935910fe6c18c3aaafd50ad045d1f4946a1be1688da3a4b097bdf34d,single_GPU
task_1d971aa08649e5cab45108d1974510412db27bf8f21bf20986e3761eb0261e27,cik:0000101829,composition_required,47,0,0,0,0,0,response_budget_exhausted,no_final,training_configuration:66e33251935910fe6c18c3aaafd50ad045d1f4946a1be1688da3a4b097bdf34d,single_GPU,response_budget_exhausted,no_final,training_configuration:66e33251935910fe6c18c3aaafd50ad045d1f4946a1be1688da3a4b097bdf34d,single_GPU,response_budget_exhausted,no_final,training_configuration:9959a7beb582708e6e56e89a63d55e5cb44f2a2f524eadaef711ce1b3070e76d,8GPU_global_SUM
task_1e2ca58952f77c4ad9a402100143db8c71544231ba8a8766c6ad0b724f32a846,cik:0001065280,composition_required,11,1,0,1,-1,0,first_final,PASS,training_configuration:66e33251935910fe6c18c3aaafd50ad045d1f4946a1be1688da3a4b097bdf34d,single_GPU,first_final,assessment.mean_requires_all_three_actual_interval_amounts,training_configuration:66e33251935910fe6c18c3aaafd50ad045d1f4946a1be1688da3a4b097bdf34d,single_GPU,first_final,PASS,training_configuration:66e33251935910fe6c18c3aaafd50ad045d1f4946a1be1688da3a4b097bdf34d,single_GPU
task_1e2ca58952f77c4ad9a402100143db8c71544231ba8a8766c6ad0b724f32a846,cik:0001065280,composition_required,29,1,1,1,0,0,first_final,PASS,training_configuration:66e33251935910fe6c18c3aaafd50ad045d1f4946a1be1688da3a4b097bdf34d,single_GPU,first_final,PASS,training_configuration:66e33251935910fe6c18c3aaafd50ad045d1f4946a1be1688da3a4b097bdf34d,single_GPU,first_final,PASS,training_configuration:66e33251935910fe6c18c3aaafd50ad045d1f4946a1be1688da3a4b097bdf34d,single_GPU
task_1e2ca58952f77c4ad9a402100143db8c71544231ba8a8766c6ad0b724f32a846,cik:0001065280,composition_required,47,0,0,0,0,0,response_budget_exhausted,no_final,training_configuration:66e33251935910fe6c18c3aaafd50ad045d1f4946a1be1688da3a4b097bdf34d,single_GPU,response_budget_exhausted,no_final,training_configuration:66e33251935910fe6c18c3aaafd50ad045d1f4946a1be1688da3a4b097bdf34d,single_GPU,response_budget_exhausted,no_final,training_configuration:9959a7beb582708e6e56e89a63d55e5cb44f2a2f524eadaef711ce1b3070e76d,8GPU_global_SUM
task_203bfe6e346f88261b78672f65dfad4f6a13b294c409a50caaa66450cbcee205,cik:0000109198,dual_sufficient,11,0,0,0,0,0,first_final,assessment.final_not_supported_by_result,training_configuration:66e33251935910fe6c18c3aaafd50ad045d1f4946a1be1688da3a4b097bdf34d,single_GPU,first_final,assessment.final_not_supported_by_result,training_configuration:66e33251935910fe6c18c3aaafd50ad045d1f4946a1be1688da3a4b097bdf34d,single_GPU,first_final,assessment.final_not_supported_by_result,training_configuration:66e33251935910fe6c18c3aaafd50ad045d1f4946a1be1688da3a4b097bdf34d,single_GPU
task_203bfe6e346f88261b78672f65dfad4f6a13b294c409a50caaa66450cbcee205,cik:0000109198,dual_sufficient,29,0,0,0,0,0,first_final,assessment.final_not_supported_by_result,training_configuration:66e33251935910fe6c18c3aaafd50ad045d1f4946a1be1688da3a4b097bdf34d,single_GPU,first_final,assessment.final_not_supported_by_result,training_configuration:66e33251935910fe6c18c3aaafd50ad045d1f4946a1be1688da3a4b097bdf34d,single_GPU,first_final,assessment.final_not_supported_by_result,training_configuration:66e33251935910fe6c18c3aaafd50ad045d1f4946a1be1688da3a4b097bdf34d,single_GPU
task_203bfe6e346f88261b78672f65dfad4f6a13b294c409a50caaa66450cbcee205,cik:0000109198,dual_sufficient,47,0,0,0,0,0,first_final,assessment.final_not_supported_by_result,training_configuration:66e33251935910fe6c18c3aaafd50ad045d1f4946a1be1688da3a4b097bdf34d,single_GPU,first_final,assessment.final_not_supported_by_result,training_configuration:66e33251935910fe6c18c3aaafd50ad045d1f4946a1be1688da3a4b097bdf34d,single_GPU,first_final,assessment.final_not_supported_by_result,training_configuration:9959a7beb582708e6e56e89a63d55e5cb44f2a2f524eadaef711ce1b3070e76d,8GPU_global_SUM
task_222903452b83d97dfb08e34cd4a7168dc0663ee1c63398a7d7ebc9cee3a60c0c,cik:0001403161,other_financial,11,0,0,0,0,0,response_budget_exhausted,no_final,training_configuration:66e33251935910fe6c18c3aaafd50ad045d1f4946a1be1688da3a4b097bdf34d,single_GPU,response_budget_exhausted,no_final,training_configuration:66e33251935910fe6c18c3aaafd50ad045d1f4946a1be1688da3a4b097bdf34d,single_GPU,provider_error,no_final,training_configuration:66e33251935910fe6c18c3aaafd50ad045d1f4946a1be1688da3a4b097bdf34d,single_GPU
task_222903452b83d97dfb08e34cd4a7168dc0663ee1c63398a7d7ebc9cee3a60c0c,cik:0001403161,other_financial,29,0,0,0,0,0,response_budget_exhausted,no_final,training_configuration:66e33251935910fe6c18c3aaafd50ad045d1f4946a1be1688da3a4b097bdf34d,single_GPU,response_budget_exhausted,no_final,training_configuration:66e33251935910fe6c18c3aaafd50ad045d1f4946a1be1688da3a4b097bdf34d,single_GPU,response_budget_exhausted,no_final,training_configuration:66e33251935910fe6c18c3aaafd50ad045d1f4946a1be1688da3a4b097bdf34d,single_GPU
task_222903452b83d97dfb08e34cd4a7168dc0663ee1c63398a7d7ebc9cee3a60c0c,cik:0001403161,other_financial,47,0,0,0,0,0,response_budget_exhausted,no_final,training_configuration:66e33251935910fe6c18c3aaafd50ad045d1f4946a1be1688da3a4b097bdf34d,single_GPU,response_budget_exhausted,no_final,training_configuration:66e33251935910fe6c18c3aaafd50ad045d1f4946a1be1688da3a4b097bdf34d,single_GPU,response_budget_exhausted,no_final,training_configuration:9959a7beb582708e6e56e89a63d55e5cb44f2a2f524eadaef711ce1b3070e76d,8GPU_global_SUM
task_2366c23e226338378f840429e4e94b85729148bce1503a6f853ba93b698193d2,cik:0000019617,composition_required,11,0,1,0,1,0,provider_error,no_final,training_configuration:66e33251935910fe6c18c3aaafd50ad045d1f4946a1be1688da3a4b097bdf34d,single_GPU,first_final,PASS,training_configuration:66e33251935910fe6c18c3aaafd50ad045d1f4946a1be1688da3a4b097bdf34d,single_GPU,provider_error,no_final,training_configuration:66e33251935910fe6c18c3aaafd50ad045d1f4946a1be1688da3a4b097bdf34d,single_GPU
task_2366c23e226338378f840429e4e94b85729148bce1503a6f853ba93b698193d2,cik:0000019617,composition_required,29,1,0,0,-1,-1,first_final,PASS,training_configuration:66e33251935910fe6c18c3aaafd50ad045d1f4946a1be1688da3a4b097bdf34d,single_GPU,response_budget_exhausted,no_final,training_configuration:66e33251935910fe6c18c3aaafd50ad045d1f4946a1be1688da3a4b097bdf34d,single_GPU,response_budget_exhausted,no_final,training_configuration:66e33251935910fe6c18c3aaafd50ad045d1f4946a1be1688da3a4b097bdf34d,single_GPU
task_2366c23e226338378f840429e4e94b85729148bce1503a6f853ba93b698193d2,cik:0000019617,composition_required,47,1,0,0,-1,-1,first_final,PASS,training_configuration:66e33251935910fe6c18c3aaafd50ad045d1f4946a1be1688da3a4b097bdf34d,single_GPU,response_budget_exhausted,no_final,training_configuration:66e33251935910fe6c18c3aaafd50ad045d1f4946a1be1688da3a4b097bdf34d,single_GPU,response_budget_exhausted,no_final,training_configuration:9959a7beb582708e6e56e89a63d55e5cb44f2a2f524eadaef711ce1b3070e76d,8GPU_global_SUM
task_255abad1e226ca6013a148f04d61e01cb9aa60620bc1d624e5440281e4cec287,cik:0000093410,other_financial,11,0,0,0,0,0,response_budget_exhausted,no_final,training_configuration:66e33251935910fe6c18c3aaafd50ad045d1f4946a1be1688da3a4b097bdf34d,single_GPU,response_budget_exhausted,no_final,training_configuration:66e33251935910fe6c18c3aaafd50ad045d1f4946a1be1688da3a4b097bdf34d,single_GPU,response_budget_exhausted,no_final,training_configuration:66e33251935910fe6c18c3aaafd50ad045d1f4946a1be1688da3a4b097bdf34d,single_GPU
task_255abad1e226ca6013a148f04d61e01cb9aa60620bc1d624e5440281e4cec287,cik:0000093410,other_financial,29,0,0,0,0,0,response_budget_exhausted,no_final,training_configuration:66e33251935910fe6c18c3aaafd50ad045d1f4946a1be1688da3a4b097bdf34d,single_GPU,response_budget_exhausted,no_final,training_configuration:66e33251935910fe6c18c3aaafd50ad045d1f4946a1be1688da3a4b097bdf34d,single_GPU,response_budget_exhausted,no_final,training_configuration:66e33251935910fe6c18c3aaafd50ad045d1f4946a1be1688da3a4b097bdf34d,single_GPU
task_255abad1e226ca6013a148f04d61e01cb9aa60620bc1d624e5440281e4cec287,cik:0000093410,other_financial,47,0,0,0,0,0,response_budget_exhausted,no_final,training_configuration:66e33251935910fe6c18c3aaafd50ad045d1f4946a1be1688da3a4b097bdf34d,single_GPU,response_budget_exhausted,no_final,training_configuration:66e33251935910fe6c18c3aaafd50ad045d1f4946a1be1688da3a4b097bdf34d,single_GPU,response_budget_exhausted,no_final,training_configuration:9959a7beb582708e6e56e89a63d55e5cb44f2a2f524eadaef711ce1b3070e76d,8GPU_global_SUM
task_265103d41f68d9a66d245766c6c58e07a002dd09cb0ca61840533e1409ac4b85,cik:0001403161,composition_required,11,1,1,1,0,0,first_final,PASS,training_configuration:66e33251935910fe6c18c3aaafd50ad045d1f4946a1be1688da3a4b097bdf34d,single_GPU,first_final,PASS,training_configuration:66e33251935910fe6c18c3aaafd50ad045d1f4946a1be1688da3a4b097bdf34d,single_GPU,first_final,PASS,training_configuration:66e33251935910fe6c18c3aaafd50ad045d1f4946a1be1688da3a4b097bdf34d,single_GPU
task_265103d41f68d9a66d245766c6c58e07a002dd09cb0ca61840533e1409ac4b85,cik:0001403161,composition_required,29,1,1,1,0,0,first_final,PASS,training_configuration:66e33251935910fe6c18c3aaafd50ad045d1f4946a1be1688da3a4b097bdf34d,single_GPU,first_final,PASS,training_configuration:66e33251935910fe6c18c3aaafd50ad045d1f4946a1be1688da3a4b097bdf34d,single_GPU,first_final,PASS,training_configuration:66e33251935910fe6c18c3aaafd50ad045d1f4946a1be1688da3a4b097bdf34d,single_GPU
task_265103d41f68d9a66d245766c6c58e07a002dd09cb0ca61840533e1409ac4b85,cik:0001403161,composition_required,47,1,1,1,0,0,first_final,PASS,training_configuration:66e33251935910fe6c18c3aaafd50ad045d1f4946a1be1688da3a4b097bdf34d,single_GPU,first_final,PASS,training_configuration:66e33251935910fe6c18c3aaafd50ad045d1f4946a1be1688da3a4b097bdf34d,single_GPU,first_final,PASS,training_configuration:9959a7beb582708e6e56e89a63d55e5cb44f2a2f524eadaef711ce1b3070e76d,8GPU_global_SUM
task_288c6d46037a2e177548321e9d05af6985dc2b0f8ba03ee468a87ea15bade842,cik:0000731766,other_financial,11,0,0,0,0,0,response_budget_exhausted,no_final,training_configuration:66e33251935910fe6c18c3aaafd50ad045d1f4946a1be1688da3a4b097bdf34d,single_GPU,response_budget_exhausted,no_final,training_configuration:66e33251935910fe6c18c3aaafd50ad045d1f4946a1be1688da3a4b097bdf34d,single_GPU,response_budget_exhausted,no_final,training_configuration:66e33251935910fe6c18c3aaafd50ad045d1f4946a1be1688da3a4b097bdf34d,single_GPU
task_288c6d46037a2e177548321e9d05af6985dc2b0f8ba03ee468a87ea15bade842,cik:0000731766,other_financial,29,0,0,0,0,0,response_budget_exhausted,no_final,training_configuration:66e33251935910fe6c18c3aaafd50ad045d1f4946a1be1688da3a4b097bdf34d,single_GPU,response_budget_exhausted,no_final,training_configuration:66e33251935910fe6c18c3aaafd50ad045d1f4946a1be1688da3a4b097bdf34d,single_GPU,provider_error,no_final,training_configuration:66e33251935910fe6c18c3aaafd50ad045d1f4946a1be1688da3a4b097bdf34d,single_GPU
task_288c6d46037a2e177548321e9d05af6985dc2b0f8ba03ee468a87ea15bade842,cik:0000731766,other_financial,47,0,0,0,0,0,response_budget_exhausted,no_final,training_configuration:66e33251935910fe6c18c3aaafd50ad045d1f4946a1be1688da3a4b097bdf34d,single_GPU,response_budget_exhausted,no_final,training_configuration:66e33251935910fe6c18c3aaafd50ad045d1f4946a1be1688da3a4b097bdf34d,single_GPU,response_budget_exhausted,no_final,training_configuration:9959a7beb582708e6e56e89a63d55e5cb44f2a2f524eadaef711ce1b3070e76d,8GPU_global_SUM
task_29433dd457f042ad7a5b0b6045b0b520fc2ee49955bc1d374d3af8bb4259dfd3,cik:0000021344,dual_sufficient,11,1,0,1,-1,0,first_final,PASS,training_configuration:66e33251935910fe6c18c3aaafd50ad045d1f4946a1be1688da3a4b097bdf34d,single_GPU,first_final,assessment.not_equivalent_under_admitted_public_relations,training_configuration:66e33251935910fe6c18c3aaafd50ad045d1f4946a1be1688da3a4b097bdf34d,single_GPU,first_final,PASS,training_configuration:66e33251935910fe6c18c3aaafd50ad045d1f4946a1be1688da3a4b097bdf34d,single_GPU
task_29433dd457f042ad7a5b0b6045b0b520fc2ee49955bc1d374d3af8bb4259dfd3,cik:0000021344,dual_sufficient,29,1,0,0,-1,-1,first_final,PASS,training_configuration:66e33251935910fe6c18c3aaafd50ad045d1f4946a1be1688da3a4b097bdf34d,single_GPU,first_final,assessment.not_equivalent_under_admitted_public_relations,training_configuration:66e33251935910fe6c18c3aaafd50ad045d1f4946a1be1688da3a4b097bdf34d,single_GPU,first_final,assessment.not_equivalent_under_admitted_public_relations,training_configuration:66e33251935910fe6c18c3aaafd50ad045d1f4946a1be1688da3a4b097bdf34d,single_GPU
task_29433dd457f042ad7a5b0b6045b0b520fc2ee49955bc1d374d3af8bb4259dfd3,cik:0000021344,dual_sufficient,47,0,1,1,1,1,first_final,assessment.not_equivalent_under_admitted_public_relations,training_configuration:66e33251935910fe6c18c3aaafd50ad045d1f4946a1be1688da3a4b097bdf34d,single_GPU,first_final,PASS,training_configuration:66e33251935910fe6c18c3aaafd50ad045d1f4946a1be1688da3a4b097bdf34d,single_GPU,first_final,PASS,training_configuration:9959a7beb582708e6e56e89a63d55e5cb44f2a2f524eadaef711ce1b3070e76d,8GPU_global_SUM
task_2b2fcade7168cd31be85f12ba47fd8051c59f11a40bd4410f25de65461d1a18a,cik:0000796343,dual_sufficient,11,1,1,0,0,-1,first_final,PASS,training_configuration:66e33251935910fe6c18c3aaafd50ad045d1f4946a1be1688da3a4b097bdf34d,single_GPU,first_final,PASS,training_configuration:66e33251935910fe6c18c3aaafd50ad045d1f4946a1be1688da3a4b097bdf34d,single_GPU,first_final,assessment.final_not_supported_by_result,training_configuration:66e33251935910fe6c18c3aaafd50ad045d1f4946a1be1688da3a4b097bdf34d,single_GPU
task_2b2fcade7168cd31be85f12ba47fd8051c59f11a40bd4410f25de65461d1a18a,cik:0000796343,dual_sufficient,29,1,1,1,0,0,first_final,PASS,training_configuration:66e33251935910fe6c18c3aaafd50ad045d1f4946a1be1688da3a4b097bdf34d,single_GPU,first_final,PASS,training_configuration:66e33251935910fe6c18c3aaafd50ad045d1f4946a1be1688da3a4b097bdf34d,single_GPU,first_final,PASS,training_configuration:66e33251935910fe6c18c3aaafd50ad045d1f4946a1be1688da3a4b097bdf34d,single_GPU
task_2b2fcade7168cd31be85f12ba47fd8051c59f11a40bd4410f25de65461d1a18a,cik:0000796343,dual_sufficient,47,0,1,1,1,1,first_final,assessment.not_equivalent_under_admitted_public_relations,training_configuration:66e33251935910fe6c18c3aaafd50ad045d1f4946a1be1688da3a4b097bdf34d,single_GPU,first_final,PASS,training_configuration:66e33251935910fe6c18c3aaafd50ad045d1f4946a1be1688da3a4b097bdf34d,single_GPU,first_final,PASS,training_configuration:9959a7beb582708e6e56e89a63d55e5cb44f2a2f524eadaef711ce1b3070e76d,8GPU_global_SUM
task_2b9d76a76b4fe98d7e6a16a28ab6e989cd70579648c8085962f86615e25832bc,cik:0000796343,dual_sufficient,11,0,0,0,0,0,first_final,assessment.final_not_supported_by_result,training_configuration:66e33251935910fe6c18c3aaafd50ad045d1f4946a1be1688da3a4b097bdf34d,single_GPU,first_final,assessment.final_not_supported_by_result,training_configuration:66e33251935910fe6c18c3aaafd50ad045d1f4946a1be1688da3a4b097bdf34d,single_GPU,first_final,assessment.final_not_supported_by_result,training_configuration:66e33251935910fe6c18c3aaafd50ad045d1f4946a1be1688da3a4b097bdf34d,single_GPU
task_2b9d76a76b4fe98d7e6a16a28ab6e989cd70579648c8085962f86615e25832bc,cik:0000796343,dual_sufficient,29,0,0,0,0,0,first_final,assessment.final_not_supported_by_result,training_configuration:66e33251935910fe6c18c3aaafd50ad045d1f4946a1be1688da3a4b097bdf34d,single_GPU,first_final,assessment.final_not_supported_by_result,training_configuration:66e33251935910fe6c18c3aaafd50ad045d1f4946a1be1688da3a4b097bdf34d,single_GPU,first_final,assessment.final_not_supported_by_result,training_configuration:66e33251935910fe6c18c3aaafd50ad045d1f4946a1be1688da3a4b097bdf34d,single_GPU
task_2b9d76a76b4fe98d7e6a16a28ab6e989cd70579648c8085962f86615e25832bc,cik:0000796343,dual_sufficient,47,0,0,0,0,0,first_final,assessment.final_not_supported_by_result,training_configuration:66e33251935910fe6c18c3aaafd50ad045d1f4946a1be1688da3a4b097bdf34d,single_GPU,first_final,assessment.final_not_supported_by_result,training_configuration:66e33251935910fe6c18c3aaafd50ad045d1f4946a1be1688da3a4b097bdf34d,single_GPU,first_final,assessment.final_not_supported_by_result,training_configuration:9959a7beb582708e6e56e89a63d55e5cb44f2a2f524eadaef711ce1b3070e76d,8GPU_global_SUM
task_2cc505c9bd2ea65f5dc1628ff019d6a47614844af3c2d0db931a7582131dd6be,cik:0000804328,other_financial,11,0,0,0,0,0,response_budget_exhausted,no_final,training_configuration:66e33251935910fe6c18c3aaafd50ad045d1f4946a1be1688da3a4b097bdf34d,single_GPU,response_budget_exhausted,no_final,training_configuration:66e33251935910fe6c18c3aaafd50ad045d1f4946a1be1688da3a4b097bdf34d,single_GPU,response_budget_exhausted,no_final,training_configuration:66e33251935910fe6c18c3aaafd50ad045d1f4946a1be1688da3a4b097bdf34d,single_GPU
task_2cc505c9bd2ea65f5dc1628ff019d6a47614844af3c2d0db931a7582131dd6be,cik:0000804328,other_financial,29,0,0,0,0,0,response_budget_exhausted,no_final,training_configuration:66e33251935910fe6c18c3aaafd50ad045d1f4946a1be1688da3a4b097bdf34d,single_GPU,provider_error,no_final,training_configuration:66e33251935910fe6c18c3aaafd50ad045d1f4946a1be1688da3a4b097bdf34d,single_GPU,response_budget_exhausted,no_final,training_configuration:66e33251935910fe6c18c3aaafd50ad045d1f4946a1be1688da3a4b097bdf34d,single_GPU
task_2cc505c9bd2ea65f5dc1628ff019d6a47614844af3c2d0db931a7582131dd6be,cik:0000804328,other_financial,47,0,0,0,0,0,response_budget_exhausted,no_final,training_configuration:66e33251935910fe6c18c3aaafd50ad045d1f4946a1be1688da3a4b097bdf34d,single_GPU,response_budget_exhausted,no_final,training_configuration:66e33251935910fe6c18c3aaafd50ad045d1f4946a1be1688da3a4b097bdf34d,single_GPU,response_budget_exhausted,no_final,training_configuration:9959a7beb582708e6e56e89a63d55e5cb44f2a2f524eadaef711ce1b3070e76d,8GPU_global_SUM
task_2d64bff88880418bfb2522dbcbdc8a380d070067092f23206284a4fe4022863c,cik:0000093410,dual_sufficient,11,1,1,1,0,0,first_final,PASS,training_configuration:66e33251935910fe6c18c3aaafd50ad045d1f4946a1be1688da3a4b097bdf34d,single_GPU,first_final,PASS,training_configuration:66e33251935910fe6c18c3aaafd50ad045d1f4946a1be1688da3a4b097bdf34d,single_GPU,first_final,PASS,training_configuration:66e33251935910fe6c18c3aaafd50ad045d1f4946a1be1688da3a4b097bdf34d,single_GPU
task_2d64bff88880418bfb2522dbcbdc8a380d070067092f23206284a4fe4022863c,cik:0000093410,dual_sufficient,29,1,0,1,-1,0,first_final,PASS,training_configuration:66e33251935910fe6c18c3aaafd50ad045d1f4946a1be1688da3a4b097bdf34d,single_GPU,response_budget_exhausted,no_final,training_configuration:66e33251935910fe6c18c3aaafd50ad045d1f4946a1be1688da3a4b097bdf34d,single_GPU,first_final,PASS,training_configuration:66e33251935910fe6c18c3aaafd50ad045d1f4946a1be1688da3a4b097bdf34d,single_GPU
task_2d64bff88880418bfb2522dbcbdc8a380d070067092f23206284a4fe4022863c,cik:0000093410,dual_sufficient,47,1,1,1,0,0,first_final,PASS,training_configuration:66e33251935910fe6c18c3aaafd50ad045d1f4946a1be1688da3a4b097bdf34d,single_GPU,first_final,PASS,training_configuration:66e33251935910fe6c18c3aaafd50ad045d1f4946a1be1688da3a4b097bdf34d,single_GPU,first_final,PASS,training_configuration:9959a7beb582708e6e56e89a63d55e5cb44f2a2f524eadaef711ce1b3070e76d,8GPU_global_SUM
task_2dcc433ac15988c19b8a0193fd73e781b60b60b45e4e437abb2eb1059c7c9146,cik:0000092122,composition_required,11,1,1,1,0,0,first_final,PASS,training_configuration:66e33251935910fe6c18c3aaafd50ad045d1f4946a1be1688da3a4b097bdf34d,single_GPU,first_final,PASS,training_configuration:66e33251935910fe6c18c3aaafd50ad045d1f4946a1be1688da3a4b097bdf34d,single_GPU,first_final,PASS,training_configuration:66e33251935910fe6c18c3aaafd50ad045d1f4946a1be1688da3a4b097bdf34d,single_GPU
task_2dcc433ac15988c19b8a0193fd73e781b60b60b45e4e437abb2eb1059c7c9146,cik:0000092122,composition_required,29,1,1,1,0,0,first_final,PASS,training_configuration:66e33251935910fe6c18c3aaafd50ad045d1f4946a1be1688da3a4b097bdf34d,single_GPU,first_final,PASS,training_configuration:66e33251935910fe6c18c3aaafd50ad045d1f4946a1be1688da3a4b097bdf34d,single_GPU,first_final,PASS,training_configuration:66e33251935910fe6c18c3aaafd50ad045d1f4946a1be1688da3a4b097bdf34d,single_GPU
task_2dcc433ac15988c19b8a0193fd73e781b60b60b45e4e437abb2eb1059c7c9146,cik:0000092122,composition_required,47,0,0,1,0,1,response_budget_exhausted,no_final,training_configuration:66e33251935910fe6c18c3aaafd50ad045d1f4946a1be1688da3a4b097bdf34d,single_GPU,response_budget_exhausted,no_final,training_configuration:66e33251935910fe6c18c3aaafd50ad045d1f4946a1be1688da3a4b097bdf34d,single_GPU,first_final,PASS,training_configuration:9959a7beb582708e6e56e89a63d55e5cb44f2a2f524eadaef711ce1b3070e76d,8GPU_global_SUM
task_3174a6d2796a83d9d41ec742ce8348b8e96ab818450523479126ada7c65bf95e,cik:0000021344,composition_required,11,1,0,1,-1,0,first_final,PASS,training_configuration:66e33251935910fe6c18c3aaafd50ad045d1f4946a1be1688da3a4b097bdf34d,single_GPU,response_budget_exhausted,no_final,training_configuration:66e33251935910fe6c18c3aaafd50ad045d1f4946a1be1688da3a4b097bdf34d,single_GPU,first_final,PASS,training_configuration:66e33251935910fe6c18c3aaafd50ad045d1f4946a1be1688da3a4b097bdf34d,single_GPU
task_3174a6d2796a83d9d41ec742ce8348b8e96ab818450523479126ada7c65bf95e,cik:0000021344,composition_required,29,1,1,1,0,0,first_final,PASS,training_configuration:66e33251935910fe6c18c3aaafd50ad045d1f4946a1be1688da3a4b097bdf34d,single_GPU,first_final,PASS,training_configuration:66e33251935910fe6c18c3aaafd50ad045d1f4946a1be1688da3a4b097bdf34d,single_GPU,first_final,PASS,training_configuration:66e33251935910fe6c18c3aaafd50ad045d1f4946a1be1688da3a4b097bdf34d,single_GPU
task_3174a6d2796a83d9d41ec742ce8348b8e96ab818450523479126ada7c65bf95e,cik:0000021344,composition_required,47,1,0,1,-1,0,first_final,PASS,training_configuration:66e33251935910fe6c18c3aaafd50ad045d1f4946a1be1688da3a4b097bdf34d,single_GPU,response_budget_exhausted,no_final,training_configuration:66e33251935910fe6c18c3aaafd50ad045d1f4946a1be1688da3a4b097bdf34d,single_GPU,first_final,PASS,training_configuration:9959a7beb582708e6e56e89a63d55e5cb44f2a2f524eadaef711ce1b3070e76d,8GPU_global_SUM
task_333c3c386967293b26407b6fcadbd1f1e57a3723c3b6b1d18ddc1b85ff3ea4d0,cik:0000021344,composition_required,11,0,1,0,1,0,provider_error,no_final,training_configuration:66e33251935910fe6c18c3aaafd50ad045d1f4946a1be1688da3a4b097bdf34d,single_GPU,first_final,PASS,training_configuration:66e33251935910fe6c18c3aaafd50ad045d1f4946a1be1688da3a4b097bdf34d,single_GPU,provider_error,no_final,training_configuration:66e33251935910fe6c18c3aaafd50ad045d1f4946a1be1688da3a4b097bdf34d,single_GPU
task_333c3c386967293b26407b6fcadbd1f1e57a3723c3b6b1d18ddc1b85ff3ea4d0,cik:0000021344,composition_required,29,1,0,1,-1,0,first_final,PASS,training_configuration:66e33251935910fe6c18c3aaafd50ad045d1f4946a1be1688da3a4b097bdf34d,single_GPU,response_budget_exhausted,no_final,training_configuration:66e33251935910fe6c18c3aaafd50ad045d1f4946a1be1688da3a4b097bdf34d,single_GPU,first_final,PASS,training_configuration:66e33251935910fe6c18c3aaafd50ad045d1f4946a1be1688da3a4b097bdf34d,single_GPU
task_333c3c386967293b26407b6fcadbd1f1e57a3723c3b6b1d18ddc1b85ff3ea4d0,cik:0000021344,composition_required,47,0,0,0,0,0,response_budget_exhausted,no_final,training_configuration:66e33251935910fe6c18c3aaafd50ad045d1f4946a1be1688da3a4b097bdf34d,single_GPU,response_budget_exhausted,no_final,training_configuration:66e33251935910fe6c18c3aaafd50ad045d1f4946a1be1688da3a4b097bdf34d,single_GPU,provider_error,no_final,training_configuration:9959a7beb582708e6e56e89a63d55e5cb44f2a2f524eadaef711ce1b3070e76d,8GPU_global_SUM
task_34451951075b6366e434ad3c1bae1654ca0c9298804846d6650bb47ea31a43b3,cik:0001065280,composition_required,11,0,0,0,0,0,first_final,assessment.mean_requires_all_three_actual_interval_amounts,training_configuration:66e33251935910fe6c18c3aaafd50ad045d1f4946a1be1688da3a4b097bdf34d,single_GPU,first_final,assessment.mean_requires_all_three_actual_interval_amounts,training_configuration:66e33251935910fe6c18c3aaafd50ad045d1f4946a1be1688da3a4b097bdf34d,single_GPU,first_final,assessment.mean_requires_all_three_actual_interval_amounts,training_configuration:66e33251935910fe6c18c3aaafd50ad045d1f4946a1be1688da3a4b097bdf34d,single_GPU
task_34451951075b6366e434ad3c1bae1654ca0c9298804846d6650bb47ea31a43b3,cik:0001065280,composition_required,29,0,0,0,0,0,response_budget_exhausted,no_final,training_configuration:66e33251935910fe6c18c3aaafd50ad045d1f4946a1be1688da3a4b097bdf34d,single_GPU,first_final,assessment.mean_requires_all_three_actual_interval_amounts,training_configuration:66e33251935910fe6c18c3aaafd50ad045d1f4946a1be1688da3a4b097bdf34d,single_GPU,first_final,assessment.mean_requires_all_three_actual_interval_amounts,training_configuration:66e33251935910fe6c18c3aaafd50ad045d1f4946a1be1688da3a4b097bdf34d,single_GPU
task_34451951075b6366e434ad3c1bae1654ca0c9298804846d6650bb47ea31a43b3,cik:0001065280,composition_required,47,0,0,0,0,0,response_budget_exhausted,no_final,training_configuration:66e33251935910fe6c18c3aaafd50ad045d1f4946a1be1688da3a4b097bdf34d,single_GPU,response_budget_exhausted,no_final,training_configuration:66e33251935910fe6c18c3aaafd50ad045d1f4946a1be1688da3a4b097bdf34d,single_GPU,response_budget_exhausted,no_final,training_configuration:9959a7beb582708e6e56e89a63d55e5cb44f2a2f524eadaef711ce1b3070e76d,8GPU_global_SUM
task_348151d63f511a95b1b3fa304491d5dcd584975b3013d432de06ab1796ef170d,cik:0000731766,other_financial,11,0,0,0,0,0,response_budget_exhausted,no_final,training_configuration:66e33251935910fe6c18c3aaafd50ad045d1f4946a1be1688da3a4b097bdf34d,single_GPU,response_budget_exhausted,no_final,training_configuration:66e33251935910fe6c18c3aaafd50ad045d1f4946a1be1688da3a4b097bdf34d,single_GPU,response_budget_exhausted,no_final,training_configuration:66e33251935910fe6c18c3aaafd50ad045d1f4946a1be1688da3a4b097bdf34d,single_GPU
task_348151d63f511a95b1b3fa304491d5dcd584975b3013d432de06ab1796ef170d,cik:0000731766,other_financial,29,0,0,0,0,0,response_budget_exhausted,no_final,training_configuration:66e33251935910fe6c18c3aaafd50ad045d1f4946a1be1688da3a4b097bdf34d,single_GPU,response_budget_exhausted,no_final,training_configuration:66e33251935910fe6c18c3aaafd50ad045d1f4946a1be1688da3a4b097bdf34d,single_GPU,response_budget_exhausted,no_final,training_configuration:66e33251935910fe6c18c3aaafd50ad045d1f4946a1be1688da3a4b097bdf34d,single_GPU
task_348151d63f511a95b1b3fa304491d5dcd584975b3013d432de06ab1796ef170d,cik:0000731766,other_financial,47,0,0,0,0,0,response_budget_exhausted,no_final,training_configuration:66e33251935910fe6c18c3aaafd50ad045d1f4946a1be1688da3a4b097bdf34d,single_GPU,response_budget_exhausted,no_final,training_configuration:66e33251935910fe6c18c3aaafd50ad045d1f4946a1be1688da3a4b097bdf34d,single_GPU,response_budget_exhausted,no_final,training_configuration:9959a7beb582708e6e56e89a63d55e5cb44f2a2f524eadaef711ce1b3070e76d,8GPU_global_SUM
task_3487fde5af4685fb93d50b3347d64c5f8f482a686e1588d78509951e5153fca7,cik:0000019617,other_financial,11,0,0,0,0,0,response_budget_exhausted,no_final,training_configuration:66e33251935910fe6c18c3aaafd50ad045d1f4946a1be1688da3a4b097bdf34d,single_GPU,response_budget_exhausted,no_final,training_configuration:66e33251935910fe6c18c3aaafd50ad045d1f4946a1be1688da3a4b097bdf34d,single_GPU,response_budget_exhausted,no_final,training_configuration:66e33251935910fe6c18c3aaafd50ad045d1f4946a1be1688da3a4b097bdf34d,single_GPU
task_3487fde5af4685fb93d50b3347d64c5f8f482a686e1588d78509951e5153fca7,cik:0000019617,other_financial,29,0,0,0,0,0,response_budget_exhausted,no_final,training_configuration:66e33251935910fe6c18c3aaafd50ad045d1f4946a1be1688da3a4b097bdf34d,single_GPU,response_budget_exhausted,no_final,training_configuration:66e33251935910fe6c18c3aaafd50ad045d1f4946a1be1688da3a4b097bdf34d,single_GPU,response_budget_exhausted,no_final,training_configuration:66e33251935910fe6c18c3aaafd50ad045d1f4946a1be1688da3a4b097bdf34d,single_GPU
task_3487fde5af4685fb93d50b3347d64c5f8f482a686e1588d78509951e5153fca7,cik:0000019617,other_financial,47,0,0,0,0,0,response_budget_exhausted,no_final,training_configuration:66e33251935910fe6c18c3aaafd50ad045d1f4946a1be1688da3a4b097bdf34d,single_GPU,response_budget_exhausted,no_final,training_configuration:66e33251935910fe6c18c3aaafd50ad045d1f4946a1be1688da3a4b097bdf34d,single_GPU,response_budget_exhausted,no_final,training_configuration:9959a7beb582708e6e56e89a63d55e5cb44f2a2f524eadaef711ce1b3070e76d,8GPU_global_SUM
task_35730350e7566cb581f76a182b7b92b18a687220212438789a312cac4dde9405,cik:0000804328,composition_required,11,1,1,1,0,0,first_final,PASS,training_configuration:66e33251935910fe6c18c3aaafd50ad045d1f4946a1be1688da3a4b097bdf34d,single_GPU,first_final,PASS,training_configuration:66e33251935910fe6c18c3aaafd50ad045d1f4946a1be1688da3a4b097bdf34d,single_GPU,first_final,PASS,training_configuration:66e33251935910fe6c18c3aaafd50ad045d1f4946a1be1688da3a4b097bdf34d,single_GPU
task_35730350e7566cb581f76a182b7b92b18a687220212438789a312cac4dde9405,cik:0000804328,composition_required,29,0,1,0,1,0,response_budget_exhausted,no_final,training_configuration:66e33251935910fe6c18c3aaafd50ad045d1f4946a1be1688da3a4b097bdf34d,single_GPU,first_final,PASS,training_configuration:66e33251935910fe6c18c3aaafd50ad045d1f4946a1be1688da3a4b097bdf34d,single_GPU,response_budget_exhausted,no_final,training_configuration:66e33251935910fe6c18c3aaafd50ad045d1f4946a1be1688da3a4b097bdf34d,single_GPU
task_35730350e7566cb581f76a182b7b92b18a687220212438789a312cac4dde9405,cik:0000804328,composition_required,47,0,1,0,1,0,response_budget_exhausted,no_final,training_configuration:66e33251935910fe6c18c3aaafd50ad045d1f4946a1be1688da3a4b097bdf34d,single_GPU,first_final,PASS,training_configuration:66e33251935910fe6c18c3aaafd50ad045d1f4946a1be1688da3a4b097bdf34d,single_GPU,first_final,tool.unit_dimension_conflict,training_configuration:9959a7beb582708e6e56e89a63d55e5cb44f2a2f524eadaef711ce1b3070e76d,8GPU_global_SUM
task_35b1d65fd0c34d366783b1dfff40aaed34e5d9fe80efd7a0afb7c40937808342,cik:0000092122,composition_required,11,0,0,0,0,0,response_budget_exhausted,no_final,training_configuration:66e33251935910fe6c18c3aaafd50ad045d1f4946a1be1688da3a4b097bdf34d,single_GPU,response_budget_exhausted,no_final,training_configuration:66e33251935910fe6c18c3aaafd50ad045d1f4946a1be1688da3a4b097bdf34d,single_GPU,response_budget_exhausted,no_final,training_configuration:66e33251935910fe6c18c3aaafd50ad045d1f4946a1be1688da3a4b097bdf34d,single_GPU
task_35b1d65fd0c34d366783b1dfff40aaed34e5d9fe80efd7a0afb7c40937808342,cik:0000092122,composition_required,29,0,0,0,0,0,response_budget_exhausted,no_final,training_configuration:66e33251935910fe6c18c3aaafd50ad045d1f4946a1be1688da3a4b097bdf34d,single_GPU,provider_error,no_final,training_configuration:66e33251935910fe6c18c3aaafd50ad045d1f4946a1be1688da3a4b097bdf34d,single_GPU,response_budget_exhausted,no_final,training_configuration:66e33251935910fe6c18c3aaafd50ad045d1f4946a1be1688da3a4b097bdf34d,single_GPU
task_35b1d65fd0c34d366783b1dfff40aaed34e5d9fe80efd7a0afb7c40937808342,cik:0000092122,composition_required,47,0,0,0,0,0,response_budget_exhausted,no_final,training_configuration:66e33251935910fe6c18c3aaafd50ad045d1f4946a1be1688da3a4b097bdf34d,single_GPU,response_budget_exhausted,no_final,training_configuration:66e33251935910fe6c18c3aaafd50ad045d1f4946a1be1688da3a4b097bdf34d,single_GPU,provider_error,no_final,training_configuration:9959a7beb582708e6e56e89a63d55e5cb44f2a2f524eadaef711ce1b3070e76d,8GPU_global_SUM
task_36682004c6a95ea32387ed4ff7b15f18c5c98f2d83c22b9bb189e734edb9ff75,cik:0000731766,other_financial,11,0,0,0,0,0,response_budget_exhausted,no_final,training_configuration:66e33251935910fe6c18c3aaafd50ad045d1f4946a1be1688da3a4b097bdf34d,single_GPU,response_budget_exhausted,no_final,training_configuration:66e33251935910fe6c18c3aaafd50ad045d1f4946a1be1688da3a4b097bdf34d,single_GPU,response_budget_exhausted,no_final,training_configuration:66e33251935910fe6c18c3aaafd50ad045d1f4946a1be1688da3a4b097bdf34d,single_GPU
task_36682004c6a95ea32387ed4ff7b15f18c5c98f2d83c22b9bb189e734edb9ff75,cik:0000731766,other_financial,29,0,0,0,0,0,response_budget_exhausted,no_final,training_configuration:66e33251935910fe6c18c3aaafd50ad045d1f4946a1be1688da3a4b097bdf34d,single_GPU,response_budget_exhausted,no_final,training_configuration:66e33251935910fe6c18c3aaafd50ad045d1f4946a1be1688da3a4b097bdf34d,single_GPU,response_budget_exhausted,no_final,training_configuration:66e33251935910fe6c18c3aaafd50ad045d1f4946a1be1688da3a4b097bdf34d,single_GPU
task_36682004c6a95ea32387ed4ff7b15f18c5c98f2d83c22b9bb189e734edb9ff75,cik:0000731766,other_financial,47,0,0,0,0,0,response_budget_exhausted,no_final,training_configuration:66e33251935910fe6c18c3aaafd50ad045d1f4946a1be1688da3a4b097bdf34d,single_GPU,response_budget_exhausted,no_final,training_configuration:66e33251935910fe6c18c3aaafd50ad045d1f4946a1be1688da3a4b097bdf34d,single_GPU,response_budget_exhausted,no_final,training_configuration:9959a7beb582708e6e56e89a63d55e5cb44f2a2f524eadaef711ce1b3070e76d,8GPU_global_SUM
task_388f2c17c2c5334fef5c4aec0c20f5abb4fda47e353434574f8af9b5f10dc494,cik:0001065280,dual_sufficient,11,0,0,0,0,0,first_final,assessment.final_not_supported_by_result,training_configuration:66e33251935910fe6c18c3aaafd50ad045d1f4946a1be1688da3a4b097bdf34d,single_GPU,first_final,assessment.final_not_supported_by_result,training_configuration:66e33251935910fe6c18c3aaafd50ad045d1f4946a1be1688da3a4b097bdf34d,single_GPU,first_final,assessment.final_not_supported_by_result,training_configuration:66e33251935910fe6c18c3aaafd50ad045d1f4946a1be1688da3a4b097bdf34d,single_GPU
task_388f2c17c2c5334fef5c4aec0c20f5abb4fda47e353434574f8af9b5f10dc494,cik:0001065280,dual_sufficient,29,0,0,0,0,0,first_final,assessment.final_not_supported_by_result,training_configuration:66e33251935910fe6c18c3aaafd50ad045d1f4946a1be1688da3a4b097bdf34d,single_GPU,first_final,assessment.final_not_supported_by_result,training_configuration:66e33251935910fe6c18c3aaafd50ad045d1f4946a1be1688da3a4b097bdf34d,single_GPU,first_final,assessment.final_not_supported_by_result,training_configuration:66e33251935910fe6c18c3aaafd50ad045d1f4946a1be1688da3a4b097bdf34d,single_GPU
task_388f2c17c2c5334fef5c4aec0c20f5abb4fda47e353434574f8af9b5f10dc494,cik:0001065280,dual_sufficient,47,0,0,0,0,0,first_final,assessment.final_not_supported_by_result,training_configuration:66e33251935910fe6c18c3aaafd50ad045d1f4946a1be1688da3a4b097bdf34d,single_GPU,first_final,assessment.final_not_supported_by_result,training_configuration:66e33251935910fe6c18c3aaafd50ad045d1f4946a1be1688da3a4b097bdf34d,single_GPU,first_final,assessment.final_not_supported_by_result,training_configuration:9959a7beb582708e6e56e89a63d55e5cb44f2a2f524eadaef711ce1b3070e76d,8GPU_global_SUM
task_396df44f9665fb4edce0bfa4e72ceaed9f1fdcc18603cf51106de549f5a394f4,cik:0000019617,composition_required,11,1,0,0,-1,-1,first_final,PASS,training_configuration:66e33251935910fe6c18c3aaafd50ad045d1f4946a1be1688da3a4b097bdf34d,single_GPU,response_budget_exhausted,no_final,training_configuration:66e33251935910fe6c18c3aaafd50ad045d1f4946a1be1688da3a4b097bdf34d,single_GPU,provider_error,no_final,training_configuration:66e33251935910fe6c18c3aaafd50ad045d1f4946a1be1688da3a4b097bdf34d,single_GPU
task_396df44f9665fb4edce0bfa4e72ceaed9f1fdcc18603cf51106de549f5a394f4,cik:0000019617,composition_required,29,0,0,0,0,0,provider_error,no_final,training_configuration:66e33251935910fe6c18c3aaafd50ad045d1f4946a1be1688da3a4b097bdf34d,single_GPU,response_budget_exhausted,no_final,training_configuration:66e33251935910fe6c18c3aaafd50ad045d1f4946a1be1688da3a4b097bdf34d,single_GPU,response_budget_exhausted,no_final,training_configuration:66e33251935910fe6c18c3aaafd50ad045d1f4946a1be1688da3a4b097bdf34d,single_GPU
task_396df44f9665fb4edce0bfa4e72ceaed9f1fdcc18603cf51106de549f5a394f4,cik:0000019617,composition_required,47,0,0,0,0,0,response_budget_exhausted,no_final,training_configuration:66e33251935910fe6c18c3aaafd50ad045d1f4946a1be1688da3a4b097bdf34d,single_GPU,response_budget_exhausted,no_final,training_configuration:66e33251935910fe6c18c3aaafd50ad045d1f4946a1be1688da3a4b097bdf34d,single_GPU,provider_error,no_final,training_configuration:9959a7beb582708e6e56e89a63d55e5cb44f2a2f524eadaef711ce1b3070e76d,8GPU_global_SUM
task_3ab9788b669db3dd76fa8f027c0371e7edb169a70af4f1cea57596c8a92caa6f,cik:0000796343,other_financial,11,0,0,0,0,0,response_budget_exhausted,no_final,training_configuration:66e33251935910fe6c18c3aaafd50ad045d1f4946a1be1688da3a4b097bdf34d,single_GPU,response_budget_exhausted,no_final,training_configuration:66e33251935910fe6c18c3aaafd50ad045d1f4946a1be1688da3a4b097bdf34d,single_GPU,response_budget_exhausted,no_final,training_configuration:66e33251935910fe6c18c3aaafd50ad045d1f4946a1be1688da3a4b097bdf34d,single_GPU
task_3ab9788b669db3dd76fa8f027c0371e7edb169a70af4f1cea57596c8a92caa6f,cik:0000796343,other_financial,29,0,0,0,0,0,response_budget_exhausted,no_final,training_configuration:66e33251935910fe6c18c3aaafd50ad045d1f4946a1be1688da3a4b097bdf34d,single_GPU,response_budget_exhausted,no_final,training_configuration:66e33251935910fe6c18c3aaafd50ad045d1f4946a1be1688da3a4b097bdf34d,single_GPU,response_budget_exhausted,no_final,training_configuration:66e33251935910fe6c18c3aaafd50ad045d1f4946a1be1688da3a4b097bdf34d,single_GPU
task_3ab9788b669db3dd76fa8f027c0371e7edb169a70af4f1cea57596c8a92caa6f,cik:0000796343,other_financial,47,0,0,0,0,0,first_final,assessment.final_selected_actual_period,training_configuration:66e33251935910fe6c18c3aaafd50ad045d1f4946a1be1688da3a4b097bdf34d,single_GPU,response_budget_exhausted,no_final,training_configuration:66e33251935910fe6c18c3aaafd50ad045d1f4946a1be1688da3a4b097bdf34d,single_GPU,response_budget_exhausted,no_final,training_configuration:9959a7beb582708e6e56e89a63d55e5cb44f2a2f524eadaef711ce1b3070e76d,8GPU_global_SUM
task_3bdbc262b2c352256791511fc54462c4c6c93308c45041f1a1d9d09229d495d3,cik:0000093410,composition_required,11,1,0,0,-1,-1,first_final,PASS,training_configuration:66e33251935910fe6c18c3aaafd50ad045d1f4946a1be1688da3a4b097bdf34d,single_GPU,response_budget_exhausted,no_final,training_configuration:66e33251935910fe6c18c3aaafd50ad045d1f4946a1be1688da3a4b097bdf34d,single_GPU,provider_error,no_final,training_configuration:66e33251935910fe6c18c3aaafd50ad045d1f4946a1be1688da3a4b097bdf34d,single_GPU
task_3bdbc262b2c352256791511fc54462c4c6c93308c45041f1a1d9d09229d495d3,cik:0000093410,composition_required,29,0,0,0,0,0,response_budget_exhausted,no_final,training_configuration:66e33251935910fe6c18c3aaafd50ad045d1f4946a1be1688da3a4b097bdf34d,single_GPU,response_budget_exhausted,no_final,training_configuration:66e33251935910fe6c18c3aaafd50ad045d1f4946a1be1688da3a4b097bdf34d,single_GPU,provider_error,no_final,training_configuration:66e33251935910fe6c18c3aaafd50ad045d1f4946a1be1688da3a4b097bdf34d,single_GPU
task_3bdbc262b2c352256791511fc54462c4c6c93308c45041f1a1d9d09229d495d3,cik:0000093410,composition_required,47,0,0,0,0,0,response_budget_exhausted,no_final,training_configuration:66e33251935910fe6c18c3aaafd50ad045d1f4946a1be1688da3a4b097bdf34d,single_GPU,provider_error,no_final,training_configuration:66e33251935910fe6c18c3aaafd50ad045d1f4946a1be1688da3a4b097bdf34d,single_GPU,provider_error,no_final,training_configuration:9959a7beb582708e6e56e89a63d55e5cb44f2a2f524eadaef711ce1b3070e76d,8GPU_global_SUM
task_3cdb9e411cb5857963052a04152a8e9bceb768a79636fee009d5dea32f1e1b11,cik:0000796343,dual_sufficient,11,0,0,0,0,0,first_final,assessment.final_not_supported_by_result,training_configuration:66e33251935910fe6c18c3aaafd50ad045d1f4946a1be1688da3a4b097bdf34d,single_GPU,first_final,assessment.final_not_supported_by_result,training_configuration:66e33251935910fe6c18c3aaafd50ad045d1f4946a1be1688da3a4b097bdf34d,single_GPU,first_final,assessment.final_not_supported_by_result,training_configuration:66e33251935910fe6c18c3aaafd50ad045d1f4946a1be1688da3a4b097bdf34d,single_GPU
task_3cdb9e411cb5857963052a04152a8e9bceb768a79636fee009d5dea32f1e1b11,cik:0000796343,dual_sufficient,29,0,0,0,0,0,first_final,assessment.final_not_supported_by_result,training_configuration:66e33251935910fe6c18c3aaafd50ad045d1f4946a1be1688da3a4b097bdf34d,single_GPU,first_final,assessment.final_not_supported_by_result,training_configuration:66e33251935910fe6c18c3aaafd50ad045d1f4946a1be1688da3a4b097bdf34d,single_GPU,first_final,assessment.final_not_supported_by_result,training_configuration:66e33251935910fe6c18c3aaafd50ad045d1f4946a1be1688da3a4b097bdf34d,single_GPU
task_3cdb9e411cb5857963052a04152a8e9bceb768a79636fee009d5dea32f1e1b11,cik:0000796343,dual_sufficient,47,0,0,0,0,0,first_final,assessment.final_not_supported_by_result,training_configuration:66e33251935910fe6c18c3aaafd50ad045d1f4946a1be1688da3a4b097bdf34d,single_GPU,first_final,assessment.final_not_supported_by_result,training_configuration:66e33251935910fe6c18c3aaafd50ad045d1f4946a1be1688da3a4b097bdf34d,single_GPU,first_final,assessment.final_not_supported_by_result,training_configuration:9959a7beb582708e6e56e89a63d55e5cb44f2a2f524eadaef711ce1b3070e76d,8GPU_global_SUM
task_3df774b99fce00a6958349c0f3b229182bda35fad45bb185a31572a03b9dc5b6,cik:0000731766,composition_required,11,0,0,0,0,0,provider_error,no_final,training_configuration:66e33251935910fe6c18c3aaafd50ad045d1f4946a1be1688da3a4b097bdf34d,single_GPU,provider_error,no_final,training_configuration:66e33251935910fe6c18c3aaafd50ad045d1f4946a1be1688da3a4b097bdf34d,single_GPU,first_final,assessment.mean_requires_all_three_actual_interval_amounts,training_configuration:66e33251935910fe6c18c3aaafd50ad045d1f4946a1be1688da3a4b097bdf34d,single_GPU
task_3df774b99fce00a6958349c0f3b229182bda35fad45bb185a31572a03b9dc5b6,cik:0000731766,composition_required,29,0,0,0,0,0,response_budget_exhausted,no_final,training_configuration:66e33251935910fe6c18c3aaafd50ad045d1f4946a1be1688da3a4b097bdf34d,single_GPU,provider_error,no_final,training_configuration:66e33251935910fe6c18c3aaafd50ad045d1f4946a1be1688da3a4b097bdf34d,single_GPU,response_budget_exhausted,no_final,training_configuration:66e33251935910fe6c18c3aaafd50ad045d1f4946a1be1688da3a4b097bdf34d,single_GPU
task_3df774b99fce00a6958349c0f3b229182bda35fad45bb185a31572a03b9dc5b6,cik:0000731766,composition_required,47,0,0,0,0,0,response_budget_exhausted,no_final,training_configuration:66e33251935910fe6c18c3aaafd50ad045d1f4946a1be1688da3a4b097bdf34d,single_GPU,response_budget_exhausted,no_final,training_configuration:66e33251935910fe6c18c3aaafd50ad045d1f4946a1be1688da3a4b097bdf34d,single_GPU,response_budget_exhausted,no_final,training_configuration:9959a7beb582708e6e56e89a63d55e5cb44f2a2f524eadaef711ce1b3070e76d,8GPU_global_SUM
task_41110e44e5c799238950789ef82bea6c9a418ab9b51dcf6eb7efdf67ff547ab4,cik:0000731766,composition_required,11,0,0,0,0,0,provider_error,no_final,training_configuration:66e33251935910fe6c18c3aaafd50ad045d1f4946a1be1688da3a4b097bdf34d,single_GPU,response_budget_exhausted,no_final,training_configuration:66e33251935910fe6c18c3aaafd50ad045d1f4946a1be1688da3a4b097bdf34d,single_GPU,provider_error,no_final,training_configuration:66e33251935910fe6c18c3aaafd50ad045d1f4946a1be1688da3a4b097bdf34d,single_GPU
task_41110e44e5c799238950789ef82bea6c9a418ab9b51dcf6eb7efdf67ff547ab4,cik:0000731766,composition_required,29,0,0,0,0,0,response_budget_exhausted,no_final,training_configuration:66e33251935910fe6c18c3aaafd50ad045d1f4946a1be1688da3a4b097bdf34d,single_GPU,response_budget_exhausted,no_final,training_configuration:66e33251935910fe6c18c3aaafd50ad045d1f4946a1be1688da3a4b097bdf34d,single_GPU,response_budget_exhausted,no_final,training_configuration:66e33251935910fe6c18c3aaafd50ad045d1f4946a1be1688da3a4b097bdf34d,single_GPU
task_41110e44e5c799238950789ef82bea6c9a418ab9b51dcf6eb7efdf67ff547ab4,cik:0000731766,composition_required,47,0,0,0,0,0,response_budget_exhausted,no_final,training_configuration:66e33251935910fe6c18c3aaafd50ad045d1f4946a1be1688da3a4b097bdf34d,single_GPU,response_budget_exhausted,no_final,training_configuration:66e33251935910fe6c18c3aaafd50ad045d1f4946a1be1688da3a4b097bdf34d,single_GPU,first_final,assessment.mean_requires_all_three_actual_interval_amounts,training_configuration:9959a7beb582708e6e56e89a63d55e5cb44f2a2f524eadaef711ce1b3070e76d,8GPU_global_SUM
task_41236afcb6856afc817664122a3fe2541eb5c5e5bb647c84919c90b56825171c,cik:0001403161,other_financial,11,0,0,0,0,0,response_budget_exhausted,no_final,training_configuration:66e33251935910fe6c18c3aaafd50ad045d1f4946a1be1688da3a4b097bdf34d,single_GPU,response_budget_exhausted,no_final,training_configuration:66e33251935910fe6c18c3aaafd50ad045d1f4946a1be1688da3a4b097bdf34d,single_GPU,provider_error,no_final,training_configuration:66e33251935910fe6c18c3aaafd50ad045d1f4946a1be1688da3a4b097bdf34d,single_GPU
task_41236afcb6856afc817664122a3fe2541eb5c5e5bb647c84919c90b56825171c,cik:0001403161,other_financial,29,0,0,0,0,0,response_budget_exhausted,no_final,training_configuration:66e33251935910fe6c18c3aaafd50ad045d1f4946a1be1688da3a4b097bdf34d,single_GPU,provider_error,no_final,training_configuration:66e33251935910fe6c18c3aaafd50ad045d1f4946a1be1688da3a4b097bdf34d,single_GPU,response_budget_exhausted,no_final,training_configuration:66e33251935910fe6c18c3aaafd50ad045d1f4946a1be1688da3a4b097bdf34d,single_GPU
task_41236afcb6856afc817664122a3fe2541eb5c5e5bb647c84919c90b56825171c,cik:0001403161,other_financial,47,0,0,0,0,0,provider_error,no_final,training_configuration:66e33251935910fe6c18c3aaafd50ad045d1f4946a1be1688da3a4b097bdf34d,single_GPU,provider_error,no_final,training_configuration:66e33251935910fe6c18c3aaafd50ad045d1f4946a1be1688da3a4b097bdf34d,single_GPU,response_budget_exhausted,no_final,training_configuration:9959a7beb582708e6e56e89a63d55e5cb44f2a2f524eadaef711ce1b3070e76d,8GPU_global_SUM
task_412cc58f62c27eff4bdfe82018783218fb683de2fa149364729fcff3f222e65a,cik:0000796343,dual_sufficient,11,0,0,0,0,0,first_final,assessment.final_not_supported_by_result,training_configuration:66e33251935910fe6c18c3aaafd50ad045d1f4946a1be1688da3a4b097bdf34d,single_GPU,first_final,assessment.final_not_supported_by_result,training_configuration:66e33251935910fe6c18c3aaafd50ad045d1f4946a1be1688da3a4b097bdf34d,single_GPU,first_final,assessment.final_not_supported_by_result,training_configuration:66e33251935910fe6c18c3aaafd50ad045d1f4946a1be1688da3a4b097bdf34d,single_GPU
task_412cc58f62c27eff4bdfe82018783218fb683de2fa149364729fcff3f222e65a,cik:0000796343,dual_sufficient,29,0,0,0,0,0,first_final,assessment.final_not_supported_by_result,training_configuration:66e33251935910fe6c18c3aaafd50ad045d1f4946a1be1688da3a4b097bdf34d,single_GPU,first_final,assessment.final_not_supported_by_result,training_configuration:66e33251935910fe6c18c3aaafd50ad045d1f4946a1be1688da3a4b097bdf34d,single_GPU,first_final,assessment.final_not_supported_by_result,training_configuration:66e33251935910fe6c18c3aaafd50ad045d1f4946a1be1688da3a4b097bdf34d,single_GPU
task_412cc58f62c27eff4bdfe82018783218fb683de2fa149364729fcff3f222e65a,cik:0000796343,dual_sufficient,47,0,0,0,0,0,first_final,assessment.final_not_supported_by_result,training_configuration:66e33251935910fe6c18c3aaafd50ad045d1f4946a1be1688da3a4b097bdf34d,single_GPU,first_final,assessment.final_not_supported_by_result,training_configuration:66e33251935910fe6c18c3aaafd50ad045d1f4946a1be1688da3a4b097bdf34d,single_GPU,first_final,assessment.final_not_supported_by_result,training_configuration:9959a7beb582708e6e56e89a63d55e5cb44f2a2f524eadaef711ce1b3070e76d,8GPU_global_SUM
task_45703fc8ef935ee7292a7f8ec24b07ef6e0a58714681ec1d8eb1efd3975eb855,cik:0000796343,dual_sufficient,11,1,1,1,0,0,first_final,PASS,training_configuration:66e33251935910fe6c18c3aaafd50ad045d1f4946a1be1688da3a4b097bdf34d,single_GPU,first_final,PASS,training_configuration:66e33251935910fe6c18c3aaafd50ad045d1f4946a1be1688da3a4b097bdf34d,single_GPU,first_final,PASS,training_configuration:66e33251935910fe6c18c3aaafd50ad045d1f4946a1be1688da3a4b097bdf34d,single_GPU
task_45703fc8ef935ee7292a7f8ec24b07ef6e0a58714681ec1d8eb1efd3975eb855,cik:0000796343,dual_sufficient,29,1,1,1,0,0,first_final,PASS,training_configuration:66e33251935910fe6c18c3aaafd50ad045d1f4946a1be1688da3a4b097bdf34d,single_GPU,first_final,PASS,training_configuration:66e33251935910fe6c18c3aaafd50ad045d1f4946a1be1688da3a4b097bdf34d,single_GPU,first_final,PASS,training_configuration:66e33251935910fe6c18c3aaafd50ad045d1f4946a1be1688da3a4b097bdf34d,single_GPU
task_45703fc8ef935ee7292a7f8ec24b07ef6e0a58714681ec1d8eb1efd3975eb855,cik:0000796343,dual_sufficient,47,1,1,1,0,0,first_final,PASS,training_configuration:66e33251935910fe6c18c3aaafd50ad045d1f4946a1be1688da3a4b097bdf34d,single_GPU,first_final,PASS,training_configuration:66e33251935910fe6c18c3aaafd50ad045d1f4946a1be1688da3a4b097bdf34d,single_GPU,first_final,PASS,training_configuration:9959a7beb582708e6e56e89a63d55e5cb44f2a2f524eadaef711ce1b3070e76d,8GPU_global_SUM
task_45d937c42cc91ae393ea39cee5a51aacd58ec685ca0d27d6fb743fb4ae2b627d,cik:0000796343,dual_sufficient,11,1,0,1,-1,0,first_final,PASS,training_configuration:66e33251935910fe6c18c3aaafd50ad045d1f4946a1be1688da3a4b097bdf34d,single_GPU,first_final,assessment.final_not_supported_by_result,training_configuration:66e33251935910fe6c18c3aaafd50ad045d1f4946a1be1688da3a4b097bdf34d,single_GPU,first_final,PASS,training_configuration:66e33251935910fe6c18c3aaafd50ad045d1f4946a1be1688da3a4b097bdf34d,single_GPU
task_45d937c42cc91ae393ea39cee5a51aacd58ec685ca0d27d6fb743fb4ae2b627d,cik:0000796343,dual_sufficient,29,1,0,1,-1,0,first_final,PASS,training_configuration:66e33251935910fe6c18c3aaafd50ad045d1f4946a1be1688da3a4b097bdf34d,single_GPU,first_final,assessment.final_not_supported_by_result,training_configuration:66e33251935910fe6c18c3aaafd50ad045d1f4946a1be1688da3a4b097bdf34d,single_GPU,first_final,PASS,training_configuration:66e33251935910fe6c18c3aaafd50ad045d1f4946a1be1688da3a4b097bdf34d,single_GPU
task_45d937c42cc91ae393ea39cee5a51aacd58ec685ca0d27d6fb743fb4ae2b627d,cik:0000796343,dual_sufficient,47,1,1,1,0,0,first_final,PASS,training_configuration:66e33251935910fe6c18c3aaafd50ad045d1f4946a1be1688da3a4b097bdf34d,single_GPU,first_final,PASS,training_configuration:66e33251935910fe6c18c3aaafd50ad045d1f4946a1be1688da3a4b097bdf34d,single_GPU,first_final,PASS,training_configuration:9959a7beb582708e6e56e89a63d55e5cb44f2a2f524eadaef711ce1b3070e76d,8GPU_global_SUM
task_46358df396e3ceaf03f701b51ed4318c3695ac496eb3a7adf5881dfa6c23700f,cik:0000021344,composition_required,11,1,1,1,0,0,first_final,PASS,training_configuration:66e33251935910fe6c18c3aaafd50ad045d1f4946a1be1688da3a4b097bdf34d,single_GPU,first_final,PASS,training_configuration:66e33251935910fe6c18c3aaafd50ad045d1f4946a1be1688da3a4b097bdf34d,single_GPU,first_final,PASS,training_configuration:66e33251935910fe6c18c3aaafd50ad045d1f4946a1be1688da3a4b097bdf34d,single_GPU
task_46358df396e3ceaf03f701b51ed4318c3695ac496eb3a7adf5881dfa6c23700f,cik:0000021344,composition_required,29,1,1,1,0,0,first_final,PASS,training_configuration:66e33251935910fe6c18c3aaafd50ad045d1f4946a1be1688da3a4b097bdf34d,single_GPU,first_final,PASS,training_configuration:66e33251935910fe6c18c3aaafd50ad045d1f4946a1be1688da3a4b097bdf34d,single_GPU,first_final,PASS,training_configuration:66e33251935910fe6c18c3aaafd50ad045d1f4946a1be1688da3a4b097bdf34d,single_GPU
task_46358df396e3ceaf03f701b51ed4318c3695ac496eb3a7adf5881dfa6c23700f,cik:0000021344,composition_required,47,0,0,1,0,1,response_budget_exhausted,no_final,training_configuration:66e33251935910fe6c18c3aaafd50ad045d1f4946a1be1688da3a4b097bdf34d,single_GPU,response_budget_exhausted,no_final,training_configuration:66e33251935910fe6c18c3aaafd50ad045d1f4946a1be1688da3a4b097bdf34d,single_GPU,first_final,PASS,training_configuration:9959a7beb582708e6e56e89a63d55e5cb44f2a2f524eadaef711ce1b3070e76d,8GPU_global_SUM
task_4944f8be6674a4c5fe7ee3d2c50ae4904df4abde4df2d4ffcb40af5cb6fc9c43,cik:0001403161,composition_required,11,0,1,0,1,0,provider_error,no_final,training_configuration:66e33251935910fe6c18c3aaafd50ad045d1f4946a1be1688da3a4b097bdf34d,single_GPU,first_final,PASS,training_configuration:66e33251935910fe6c18c3aaafd50ad045d1f4946a1be1688da3a4b097bdf34d,single_GPU,provider_error,no_final,training_configuration:66e33251935910fe6c18c3aaafd50ad045d1f4946a1be1688da3a4b097bdf34d,single_GPU
task_4944f8be6674a4c5fe7ee3d2c50ae4904df4abde4df2d4ffcb40af5cb6fc9c43,cik:0001403161,composition_required,29,1,1,0,0,-1,first_final,PASS,training_configuration:66e33251935910fe6c18c3aaafd50ad045d1f4946a1be1688da3a4b097bdf34d,single_GPU,first_final,PASS,training_configuration:66e33251935910fe6c18c3aaafd50ad045d1f4946a1be1688da3a4b097bdf34d,single_GPU,provider_error,no_final,training_configuration:66e33251935910fe6c18c3aaafd50ad045d1f4946a1be1688da3a4b097bdf34d,single_GPU
task_4944f8be6674a4c5fe7ee3d2c50ae4904df4abde4df2d4ffcb40af5cb6fc9c43,cik:0001403161,composition_required,47,0,0,0,0,0,provider_error,no_final,training_configuration:66e33251935910fe6c18c3aaafd50ad045d1f4946a1be1688da3a4b097bdf34d,single_GPU,response_budget_exhausted,no_final,training_configuration:66e33251935910fe6c18c3aaafd50ad045d1f4946a1be1688da3a4b097bdf34d,single_GPU,provider_error,no_final,training_configuration:9959a7beb582708e6e56e89a63d55e5cb44f2a2f524eadaef711ce1b3070e76d,8GPU_global_SUM
task_49c29fc86a5604b592560447f55e30d0882226581b98e4e2ee29e83c407c3e37,cik:0000796343,dual_sufficient,11,0,0,0,0,0,first_final,assessment.final_not_supported_by_result,training_configuration:66e33251935910fe6c18c3aaafd50ad045d1f4946a1be1688da3a4b097bdf34d,single_GPU,first_final,assessment.final_not_supported_by_result,training_configuration:66e33251935910fe6c18c3aaafd50ad045d1f4946a1be1688da3a4b097bdf34d,single_GPU,first_final,assessment.final_not_supported_by_result,training_configuration:66e33251935910fe6c18c3aaafd50ad045d1f4946a1be1688da3a4b097bdf34d,single_GPU
task_49c29fc86a5604b592560447f55e30d0882226581b98e4e2ee29e83c407c3e37,cik:0000796343,dual_sufficient,29,0,0,0,0,0,first_final,assessment.final_not_supported_by_result,training_configuration:66e33251935910fe6c18c3aaafd50ad045d1f4946a1be1688da3a4b097bdf34d,single_GPU,first_final,assessment.final_not_supported_by_result,training_configuration:66e33251935910fe6c18c3aaafd50ad045d1f4946a1be1688da3a4b097bdf34d,single_GPU,first_final,assessment.final_not_supported_by_result,training_configuration:66e33251935910fe6c18c3aaafd50ad045d1f4946a1be1688da3a4b097bdf34d,single_GPU
task_49c29fc86a5604b592560447f55e30d0882226581b98e4e2ee29e83c407c3e37,cik:0000796343,dual_sufficient,47,0,0,0,0,0,first_final,assessment.final_not_supported_by_result,training_configuration:66e33251935910fe6c18c3aaafd50ad045d1f4946a1be1688da3a4b097bdf34d,single_GPU,first_final,assessment.final_not_supported_by_result,training_configuration:66e33251935910fe6c18c3aaafd50ad045d1f4946a1be1688da3a4b097bdf34d,single_GPU,first_final,assessment.final_not_supported_by_result,training_configuration:9959a7beb582708e6e56e89a63d55e5cb44f2a2f524eadaef711ce1b3070e76d,8GPU_global_SUM
task_49c7f2f2beef586893c4d2386f863a14f97bb1fd20528c558981db4056287ab2,cik:0000731766,other_financial,11,0,0,0,0,0,response_budget_exhausted,no_final,training_configuration:66e33251935910fe6c18c3aaafd50ad045d1f4946a1be1688da3a4b097bdf34d,single_GPU,response_budget_exhausted,no_final,training_configuration:66e33251935910fe6c18c3aaafd50ad045d1f4946a1be1688da3a4b097bdf34d,single_GPU,response_budget_exhausted,no_final,training_configuration:66e33251935910fe6c18c3aaafd50ad045d1f4946a1be1688da3a4b097bdf34d,single_GPU
task_49c7f2f2beef586893c4d2386f863a14f97bb1fd20528c558981db4056287ab2,cik:0000731766,other_financial,29,0,0,0,0,0,response_budget_exhausted,no_final,training_configuration:66e33251935910fe6c18c3aaafd50ad045d1f4946a1be1688da3a4b097bdf34d,single_GPU,response_budget_exhausted,no_final,training_configuration:66e33251935910fe6c18c3aaafd50ad045d1f4946a1be1688da3a4b097bdf34d,single_GPU,response_budget_exhausted,no_final,training_configuration:66e33251935910fe6c18c3aaafd50ad045d1f4946a1be1688da3a4b097bdf34d,single_GPU
task_49c7f2f2beef586893c4d2386f863a14f97bb1fd20528c558981db4056287ab2,cik:0000731766,other_financial,47,0,0,0,0,0,response_budget_exhausted,no_final,training_configuration:66e33251935910fe6c18c3aaafd50ad045d1f4946a1be1688da3a4b097bdf34d,single_GPU,response_budget_exhausted,no_final,training_configuration:66e33251935910fe6c18c3aaafd50ad045d1f4946a1be1688da3a4b097bdf34d,single_GPU,response_budget_exhausted,no_final,training_configuration:9959a7beb582708e6e56e89a63d55e5cb44f2a2f524eadaef711ce1b3070e76d,8GPU_global_SUM
task_4a976d5385711966077b17e0099e06b2c4f7bdeeecbe2e2b5e1ac044e670c8a6,cik:0000796343,dual_sufficient,11,1,1,1,0,0,first_final,PASS,training_configuration:66e33251935910fe6c18c3aaafd50ad045d1f4946a1be1688da3a4b097bdf34d,single_GPU,first_final,PASS,training_configuration:66e33251935910fe6c18c3aaafd50ad045d1f4946a1be1688da3a4b097bdf34d,single_GPU,first_final,PASS,training_configuration:66e33251935910fe6c18c3aaafd50ad045d1f4946a1be1688da3a4b097bdf34d,single_GPU
task_4a976d5385711966077b17e0099e06b2c4f7bdeeecbe2e2b5e1ac044e670c8a6,cik:0000796343,dual_sufficient,29,1,1,1,0,0,first_final,PASS,training_configuration:66e33251935910fe6c18c3aaafd50ad045d1f4946a1be1688da3a4b097bdf34d,single_GPU,first_final,PASS,training_configuration:66e33251935910fe6c18c3aaafd50ad045d1f4946a1be1688da3a4b097bdf34d,single_GPU,first_final,PASS,training_configuration:66e33251935910fe6c18c3aaafd50ad045d1f4946a1be1688da3a4b097bdf34d,single_GPU
task_4a976d5385711966077b17e0099e06b2c4f7bdeeecbe2e2b5e1ac044e670c8a6,cik:0000796343,dual_sufficient,47,1,1,1,0,0,first_final,PASS,training_configuration:66e33251935910fe6c18c3aaafd50ad045d1f4946a1be1688da3a4b097bdf34d,single_GPU,first_final,PASS,training_configuration:66e33251935910fe6c18c3aaafd50ad045d1f4946a1be1688da3a4b097bdf34d,single_GPU,first_final,PASS,training_configuration:9959a7beb582708e6e56e89a63d55e5cb44f2a2f524eadaef711ce1b3070e76d,8GPU_global_SUM
task_4b3983648aafd8215c8e704c3050cf97949cc2c421d43dbec7dea20a3c53ce3f,cik:0000093410,other_financial,11,0,0,0,0,0,response_budget_exhausted,no_final,training_configuration:66e33251935910fe6c18c3aaafd50ad045d1f4946a1be1688da3a4b097bdf34d,single_GPU,response_budget_exhausted,no_final,training_configuration:66e33251935910fe6c18c3aaafd50ad045d1f4946a1be1688da3a4b097bdf34d,single_GPU,first_final,assessment.not_a_financial_arithmetic_result,training_configuration:66e33251935910fe6c18c3aaafd50ad045d1f4946a1be1688da3a4b097bdf34d,single_GPU
task_4b3983648aafd8215c8e704c3050cf97949cc2c421d43dbec7dea20a3c53ce3f,cik:0000093410,other_financial,29,0,0,0,0,0,response_budget_exhausted,no_final,training_configuration:66e33251935910fe6c18c3aaafd50ad045d1f4946a1be1688da3a4b097bdf34d,single_GPU,first_final,assessment.final_not_supported_by_result,training_configuration:66e33251935910fe6c18c3aaafd50ad045d1f4946a1be1688da3a4b097bdf34d,single_GPU,response_budget_exhausted,no_final,training_configuration:66e33251935910fe6c18c3aaafd50ad045d1f4946a1be1688da3a4b097bdf34d,single_GPU
task_4b3983648aafd8215c8e704c3050cf97949cc2c421d43dbec7dea20a3c53ce3f,cik:0000093410,other_financial,47,0,0,0,0,0,response_budget_exhausted,no_final,training_configuration:66e33251935910fe6c18c3aaafd50ad045d1f4946a1be1688da3a4b097bdf34d,single_GPU,response_budget_exhausted,no_final,training_configuration:66e33251935910fe6c18c3aaafd50ad045d1f4946a1be1688da3a4b097bdf34d,single_GPU,first_final,assessment.final_not_supported_by_result,training_configuration:9959a7beb582708e6e56e89a63d55e5cb44f2a2f524eadaef711ce1b3070e76d,8GPU_global_SUM
task_51a1e1bf82ca6511de9f70e9ebc785a5b3fe9fa6de60ff421792382484c72363,cik:0000021344,dual_sufficient,11,1,0,1,-1,0,first_final,PASS,training_configuration:66e33251935910fe6c18c3aaafd50ad045d1f4946a1be1688da3a4b097bdf34d,single_GPU,first_final,assessment.final_not_supported_by_result,training_configuration:66e33251935910fe6c18c3aaafd50ad045d1f4946a1be1688da3a4b097bdf34d,single_GPU,first_final,PASS,training_configuration:66e33251935910fe6c18c3aaafd50ad045d1f4946a1be1688da3a4b097bdf34d,single_GPU
task_51a1e1bf82ca6511de9f70e9ebc785a5b3fe9fa6de60ff421792382484c72363,cik:0000021344,dual_sufficient,29,1,1,0,0,-1,first_final,PASS,training_configuration:66e33251935910fe6c18c3aaafd50ad045d1f4946a1be1688da3a4b097bdf34d,single_GPU,first_final,PASS,training_configuration:66e33251935910fe6c18c3aaafd50ad045d1f4946a1be1688da3a4b097bdf34d,single_GPU,first_final,assessment.final_not_supported_by_result,training_configuration:66e33251935910fe6c18c3aaafd50ad045d1f4946a1be1688da3a4b097bdf34d,single_GPU
task_51a1e1bf82ca6511de9f70e9ebc785a5b3fe9fa6de60ff421792382484c72363,cik:0000021344,dual_sufficient,47,0,1,0,1,0,first_final,assessment.final_not_supported_by_result,training_configuration:66e33251935910fe6c18c3aaafd50ad045d1f4946a1be1688da3a4b097bdf34d,single_GPU,first_final,PASS,training_configuration:66e33251935910fe6c18c3aaafd50ad045d1f4946a1be1688da3a4b097bdf34d,single_GPU,first_final,assessment.final_not_supported_by_result,training_configuration:9959a7beb582708e6e56e89a63d55e5cb44f2a2f524eadaef711ce1b3070e76d,8GPU_global_SUM
task_534cea5be4bd7315697861bd8d22aa369bb70483685f00907d1e29a39f401e1e,cik:0000021344,composition_required,11,1,1,1,0,0,first_final,PASS,training_configuration:66e33251935910fe6c18c3aaafd50ad045d1f4946a1be1688da3a4b097bdf34d,single_GPU,first_final,PASS,training_configuration:66e33251935910fe6c18c3aaafd50ad045d1f4946a1be1688da3a4b097bdf34d,single_GPU,first_final,PASS,training_configuration:66e33251935910fe6c18c3aaafd50ad045d1f4946a1be1688da3a4b097bdf34d,single_GPU
task_534cea5be4bd7315697861bd8d22aa369bb70483685f00907d1e29a39f401e1e,cik:0000021344,composition_required,29,1,1,1,0,0,first_final,PASS,training_configuration:66e33251935910fe6c18c3aaafd50ad045d1f4946a1be1688da3a4b097bdf34d,single_GPU,first_final,PASS,training_configuration:66e33251935910fe6c18c3aaafd50ad045d1f4946a1be1688da3a4b097bdf34d,single_GPU,first_final,PASS,training_configuration:66e33251935910fe6c18c3aaafd50ad045d1f4946a1be1688da3a4b097bdf34d,single_GPU
task_534cea5be4bd7315697861bd8d22aa369bb70483685f00907d1e29a39f401e1e,cik:0000021344,composition_required,47,1,0,1,-1,0,first_final,PASS,training_configuration:66e33251935910fe6c18c3aaafd50ad045d1f4946a1be1688da3a4b097bdf34d,single_GPU,response_budget_exhausted,no_final,training_configuration:66e33251935910fe6c18c3aaafd50ad045d1f4946a1be1688da3a4b097bdf34d,single_GPU,first_final,PASS,training_configuration:9959a7beb582708e6e56e89a63d55e5cb44f2a2f524eadaef711ce1b3070e76d,8GPU_global_SUM
task_553f6de86efc47c2c0ab248ce39b7fde5591c18d9e9582834059090028d53f17,cik:0001065280,composition_required,11,1,1,1,0,0,first_final,PASS,training_configuration:66e33251935910fe6c18c3aaafd50ad045d1f4946a1be1688da3a4b097bdf34d,single_GPU,first_final,PASS,training_configuration:66e33251935910fe6c18c3aaafd50ad045d1f4946a1be1688da3a4b097bdf34d,single_GPU,first_final,PASS,training_configuration:66e33251935910fe6c18c3aaafd50ad045d1f4946a1be1688da3a4b097bdf34d,single_GPU
task_553f6de86efc47c2c0ab248ce39b7fde5591c18d9e9582834059090028d53f17,cik:0001065280,composition_required,29,1,1,1,0,0,first_final,PASS,training_configuration:66e33251935910fe6c18c3aaafd50ad045d1f4946a1be1688da3a4b097bdf34d,single_GPU,first_final,PASS,training_configuration:66e33251935910fe6c18c3aaafd50ad045d1f4946a1be1688da3a4b097bdf34d,single_GPU,first_final,PASS,training_configuration:66e33251935910fe6c18c3aaafd50ad045d1f4946a1be1688da3a4b097bdf34d,single_GPU
task_553f6de86efc47c2c0ab248ce39b7fde5591c18d9e9582834059090028d53f17,cik:0001065280,composition_required,47,0,0,1,0,1,response_budget_exhausted,no_final,training_configuration:66e33251935910fe6c18c3aaafd50ad045d1f4946a1be1688da3a4b097bdf34d,single_GPU,response_budget_exhausted,no_final,training_configuration:66e33251935910fe6c18c3aaafd50ad045d1f4946a1be1688da3a4b097bdf34d,single_GPU,first_final,PASS,training_configuration:9959a7beb582708e6e56e89a63d55e5cb44f2a2f524eadaef711ce1b3070e76d,8GPU_global_SUM
task_56623d9ae2a34254aaf6ceb3ffb3ee48ba6220a353e35c939316d53a5a80ce3c,cik:0000796343,dual_sufficient,11,1,1,1,0,0,first_final,PASS,training_configuration:66e33251935910fe6c18c3aaafd50ad045d1f4946a1be1688da3a4b097bdf34d,single_GPU,first_final,PASS,training_configuration:66e33251935910fe6c18c3aaafd50ad045d1f4946a1be1688da3a4b097bdf34d,single_GPU,first_final,PASS,training_configuration:66e33251935910fe6c18c3aaafd50ad045d1f4946a1be1688da3a4b097bdf34d,single_GPU
task_56623d9ae2a34254aaf6ceb3ffb3ee48ba6220a353e35c939316d53a5a80ce3c,cik:0000796343,dual_sufficient,29,1,1,1,0,0,first_final,PASS,training_configuration:66e33251935910fe6c18c3aaafd50ad045d1f4946a1be1688da3a4b097bdf34d,single_GPU,first_final,PASS,training_configuration:66e33251935910fe6c18c3aaafd50ad045d1f4946a1be1688da3a4b097bdf34d,single_GPU,first_final,PASS,training_configuration:66e33251935910fe6c18c3aaafd50ad045d1f4946a1be1688da3a4b097bdf34d,single_GPU
task_56623d9ae2a34254aaf6ceb3ffb3ee48ba6220a353e35c939316d53a5a80ce3c,cik:0000796343,dual_sufficient,47,1,1,1,0,0,first_final,PASS,training_configuration:66e33251935910fe6c18c3aaafd50ad045d1f4946a1be1688da3a4b097bdf34d,single_GPU,first_final,PASS,training_configuration:66e33251935910fe6c18c3aaafd50ad045d1f4946a1be1688da3a4b097bdf34d,single_GPU,first_final,PASS,training_configuration:9959a7beb582708e6e56e89a63d55e5cb44f2a2f524eadaef711ce1b3070e76d,8GPU_global_SUM
task_56d6091909cb868aa54cf65e905e0392abc2175bc3386a3ede8ab29366cc7c2d,cik:0000092122,other_financial,11,0,0,0,0,0,response_budget_exhausted,no_final,training_configuration:66e33251935910fe6c18c3aaafd50ad045d1f4946a1be1688da3a4b097bdf34d,single_GPU,response_budget_exhausted,no_final,training_configuration:66e33251935910fe6c18c3aaafd50ad045d1f4946a1be1688da3a4b097bdf34d,single_GPU,response_budget_exhausted,no_final,training_configuration:66e33251935910fe6c18c3aaafd50ad045d1f4946a1be1688da3a4b097bdf34d,single_GPU
task_56d6091909cb868aa54cf65e905e0392abc2175bc3386a3ede8ab29366cc7c2d,cik:0000092122,other_financial,29,0,0,0,0,0,response_budget_exhausted,no_final,training_configuration:66e33251935910fe6c18c3aaafd50ad045d1f4946a1be1688da3a4b097bdf34d,single_GPU,response_budget_exhausted,no_final,training_configuration:66e33251935910fe6c18c3aaafd50ad045d1f4946a1be1688da3a4b097bdf34d,single_GPU,response_budget_exhausted,no_final,training_configuration:66e33251935910fe6c18c3aaafd50ad045d1f4946a1be1688da3a4b097bdf34d,single_GPU
task_56d6091909cb868aa54cf65e905e0392abc2175bc3386a3ede8ab29366cc7c2d,cik:0000092122,other_financial,47,0,0,0,0,0,response_budget_exhausted,no_final,training_configuration:66e33251935910fe6c18c3aaafd50ad045d1f4946a1be1688da3a4b097bdf34d,single_GPU,response_budget_exhausted,no_final,training_configuration:66e33251935910fe6c18c3aaafd50ad045d1f4946a1be1688da3a4b097bdf34d,single_GPU,response_budget_exhausted,no_final,training_configuration:9959a7beb582708e6e56e89a63d55e5cb44f2a2f524eadaef711ce1b3070e76d,8GPU_global_SUM
task_59533d999b482a8c43b56aeeebc601946155816b3008de863c54a3f1fa398806,cik:0000796343,other_financial,11,0,0,0,0,0,response_budget_exhausted,no_final,training_configuration:66e33251935910fe6c18c3aaafd50ad045d1f4946a1be1688da3a4b097bdf34d,single_GPU,response_budget_exhausted,no_final,training_configuration:66e33251935910fe6c18c3aaafd50ad045d1f4946a1be1688da3a4b097bdf34d,single_GPU,provider_error,no_final,training_configuration:66e33251935910fe6c18c3aaafd50ad045d1f4946a1be1688da3a4b097bdf34d,single_GPU
task_59533d999b482a8c43b56aeeebc601946155816b3008de863c54a3f1fa398806,cik:0000796343,other_financial,29,0,0,0,0,0,response_budget_exhausted,no_final,training_configuration:66e33251935910fe6c18c3aaafd50ad045d1f4946a1be1688da3a4b097bdf34d,single_GPU,response_budget_exhausted,no_final,training_configuration:66e33251935910fe6c18c3aaafd50ad045d1f4946a1be1688da3a4b097bdf34d,single_GPU,response_budget_exhausted,no_final,training_configuration:66e33251935910fe6c18c3aaafd50ad045d1f4946a1be1688da3a4b097bdf34d,single_GPU
task_59533d999b482a8c43b56aeeebc601946155816b3008de863c54a3f1fa398806,cik:0000796343,other_financial,47,0,0,0,0,0,response_budget_exhausted,no_final,training_configuration:66e33251935910fe6c18c3aaafd50ad045d1f4946a1be1688da3a4b097bdf34d,single_GPU,response_budget_exhausted,no_final,training_configuration:66e33251935910fe6c18c3aaafd50ad045d1f4946a1be1688da3a4b097bdf34d,single_GPU,response_budget_exhausted,no_final,training_configuration:9959a7beb582708e6e56e89a63d55e5cb44f2a2f524eadaef711ce1b3070e76d,8GPU_global_SUM
task_5aea1b6fabd96e1b795b25e161c1a3859492434df159dbb47ebe403e2fd7a5cb,cik:0000796343,dual_sufficient,11,1,1,1,0,0,first_final,PASS,training_configuration:66e33251935910fe6c18c3aaafd50ad045d1f4946a1be1688da3a4b097bdf34d,single_GPU,first_final,PASS,training_configuration:66e33251935910fe6c18c3aaafd50ad045d1f4946a1be1688da3a4b097bdf34d,single_GPU,first_final,PASS,training_configuration:66e33251935910fe6c18c3aaafd50ad045d1f4946a1be1688da3a4b097bdf34d,single_GPU
task_5aea1b6fabd96e1b795b25e161c1a3859492434df159dbb47ebe403e2fd7a5cb,cik:0000796343,dual_sufficient,29,1,1,1,0,0,first_final,PASS,training_configuration:66e33251935910fe6c18c3aaafd50ad045d1f4946a1be1688da3a4b097bdf34d,single_GPU,first_final,PASS,training_configuration:66e33251935910fe6c18c3aaafd50ad045d1f4946a1be1688da3a4b097bdf34d,single_GPU,first_final,PASS,training_configuration:66e33251935910fe6c18c3aaafd50ad045d1f4946a1be1688da3a4b097bdf34d,single_GPU
task_5aea1b6fabd96e1b795b25e161c1a3859492434df159dbb47ebe403e2fd7a5cb,cik:0000796343,dual_sufficient,47,1,1,1,0,0,first_final,PASS,training_configuration:66e33251935910fe6c18c3aaafd50ad045d1f4946a1be1688da3a4b097bdf34d,single_GPU,first_final,PASS,training_configuration:66e33251935910fe6c18c3aaafd50ad045d1f4946a1be1688da3a4b097bdf34d,single_GPU,first_final,PASS,training_configuration:9959a7beb582708e6e56e89a63d55e5cb44f2a2f524eadaef711ce1b3070e76d,8GPU_global_SUM
task_5ea4f5130bed2a6fefc83483d3d5167bffa1b11f9b51274b68eddee965574827,cik:0000021344,composition_required,11,1,0,1,-1,0,first_final,PASS,training_configuration:66e33251935910fe6c18c3aaafd50ad045d1f4946a1be1688da3a4b097bdf34d,single_GPU,response_budget_exhausted,no_final,training_configuration:66e33251935910fe6c18c3aaafd50ad045d1f4946a1be1688da3a4b097bdf34d,single_GPU,first_final,PASS,training_configuration:66e33251935910fe6c18c3aaafd50ad045d1f4946a1be1688da3a4b097bdf34d,single_GPU
task_5ea4f5130bed2a6fefc83483d3d5167bffa1b11f9b51274b68eddee965574827,cik:0000021344,composition_required,29,0,0,0,0,0,response_budget_exhausted,no_final,training_configuration:66e33251935910fe6c18c3aaafd50ad045d1f4946a1be1688da3a4b097bdf34d,single_GPU,response_budget_exhausted,no_final,training_configuration:66e33251935910fe6c18c3aaafd50ad045d1f4946a1be1688da3a4b097bdf34d,single_GPU,response_budget_exhausted,no_final,training_configuration:66e33251935910fe6c18c3aaafd50ad045d1f4946a1be1688da3a4b097bdf34d,single_GPU
task_5ea4f5130bed2a6fefc83483d3d5167bffa1b11f9b51274b68eddee965574827,cik:0000021344,composition_required,47,0,0,0,0,0,response_budget_exhausted,no_final,training_configuration:66e33251935910fe6c18c3aaafd50ad045d1f4946a1be1688da3a4b097bdf34d,single_GPU,response_budget_exhausted,no_final,training_configuration:66e33251935910fe6c18c3aaafd50ad045d1f4946a1be1688da3a4b097bdf34d,single_GPU,response_budget_exhausted,no_final,training_configuration:9959a7beb582708e6e56e89a63d55e5cb44f2a2f524eadaef711ce1b3070e76d,8GPU_global_SUM
task_5f63e7e6cf957fa8c8578595f013e0a3d8b6fdecdaf416f8dec2a89901d050bb,cik:0001065280,other_financial,11,0,0,0,0,0,response_budget_exhausted,no_final,training_configuration:66e33251935910fe6c18c3aaafd50ad045d1f4946a1be1688da3a4b097bdf34d,single_GPU,response_budget_exhausted,no_final,training_configuration:66e33251935910fe6c18c3aaafd50ad045d1f4946a1be1688da3a4b097bdf34d,single_GPU,response_budget_exhausted,no_final,training_configuration:66e33251935910fe6c18c3aaafd50ad045d1f4946a1be1688da3a4b097bdf34d,single_GPU
task_5f63e7e6cf957fa8c8578595f013e0a3d8b6fdecdaf416f8dec2a89901d050bb,cik:0001065280,other_financial,29,0,0,0,0,0,response_budget_exhausted,no_final,training_configuration:66e33251935910fe6c18c3aaafd50ad045d1f4946a1be1688da3a4b097bdf34d,single_GPU,response_budget_exhausted,no_final,training_configuration:66e33251935910fe6c18c3aaafd50ad045d1f4946a1be1688da3a4b097bdf34d,single_GPU,response_budget_exhausted,no_final,training_configuration:66e33251935910fe6c18c3aaafd50ad045d1f4946a1be1688da3a4b097bdf34d,single_GPU
task_5f63e7e6cf957fa8c8578595f013e0a3d8b6fdecdaf416f8dec2a89901d050bb,cik:0001065280,other_financial,47,0,0,0,0,0,response_budget_exhausted,no_final,training_configuration:66e33251935910fe6c18c3aaafd50ad045d1f4946a1be1688da3a4b097bdf34d,single_GPU,first_final,assessment.selection_unique_public_candidate_period,training_configuration:66e33251935910fe6c18c3aaafd50ad045d1f4946a1be1688da3a4b097bdf34d,single_GPU,response_budget_exhausted,no_final,training_configuration:9959a7beb582708e6e56e89a63d55e5cb44f2a2f524eadaef711ce1b3070e76d,8GPU_global_SUM
task_619e3f754f3f56b17b2c28c0cde06a8d794ba974b12e11a039583ae1cdddcc0a,cik:0000109198,composition_required,11,0,0,0,0,0,first_final,assessment.mean_requires_all_three_actual_interval_amounts,training_configuration:66e33251935910fe6c18c3aaafd50ad045d1f4946a1be1688da3a4b097bdf34d,single_GPU,first_final,assessment.mean_requires_all_three_actual_interval_amounts,training_configuration:66e33251935910fe6c18c3aaafd50ad045d1f4946a1be1688da3a4b097bdf34d,single_GPU,first_final,assessment.mean_requires_all_three_actual_interval_amounts,training_configuration:66e33251935910fe6c18c3aaafd50ad045d1f4946a1be1688da3a4b097bdf34d,single_GPU
task_619e3f754f3f56b17b2c28c0cde06a8d794ba974b12e11a039583ae1cdddcc0a,cik:0000109198,composition_required,29,0,0,0,0,0,first_final,assessment.mean_requires_all_three_actual_interval_amounts,training_configuration:66e33251935910fe6c18c3aaafd50ad045d1f4946a1be1688da3a4b097bdf34d,single_GPU,first_final,assessment.mean_requires_all_three_actual_interval_amounts,training_configuration:66e33251935910fe6c18c3aaafd50ad045d1f4946a1be1688da3a4b097bdf34d,single_GPU,first_final,assessment.mean_requires_all_three_actual_interval_amounts,training_configuration:66e33251935910fe6c18c3aaafd50ad045d1f4946a1be1688da3a4b097bdf34d,single_GPU
task_619e3f754f3f56b17b2c28c0cde06a8d794ba974b12e11a039583ae1cdddcc0a,cik:0000109198,composition_required,47,0,1,0,1,0,first_final,assessment.mean_requires_all_three_actual_interval_amounts,training_configuration:66e33251935910fe6c18c3aaafd50ad045d1f4946a1be1688da3a4b097bdf34d,single_GPU,first_final,PASS,training_configuration:66e33251935910fe6c18c3aaafd50ad045d1f4946a1be1688da3a4b097bdf34d,single_GPU,first_final,assessment.mean_requires_all_three_actual_interval_amounts,training_configuration:9959a7beb582708e6e56e89a63d55e5cb44f2a2f524eadaef711ce1b3070e76d,8GPU_global_SUM
task_61edaeef92f176e7e779a53c74468212b487879794b81c92cda6ec99ae54d7f4,cik:0000021344,other_financial,11,0,0,0,0,0,response_budget_exhausted,no_final,training_configuration:66e33251935910fe6c18c3aaafd50ad045d1f4946a1be1688da3a4b097bdf34d,single_GPU,first_final,assessment.one_actual_selection_support_required,training_configuration:66e33251935910fe6c18c3aaafd50ad045d1f4946a1be1688da3a4b097bdf34d,single_GPU,response_budget_exhausted,no_final,training_configuration:66e33251935910fe6c18c3aaafd50ad045d1f4946a1be1688da3a4b097bdf34d,single_GPU
task_61edaeef92f176e7e779a53c74468212b487879794b81c92cda6ec99ae54d7f4,cik:0000021344,other_financial,29,0,0,0,0,0,first_final,assessment.selection_unique_public_candidate_period,training_configuration:66e33251935910fe6c18c3aaafd50ad045d1f4946a1be1688da3a4b097bdf34d,single_GPU,first_final,assessment.one_actual_selection_support_required,training_configuration:66e33251935910fe6c18c3aaafd50ad045d1f4946a1be1688da3a4b097bdf34d,single_GPU,response_budget_exhausted,no_final,training_configuration:66e33251935910fe6c18c3aaafd50ad045d1f4946a1be1688da3a4b097bdf34d,single_GPU
task_61edaeef92f176e7e779a53c74468212b487879794b81c92cda6ec99ae54d7f4,cik:0000021344,other_financial,47,0,0,0,0,0,response_budget_exhausted,no_final,training_configuration:66e33251935910fe6c18c3aaafd50ad045d1f4946a1be1688da3a4b097bdf34d,single_GPU,first_final,assessment.selection_unique_public_candidate_period,training_configuration:66e33251935910fe6c18c3aaafd50ad045d1f4946a1be1688da3a4b097bdf34d,single_GPU,response_budget_exhausted,no_final,training_configuration:9959a7beb582708e6e56e89a63d55e5cb44f2a2f524eadaef711ce1b3070e76d,8GPU_global_SUM
task_637871b1f75bc1737715b67f5328500304ef3eed9b3d101ec943721004bebddf,cik:0000019617,composition_required,11,1,1,1,0,0,first_final,PASS,training_configuration:66e33251935910fe6c18c3aaafd50ad045d1f4946a1be1688da3a4b097bdf34d,single_GPU,first_final,PASS,training_configuration:66e33251935910fe6c18c3aaafd50ad045d1f4946a1be1688da3a4b097bdf34d,single_GPU,first_final,PASS,training_configuration:66e33251935910fe6c18c3aaafd50ad045d1f4946a1be1688da3a4b097bdf34d,single_GPU
task_637871b1f75bc1737715b67f5328500304ef3eed9b3d101ec943721004bebddf,cik:0000019617,composition_required,29,1,1,0,0,-1,first_final,PASS,training_configuration:66e33251935910fe6c18c3aaafd50ad045d1f4946a1be1688da3a4b097bdf34d,single_GPU,first_final,PASS,training_configuration:66e33251935910fe6c18c3aaafd50ad045d1f4946a1be1688da3a4b097bdf34d,single_GPU,response_budget_exhausted,no_final,training_configuration:66e33251935910fe6c18c3aaafd50ad045d1f4946a1be1688da3a4b097bdf34d,single_GPU
task_637871b1f75bc1737715b67f5328500304ef3eed9b3d101ec943721004bebddf,cik:0000019617,composition_required,47,1,1,1,0,0,first_final,PASS,training_configuration:66e33251935910fe6c18c3aaafd50ad045d1f4946a1be1688da3a4b097bdf34d,single_GPU,first_final,PASS,training_configuration:66e33251935910fe6c18c3aaafd50ad045d1f4946a1be1688da3a4b097bdf34d,single_GPU,first_final,PASS,training_configuration:9959a7beb582708e6e56e89a63d55e5cb44f2a2f524eadaef711ce1b3070e76d,8GPU_global_SUM
task_646b565f9da7dc9d53e54e94438f90fd4866029fed5320815284fb3aa57061d6,cik:0000093410,other_financial,11,0,0,0,0,0,response_budget_exhausted,no_final,training_configuration:66e33251935910fe6c18c3aaafd50ad045d1f4946a1be1688da3a4b097bdf34d,single_GPU,response_budget_exhausted,no_final,training_configuration:66e33251935910fe6c18c3aaafd50ad045d1f4946a1be1688da3a4b097bdf34d,single_GPU,response_budget_exhausted,no_final,training_configuration:66e33251935910fe6c18c3aaafd50ad045d1f4946a1be1688da3a4b097bdf34d,single_GPU
task_646b565f9da7dc9d53e54e94438f90fd4866029fed5320815284fb3aa57061d6,cik:0000093410,other_financial,29,0,0,0,0,0,response_budget_exhausted,no_final,training_configuration:66e33251935910fe6c18c3aaafd50ad045d1f4946a1be1688da3a4b097bdf34d,single_GPU,response_budget_exhausted,no_final,training_configuration:66e33251935910fe6c18c3aaafd50ad045d1f4946a1be1688da3a4b097bdf34d,single_GPU,response_budget_exhausted,no_final,training_configuration:66e33251935910fe6c18c3aaafd50ad045d1f4946a1be1688da3a4b097bdf34d,single_GPU
task_646b565f9da7dc9d53e54e94438f90fd4866029fed5320815284fb3aa57061d6,cik:0000093410,other_financial,47,0,0,0,0,0,response_budget_exhausted,no_final,training_configuration:66e33251935910fe6c18c3aaafd50ad045d1f4946a1be1688da3a4b097bdf34d,single_GPU,response_budget_exhausted,no_final,training_configuration:66e33251935910fe6c18c3aaafd50ad045d1f4946a1be1688da3a4b097bdf34d,single_GPU,response_budget_exhausted,no_final,training_configuration:9959a7beb582708e6e56e89a63d55e5cb44f2a2f524eadaef711ce1b3070e76d,8GPU_global_SUM
task_68964b51da46d74f3785afe12f6f1a0a48dbd492b22624042ba834111e2abb8c,cik:0001403161,composition_required,11,1,1,0,0,-1,first_final,PASS,training_configuration:66e33251935910fe6c18c3aaafd50ad045d1f4946a1be1688da3a4b097bdf34d,single_GPU,first_final,PASS,training_configuration:66e33251935910fe6c18c3aaafd50ad045d1f4946a1be1688da3a4b097bdf34d,single_GPU,provider_error,no_final,training_configuration:66e33251935910fe6c18c3aaafd50ad045d1f4946a1be1688da3a4b097bdf34d,single_GPU
task_68964b51da46d74f3785afe12f6f1a0a48dbd492b22624042ba834111e2abb8c,cik:0001403161,composition_required,29,1,1,0,0,-1,first_final,PASS,training_configuration:66e33251935910fe6c18c3aaafd50ad045d1f4946a1be1688da3a4b097bdf34d,single_GPU,first_final,PASS,training_configuration:66e33251935910fe6c18c3aaafd50ad045d1f4946a1be1688da3a4b097bdf34d,single_GPU,provider_error,no_final,training_configuration:66e33251935910fe6c18c3aaafd50ad045d1f4946a1be1688da3a4b097bdf34d,single_GPU
task_68964b51da46d74f3785afe12f6f1a0a48dbd492b22624042ba834111e2abb8c,cik:0001403161,composition_required,47,0,0,0,0,0,provider_error,no_final,training_configuration:66e33251935910fe6c18c3aaafd50ad045d1f4946a1be1688da3a4b097bdf34d,single_GPU,provider_error,no_final,training_configuration:66e33251935910fe6c18c3aaafd50ad045d1f4946a1be1688da3a4b097bdf34d,single_GPU,provider_error,no_final,training_configuration:9959a7beb582708e6e56e89a63d55e5cb44f2a2f524eadaef711ce1b3070e76d,8GPU_global_SUM
task_6a9c95824020a035339fd7e9f1fbd6fd600be53bdea98213ff6428e358d07880,cik:0000804328,other_financial,11,0,0,0,0,0,response_budget_exhausted,no_final,training_configuration:66e33251935910fe6c18c3aaafd50ad045d1f4946a1be1688da3a4b097bdf34d,single_GPU,response_budget_exhausted,no_final,training_configuration:66e33251935910fe6c18c3aaafd50ad045d1f4946a1be1688da3a4b097bdf34d,single_GPU,response_budget_exhausted,no_final,training_configuration:66e33251935910fe6c18c3aaafd50ad045d1f4946a1be1688da3a4b097bdf34d,single_GPU
task_6a9c95824020a035339fd7e9f1fbd6fd600be53bdea98213ff6428e358d07880,cik:0000804328,other_financial,29,0,0,0,0,0,response_budget_exhausted,no_final,training_configuration:66e33251935910fe6c18c3aaafd50ad045d1f4946a1be1688da3a4b097bdf34d,single_GPU,response_budget_exhausted,no_final,training_configuration:66e33251935910fe6c18c3aaafd50ad045d1f4946a1be1688da3a4b097bdf34d,single_GPU,response_budget_exhausted,no_final,training_configuration:66e33251935910fe6c18c3aaafd50ad045d1f4946a1be1688da3a4b097bdf34d,single_GPU
task_6a9c95824020a035339fd7e9f1fbd6fd600be53bdea98213ff6428e358d07880,cik:0000804328,other_financial,47,0,0,0,0,0,first_final,assessment.selection_unique_public_candidate_period,training_configuration:66e33251935910fe6c18c3aaafd50ad045d1f4946a1be1688da3a4b097bdf34d,single_GPU,first_final,assessment.selection_unique_public_candidate_period,training_configuration:66e33251935910fe6c18c3aaafd50ad045d1f4946a1be1688da3a4b097bdf34d,single_GPU,response_budget_exhausted,no_final,training_configuration:9959a7beb582708e6e56e89a63d55e5cb44f2a2f524eadaef711ce1b3070e76d,8GPU_global_SUM
task_6c72e52f67c8c15b52fd4e3e013a65053903e449b9e33b0597d321fcec34e1ce,cik:0000021344,dual_sufficient,11,0,0,0,0,0,first_final,assessment.final_not_supported_by_result,training_configuration:66e33251935910fe6c18c3aaafd50ad045d1f4946a1be1688da3a4b097bdf34d,single_GPU,first_final,assessment.final_not_supported_by_result,training_configuration:66e33251935910fe6c18c3aaafd50ad045d1f4946a1be1688da3a4b097bdf34d,single_GPU,first_final,assessment.final_not_supported_by_result,training_configuration:66e33251935910fe6c18c3aaafd50ad045d1f4946a1be1688da3a4b097bdf34d,single_GPU
task_6c72e52f67c8c15b52fd4e3e013a65053903e449b9e33b0597d321fcec34e1ce,cik:0000021344,dual_sufficient,29,0,0,0,0,0,first_final,assessment.final_not_supported_by_result,training_configuration:66e33251935910fe6c18c3aaafd50ad045d1f4946a1be1688da3a4b097bdf34d,single_GPU,first_final,assessment.final_not_supported_by_result,training_configuration:66e33251935910fe6c18c3aaafd50ad045d1f4946a1be1688da3a4b097bdf34d,single_GPU,first_final,assessment.final_not_supported_by_result,training_configuration:66e33251935910fe6c18c3aaafd50ad045d1f4946a1be1688da3a4b097bdf34d,single_GPU
task_6c72e52f67c8c15b52fd4e3e013a65053903e449b9e33b0597d321fcec34e1ce,cik:0000021344,dual_sufficient,47,0,0,0,0,0,first_final,assessment.final_not_supported_by_result,training_configuration:66e33251935910fe6c18c3aaafd50ad045d1f4946a1be1688da3a4b097bdf34d,single_GPU,first_final,assessment.final_not_supported_by_result,training_configuration:66e33251935910fe6c18c3aaafd50ad045d1f4946a1be1688da3a4b097bdf34d,single_GPU,first_final,assessment.final_not_supported_by_result,training_configuration:9959a7beb582708e6e56e89a63d55e5cb44f2a2f524eadaef711ce1b3070e76d,8GPU_global_SUM
task_6e8bf936785cc0fc2d961d9eae46a49f77da77e780e093b4258d87fdcf7f70fa,cik:0000796343,dual_sufficient,11,1,0,1,-1,0,first_final,PASS,training_configuration:66e33251935910fe6c18c3aaafd50ad045d1f4946a1be1688da3a4b097bdf34d,single_GPU,first_final,assessment.not_equivalent_under_admitted_public_relations,training_configuration:66e33251935910fe6c18c3aaafd50ad045d1f4946a1be1688da3a4b097bdf34d,single_GPU,first_final,PASS,training_configuration:66e33251935910fe6c18c3aaafd50ad045d1f4946a1be1688da3a4b097bdf34d,single_GPU
task_6e8bf936785cc0fc2d961d9eae46a49f77da77e780e093b4258d87fdcf7f70fa,cik:0000796343,dual_sufficient,29,1,1,1,0,0,first_final,PASS,training_configuration:66e33251935910fe6c18c3aaafd50ad045d1f4946a1be1688da3a4b097bdf34d,single_GPU,first_final,PASS,training_configuration:66e33251935910fe6c18c3aaafd50ad045d1f4946a1be1688da3a4b097bdf34d,single_GPU,first_final,PASS,training_configuration:66e33251935910fe6c18c3aaafd50ad045d1f4946a1be1688da3a4b097bdf34d,single_GPU
task_6e8bf936785cc0fc2d961d9eae46a49f77da77e780e093b4258d87fdcf7f70fa,cik:0000796343,dual_sufficient,47,1,1,1,0,0,first_final,PASS,training_configuration:66e33251935910fe6c18c3aaafd50ad045d1f4946a1be1688da3a4b097bdf34d,single_GPU,first_final,PASS,training_configuration:66e33251935910fe6c18c3aaafd50ad045d1f4946a1be1688da3a4b097bdf34d,single_GPU,first_final,PASS,training_configuration:9959a7beb582708e6e56e89a63d55e5cb44f2a2f524eadaef711ce1b3070e76d,8GPU_global_SUM
task_6f546901f9d04e34405c5f1ccf88b55e43d787ee7a71630f7b86f83fe02eddb8,cik:0001065280,dual_sufficient,11,1,1,1,0,0,first_final,PASS,training_configuration:66e33251935910fe6c18c3aaafd50ad045d1f4946a1be1688da3a4b097bdf34d,single_GPU,first_final,PASS,training_configuration:66e33251935910fe6c18c3aaafd50ad045d1f4946a1be1688da3a4b097bdf34d,single_GPU,first_final,PASS,training_configuration:66e33251935910fe6c18c3aaafd50ad045d1f4946a1be1688da3a4b097bdf34d,single_GPU
task_6f546901f9d04e34405c5f1ccf88b55e43d787ee7a71630f7b86f83fe02eddb8,cik:0001065280,dual_sufficient,29,1,1,1,0,0,first_final,PASS,training_configuration:66e33251935910fe6c18c3aaafd50ad045d1f4946a1be1688da3a4b097bdf34d,single_GPU,first_final,PASS,training_configuration:66e33251935910fe6c18c3aaafd50ad045d1f4946a1be1688da3a4b097bdf34d,single_GPU,first_final,PASS,training_configuration:66e33251935910fe6c18c3aaafd50ad045d1f4946a1be1688da3a4b097bdf34d,single_GPU
task_6f546901f9d04e34405c5f1ccf88b55e43d787ee7a71630f7b86f83fe02eddb8,cik:0001065280,dual_sufficient,47,1,1,1,0,0,first_final,PASS,training_configuration:66e33251935910fe6c18c3aaafd50ad045d1f4946a1be1688da3a4b097bdf34d,single_GPU,first_final,PASS,training_configuration:66e33251935910fe6c18c3aaafd50ad045d1f4946a1be1688da3a4b097bdf34d,single_GPU,first_final,PASS,training_configuration:9959a7beb582708e6e56e89a63d55e5cb44f2a2f524eadaef711ce1b3070e76d,8GPU_global_SUM
task_6f61598c5f288a8ce13e999fa87f4ed5bd7778e4c8d0ed7052926b29a2686578,cik:0000109198,composition_required,11,0,0,0,0,0,response_budget_exhausted,no_final,training_configuration:66e33251935910fe6c18c3aaafd50ad045d1f4946a1be1688da3a4b097bdf34d,single_GPU,first_final,assessment.mean_requires_all_three_actual_interval_amounts,training_configuration:66e33251935910fe6c18c3aaafd50ad045d1f4946a1be1688da3a4b097bdf34d,single_GPU,first_final,assessment.mean_requires_all_three_actual_interval_amounts,training_configuration:66e33251935910fe6c18c3aaafd50ad045d1f4946a1be1688da3a4b097bdf34d,single_GPU
task_6f61598c5f288a8ce13e999fa87f4ed5bd7778e4c8d0ed7052926b29a2686578,cik:0000109198,composition_required,29,0,0,0,0,0,response_budget_exhausted,no_final,training_configuration:66e33251935910fe6c18c3aaafd50ad045d1f4946a1be1688da3a4b097bdf34d,single_GPU,first_final,assessment.mean_requires_all_three_actual_interval_amounts,training_configuration:66e33251935910fe6c18c3aaafd50ad045d1f4946a1be1688da3a4b097bdf34d,single_GPU,first_final,assessment.mean_requires_all_three_actual_interval_amounts,training_configuration:66e33251935910fe6c18c3aaafd50ad045d1f4946a1be1688da3a4b097bdf34d,single_GPU
task_6f61598c5f288a8ce13e999fa87f4ed5bd7778e4c8d0ed7052926b29a2686578,cik:0000109198,composition_required,47,0,0,0,0,0,response_budget_exhausted,no_final,training_configuration:66e33251935910fe6c18c3aaafd50ad045d1f4946a1be1688da3a4b097bdf34d,single_GPU,first_final,assessment.final_not_supported_by_result,training_configuration:66e33251935910fe6c18c3aaafd50ad045d1f4946a1be1688da3a4b097bdf34d,single_GPU,response_budget_exhausted,no_final,training_configuration:9959a7beb582708e6e56e89a63d55e5cb44f2a2f524eadaef711ce1b3070e76d,8GPU_global_SUM
task_707af4fd1499c6f630d4cf0adeb10f2a226a3423d428ab4825e5f24ed6029d44,cik:0000109198,dual_sufficient,11,1,1,1,0,0,first_final,PASS,training_configuration:66e33251935910fe6c18c3aaafd50ad045d1f4946a1be1688da3a4b097bdf34d,single_GPU,first_final,PASS,training_configuration:66e33251935910fe6c18c3aaafd50ad045d1f4946a1be1688da3a4b097bdf34d,single_GPU,first_final,PASS,training_configuration:66e33251935910fe6c18c3aaafd50ad045d1f4946a1be1688da3a4b097bdf34d,single_GPU
task_707af4fd1499c6f630d4cf0adeb10f2a226a3423d428ab4825e5f24ed6029d44,cik:0000109198,dual_sufficient,29,1,1,1,0,0,first_final,PASS,training_configuration:66e33251935910fe6c18c3aaafd50ad045d1f4946a1be1688da3a4b097bdf34d,single_GPU,first_final,PASS,training_configuration:66e33251935910fe6c18c3aaafd50ad045d1f4946a1be1688da3a4b097bdf34d,single_GPU,first_final,PASS,training_configuration:66e33251935910fe6c18c3aaafd50ad045d1f4946a1be1688da3a4b097bdf34d,single_GPU
task_707af4fd1499c6f630d4cf0adeb10f2a226a3423d428ab4825e5f24ed6029d44,cik:0000109198,dual_sufficient,47,1,1,1,0,0,first_final,PASS,training_configuration:66e33251935910fe6c18c3aaafd50ad045d1f4946a1be1688da3a4b097bdf34d,single_GPU,first_final,PASS,training_configuration:66e33251935910fe6c18c3aaafd50ad045d1f4946a1be1688da3a4b097bdf34d,single_GPU,first_final,PASS,training_configuration:9959a7beb582708e6e56e89a63d55e5cb44f2a2f524eadaef711ce1b3070e76d,8GPU_global_SUM
task_718be68373b9d04dece97e8cfe8958bf2c56f958f3d66afa3a7036008fcb5be4,cik:0000109198,other_financial,11,0,0,0,0,0,response_budget_exhausted,no_final,training_configuration:66e33251935910fe6c18c3aaafd50ad045d1f4946a1be1688da3a4b097bdf34d,single_GPU,response_budget_exhausted,no_final,training_configuration:66e33251935910fe6c18c3aaafd50ad045d1f4946a1be1688da3a4b097bdf34d,single_GPU,response_budget_exhausted,no_final,training_configuration:66e33251935910fe6c18c3aaafd50ad045d1f4946a1be1688da3a4b097bdf34d,single_GPU
task_718be68373b9d04dece97e8cfe8958bf2c56f958f3d66afa3a7036008fcb5be4,cik:0000109198,other_financial,29,0,0,0,0,0,response_budget_exhausted,no_final,training_configuration:66e33251935910fe6c18c3aaafd50ad045d1f4946a1be1688da3a4b097bdf34d,single_GPU,response_budget_exhausted,no_final,training_configuration:66e33251935910fe6c18c3aaafd50ad045d1f4946a1be1688da3a4b097bdf34d,single_GPU,response_budget_exhausted,no_final,training_configuration:66e33251935910fe6c18c3aaafd50ad045d1f4946a1be1688da3a4b097bdf34d,single_GPU
task_718be68373b9d04dece97e8cfe8958bf2c56f958f3d66afa3a7036008fcb5be4,cik:0000109198,other_financial,47,0,0,0,0,0,response_budget_exhausted,no_final,training_configuration:66e33251935910fe6c18c3aaafd50ad045d1f4946a1be1688da3a4b097bdf34d,single_GPU,response_budget_exhausted,no_final,training_configuration:66e33251935910fe6c18c3aaafd50ad045d1f4946a1be1688da3a4b097bdf34d,single_GPU,response_budget_exhausted,no_final,training_configuration:9959a7beb582708e6e56e89a63d55e5cb44f2a2f524eadaef711ce1b3070e76d,8GPU_global_SUM
task_71b35976984dbbfc418dbf92576fab637965aea6f401e0b766d78153feef8d71,cik:0000804328,composition_required,11,0,1,0,1,0,provider_error,no_final,training_configuration:66e33251935910fe6c18c3aaafd50ad045d1f4946a1be1688da3a4b097bdf34d,single_GPU,first_final,PASS,training_configuration:66e33251935910fe6c18c3aaafd50ad045d1f4946a1be1688da3a4b097bdf34d,single_GPU,provider_error,no_final,training_configuration:66e33251935910fe6c18c3aaafd50ad045d1f4946a1be1688da3a4b097bdf34d,single_GPU
task_71b35976984dbbfc418dbf92576fab637965aea6f401e0b766d78153feef8d71,cik:0000804328,composition_required,29,1,1,0,0,-1,first_final,PASS,training_configuration:66e33251935910fe6c18c3aaafd50ad045d1f4946a1be1688da3a4b097bdf34d,single_GPU,first_final,PASS,training_configuration:66e33251935910fe6c18c3aaafd50ad045d1f4946a1be1688da3a4b097bdf34d,single_GPU,provider_error,no_final,training_configuration:66e33251935910fe6c18c3aaafd50ad045d1f4946a1be1688da3a4b097bdf34d,single_GPU
task_71b35976984dbbfc418dbf92576fab637965aea6f401e0b766d78153feef8d71,cik:0000804328,composition_required,47,0,0,0,0,0,response_budget_exhausted,no_final,training_configuration:66e33251935910fe6c18c3aaafd50ad045d1f4946a1be1688da3a4b097bdf34d,single_GPU,provider_error,no_final,training_configuration:66e33251935910fe6c18c3aaafd50ad045d1f4946a1be1688da3a4b097bdf34d,single_GPU,provider_error,no_final,training_configuration:9959a7beb582708e6e56e89a63d55e5cb44f2a2f524eadaef711ce1b3070e76d,8GPU_global_SUM
task_72425ec684dbddcbdeb755a60bdd5ee51bde47a284bf29bce6d1a74062c20127,cik:0000796343,composition_required,11,0,0,0,0,0,response_budget_exhausted,no_final,training_configuration:66e33251935910fe6c18c3aaafd50ad045d1f4946a1be1688da3a4b097bdf34d,single_GPU,first_final,assessment.mean_requires_all_three_actual_interval_amounts,training_configuration:66e33251935910fe6c18c3aaafd50ad045d1f4946a1be1688da3a4b097bdf34d,single_GPU,first_final,assessment.mean_requires_all_three_actual_interval_amounts,training_configuration:66e33251935910fe6c18c3aaafd50ad045d1f4946a1be1688da3a4b097bdf34d,single_GPU
task_72425ec684dbddcbdeb755a60bdd5ee51bde47a284bf29bce6d1a74062c20127,cik:0000796343,composition_required,29,0,0,0,0,0,first_final,assessment.final_not_supported_by_result,training_configuration:66e33251935910fe6c18c3aaafd50ad045d1f4946a1be1688da3a4b097bdf34d,single_GPU,first_final,assessment.final_not_supported_by_result,training_configuration:66e33251935910fe6c18c3aaafd50ad045d1f4946a1be1688da3a4b097bdf34d,single_GPU,response_budget_exhausted,no_final,training_configuration:66e33251935910fe6c18c3aaafd50ad045d1f4946a1be1688da3a4b097bdf34d,single_GPU
task_72425ec684dbddcbdeb755a60bdd5ee51bde47a284bf29bce6d1a74062c20127,cik:0000796343,composition_required,47,0,0,0,0,0,response_budget_exhausted,no_final,training_configuration:66e33251935910fe6c18c3aaafd50ad045d1f4946a1be1688da3a4b097bdf34d,single_GPU,first_final,assessment.final_not_supported_by_result,training_configuration:66e33251935910fe6c18c3aaafd50ad045d1f4946a1be1688da3a4b097bdf34d,single_GPU,response_budget_exhausted,no_final,training_configuration:9959a7beb582708e6e56e89a63d55e5cb44f2a2f524eadaef711ce1b3070e76d,8GPU_global_SUM
task_72f46db75a0da653f3861150dfbc521e58e70047c70a75f968b2a01416a7584a,cik:0000796343,dual_sufficient,11,0,0,0,0,0,first_final,assessment.final_not_supported_by_result,training_configuration:66e33251935910fe6c18c3aaafd50ad045d1f4946a1be1688da3a4b097bdf34d,single_GPU,first_final,assessment.final_not_supported_by_result,training_configuration:66e33251935910fe6c18c3aaafd50ad045d1f4946a1be1688da3a4b097bdf34d,single_GPU,first_final,assessment.final_not_supported_by_result,training_configuration:66e33251935910fe6c18c3aaafd50ad045d1f4946a1be1688da3a4b097bdf34d,single_GPU
task_72f46db75a0da653f3861150dfbc521e58e70047c70a75f968b2a01416a7584a,cik:0000796343,dual_sufficient,29,0,0,0,0,0,first_final,assessment.final_not_supported_by_result,training_configuration:66e33251935910fe6c18c3aaafd50ad045d1f4946a1be1688da3a4b097bdf34d,single_GPU,first_final,assessment.final_not_supported_by_result,training_configuration:66e33251935910fe6c18c3aaafd50ad045d1f4946a1be1688da3a4b097bdf34d,single_GPU,first_final,assessment.final_not_supported_by_result,training_configuration:66e33251935910fe6c18c3aaafd50ad045d1f4946a1be1688da3a4b097bdf34d,single_GPU
task_72f46db75a0da653f3861150dfbc521e58e70047c70a75f968b2a01416a7584a,cik:0000796343,dual_sufficient,47,0,0,0,0,0,first_final,assessment.final_not_supported_by_result,training_configuration:66e33251935910fe6c18c3aaafd50ad045d1f4946a1be1688da3a4b097bdf34d,single_GPU,first_final,assessment.final_not_supported_by_result,training_configuration:66e33251935910fe6c18c3aaafd50ad045d1f4946a1be1688da3a4b097bdf34d,single_GPU,provider_error,no_final,training_configuration:9959a7beb582708e6e56e89a63d55e5cb44f2a2f524eadaef711ce1b3070e76d,8GPU_global_SUM
task_73838ef884a33379eedcaa091a8dc01d61735203f09beec83d3ee02a380b9667,cik:0000021344,dual_sufficient,11,0,0,0,0,0,first_final,assessment.not_equivalent_under_admitted_public_relations,training_configuration:66e33251935910fe6c18c3aaafd50ad045d1f4946a1be1688da3a4b097bdf34d,single_GPU,first_final,assessment.not_equivalent_under_admitted_public_relations,training_configuration:66e33251935910fe6c18c3aaafd50ad045d1f4946a1be1688da3a4b097bdf34d,single_GPU,first_final,assessment.not_equivalent_under_admitted_public_relations,training_configuration:66e33251935910fe6c18c3aaafd50ad045d1f4946a1be1688da3a4b097bdf34d,single_GPU
task_73838ef884a33379eedcaa091a8dc01d61735203f09beec83d3ee02a380b9667,cik:0000021344,dual_sufficient,29,0,0,0,0,0,first_final,assessment.not_equivalent_under_admitted_public_relations,training_configuration:66e33251935910fe6c18c3aaafd50ad045d1f4946a1be1688da3a4b097bdf34d,single_GPU,first_final,assessment.not_equivalent_under_admitted_public_relations,training_configuration:66e33251935910fe6c18c3aaafd50ad045d1f4946a1be1688da3a4b097bdf34d,single_GPU,first_final,assessment.not_equivalent_under_admitted_public_relations,training_configuration:66e33251935910fe6c18c3aaafd50ad045d1f4946a1be1688da3a4b097bdf34d,single_GPU
task_73838ef884a33379eedcaa091a8dc01d61735203f09beec83d3ee02a380b9667,cik:0000021344,dual_sufficient,47,0,0,0,0,0,first_final,assessment.not_equivalent_under_admitted_public_relations,training_configuration:66e33251935910fe6c18c3aaafd50ad045d1f4946a1be1688da3a4b097bdf34d,single_GPU,first_final,assessment.not_equivalent_under_admitted_public_relations,training_configuration:66e33251935910fe6c18c3aaafd50ad045d1f4946a1be1688da3a4b097bdf34d,single_GPU,first_final,assessment.not_equivalent_under_admitted_public_relations,training_configuration:9959a7beb582708e6e56e89a63d55e5cb44f2a2f524eadaef711ce1b3070e76d,8GPU_global_SUM
task_74510967deb9a10c686b443bf892329ef18865ccd6b8598176fe9da1239ca569,cik:0000072971,composition_required,11,0,1,1,1,1,response_budget_exhausted,no_final,training_configuration:66e33251935910fe6c18c3aaafd50ad045d1f4946a1be1688da3a4b097bdf34d,single_GPU,first_final,PASS,training_configuration:66e33251935910fe6c18c3aaafd50ad045d1f4946a1be1688da3a4b097bdf34d,single_GPU,first_final,PASS,training_configuration:66e33251935910fe6c18c3aaafd50ad045d1f4946a1be1688da3a4b097bdf34d,single_GPU
task_74510967deb9a10c686b443bf892329ef18865ccd6b8598176fe9da1239ca569,cik:0000072971,composition_required,29,1,1,0,0,-1,first_final,PASS,training_configuration:66e33251935910fe6c18c3aaafd50ad045d1f4946a1be1688da3a4b097bdf34d,single_GPU,first_final,PASS,training_configuration:66e33251935910fe6c18c3aaafd50ad045d1f4946a1be1688da3a4b097bdf34d,single_GPU,response_budget_exhausted,no_final,training_configuration:66e33251935910fe6c18c3aaafd50ad045d1f4946a1be1688da3a4b097bdf34d,single_GPU
task_74510967deb9a10c686b443bf892329ef18865ccd6b8598176fe9da1239ca569,cik:0000072971,composition_required,47,0,0,1,0,1,response_budget_exhausted,no_final,training_configuration:66e33251935910fe6c18c3aaafd50ad045d1f4946a1be1688da3a4b097bdf34d,single_GPU,response_budget_exhausted,no_final,training_configuration:66e33251935910fe6c18c3aaafd50ad045d1f4946a1be1688da3a4b097bdf34d,single_GPU,first_final,PASS,training_configuration:9959a7beb582708e6e56e89a63d55e5cb44f2a2f524eadaef711ce1b3070e76d,8GPU_global_SUM
task_77b6f62db4bca009246187070edb72c5bd879863a7b14ee5cfc95359fb966938,cik:0000101829,composition_required,11,0,1,1,1,1,response_budget_exhausted,no_final,training_configuration:66e33251935910fe6c18c3aaafd50ad045d1f4946a1be1688da3a4b097bdf34d,single_GPU,first_final,PASS,training_configuration:66e33251935910fe6c18c3aaafd50ad045d1f4946a1be1688da3a4b097bdf34d,single_GPU,first_final,PASS,training_configuration:66e33251935910fe6c18c3aaafd50ad045d1f4946a1be1688da3a4b097bdf34d,single_GPU
task_77b6f62db4bca009246187070edb72c5bd879863a7b14ee5cfc95359fb966938,cik:0000101829,composition_required,29,1,1,1,0,0,first_final,PASS,training_configuration:66e33251935910fe6c18c3aaafd50ad045d1f4946a1be1688da3a4b097bdf34d,single_GPU,first_final,PASS,training_configuration:66e33251935910fe6c18c3aaafd50ad045d1f4946a1be1688da3a4b097bdf34d,single_GPU,first_final,PASS,training_configuration:66e33251935910fe6c18c3aaafd50ad045d1f4946a1be1688da3a4b097bdf34d,single_GPU
task_77b6f62db4bca009246187070edb72c5bd879863a7b14ee5cfc95359fb966938,cik:0000101829,composition_required,47,0,0,0,0,0,response_budget_exhausted,no_final,training_configuration:66e33251935910fe6c18c3aaafd50ad045d1f4946a1be1688da3a4b097bdf34d,single_GPU,provider_error,no_final,training_configuration:66e33251935910fe6c18c3aaafd50ad045d1f4946a1be1688da3a4b097bdf34d,single_GPU,provider_error,no_final,training_configuration:9959a7beb582708e6e56e89a63d55e5cb44f2a2f524eadaef711ce1b3070e76d,8GPU_global_SUM
task_7969870602f6b915deb86b01b277240b28239a70725e86ef34f14719ca945b91,cik:0000021344,dual_sufficient,11,0,0,0,0,0,first_final,assessment.not_equivalent_under_admitted_public_relations,training_configuration:66e33251935910fe6c18c3aaafd50ad045d1f4946a1be1688da3a4b097bdf34d,single_GPU,first_final,assessment.not_equivalent_under_admitted_public_relations,training_configuration:66e33251935910fe6c18c3aaafd50ad045d1f4946a1be1688da3a4b097bdf34d,single_GPU,first_final,assessment.not_equivalent_under_admitted_public_relations,training_configuration:66e33251935910fe6c18c3aaafd50ad045d1f4946a1be1688da3a4b097bdf34d,single_GPU
task_7969870602f6b915deb86b01b277240b28239a70725e86ef34f14719ca945b91,cik:0000021344,dual_sufficient,29,0,0,0,0,0,first_final,assessment.not_equivalent_under_admitted_public_relations,training_configuration:66e33251935910fe6c18c3aaafd50ad045d1f4946a1be1688da3a4b097bdf34d,single_GPU,first_final,assessment.not_equivalent_under_admitted_public_relations,training_configuration:66e33251935910fe6c18c3aaafd50ad045d1f4946a1be1688da3a4b097bdf34d,single_GPU,first_final,assessment.not_equivalent_under_admitted_public_relations,training_configuration:66e33251935910fe6c18c3aaafd50ad045d1f4946a1be1688da3a4b097bdf34d,single_GPU
task_7969870602f6b915deb86b01b277240b28239a70725e86ef34f14719ca945b91,cik:0000021344,dual_sufficient,47,0,0,0,0,0,first_final,assessment.not_equivalent_under_admitted_public_relations,training_configuration:66e33251935910fe6c18c3aaafd50ad045d1f4946a1be1688da3a4b097bdf34d,single_GPU,first_final,assessment.not_equivalent_under_admitted_public_relations,training_configuration:66e33251935910fe6c18c3aaafd50ad045d1f4946a1be1688da3a4b097bdf34d,single_GPU,first_final,assessment.not_equivalent_under_admitted_public_relations,training_configuration:9959a7beb582708e6e56e89a63d55e5cb44f2a2f524eadaef711ce1b3070e76d,8GPU_global_SUM
task_799a562ce14e1dbda5ae158f8c12740dbf6f8d92a3caf04c68b9a5b5e4bd2ef2,cik:0000092122,other_financial,11,0,0,0,0,0,response_budget_exhausted,no_final,training_configuration:66e33251935910fe6c18c3aaafd50ad045d1f4946a1be1688da3a4b097bdf34d,single_GPU,response_budget_exhausted,no_final,training_configuration:66e33251935910fe6c18c3aaafd50ad045d1f4946a1be1688da3a4b097bdf34d,single_GPU,response_budget_exhausted,no_final,training_configuration:66e33251935910fe6c18c3aaafd50ad045d1f4946a1be1688da3a4b097bdf34d,single_GPU
task_799a562ce14e1dbda5ae158f8c12740dbf6f8d92a3caf04c68b9a5b5e4bd2ef2,cik:0000092122,other_financial,29,0,0,0,0,0,response_budget_exhausted,no_final,training_configuration:66e33251935910fe6c18c3aaafd50ad045d1f4946a1be1688da3a4b097bdf34d,single_GPU,response_budget_exhausted,no_final,training_configuration:66e33251935910fe6c18c3aaafd50ad045d1f4946a1be1688da3a4b097bdf34d,single_GPU,response_budget_exhausted,no_final,training_configuration:66e33251935910fe6c18c3aaafd50ad045d1f4946a1be1688da3a4b097bdf34d,single_GPU
task_799a562ce14e1dbda5ae158f8c12740dbf6f8d92a3caf04c68b9a5b5e4bd2ef2,cik:0000092122,other_financial,47,0,0,0,0,0,response_budget_exhausted,no_final,training_configuration:66e33251935910fe6c18c3aaafd50ad045d1f4946a1be1688da3a4b097bdf34d,single_GPU,response_budget_exhausted,no_final,training_configuration:66e33251935910fe6c18c3aaafd50ad045d1f4946a1be1688da3a4b097bdf34d,single_GPU,response_budget_exhausted,no_final,training_configuration:9959a7beb582708e6e56e89a63d55e5cb44f2a2f524eadaef711ce1b3070e76d,8GPU_global_SUM
task_79c3757bd9d61d8594bea181f07041f2231eee40e260aaca4fa7f8add61e94b7,cik:0000093410,other_financial,11,0,0,0,0,0,response_budget_exhausted,no_final,training_configuration:66e33251935910fe6c18c3aaafd50ad045d1f4946a1be1688da3a4b097bdf34d,single_GPU,response_budget_exhausted,no_final,training_configuration:66e33251935910fe6c18c3aaafd50ad045d1f4946a1be1688da3a4b097bdf34d,single_GPU,response_budget_exhausted,no_final,training_configuration:66e33251935910fe6c18c3aaafd50ad045d1f4946a1be1688da3a4b097bdf34d,single_GPU
task_79c3757bd9d61d8594bea181f07041f2231eee40e260aaca4fa7f8add61e94b7,cik:0000093410,other_financial,29,0,0,0,0,0,response_budget_exhausted,no_final,training_configuration:66e33251935910fe6c18c3aaafd50ad045d1f4946a1be1688da3a4b097bdf34d,single_GPU,response_budget_exhausted,no_final,training_configuration:66e33251935910fe6c18c3aaafd50ad045d1f4946a1be1688da3a4b097bdf34d,single_GPU,response_budget_exhausted,no_final,training_configuration:66e33251935910fe6c18c3aaafd50ad045d1f4946a1be1688da3a4b097bdf34d,single_GPU
task_79c3757bd9d61d8594bea181f07041f2231eee40e260aaca4fa7f8add61e94b7,cik:0000093410,other_financial,47,0,0,0,0,0,response_budget_exhausted,no_final,training_configuration:66e33251935910fe6c18c3aaafd50ad045d1f4946a1be1688da3a4b097bdf34d,single_GPU,response_budget_exhausted,no_final,training_configuration:66e33251935910fe6c18c3aaafd50ad045d1f4946a1be1688da3a4b097bdf34d,single_GPU,response_budget_exhausted,no_final,training_configuration:9959a7beb582708e6e56e89a63d55e5cb44f2a2f524eadaef711ce1b3070e76d,8GPU_global_SUM
task_7d93ebd1a642fe4329c1b4c7327fb1516162af0e35180eabab8af28ded6bc3bb,cik:0000796343,dual_sufficient,11,1,1,1,0,0,first_final,PASS,training_configuration:66e33251935910fe6c18c3aaafd50ad045d1f4946a1be1688da3a4b097bdf34d,single_GPU,first_final,PASS,training_configuration:66e33251935910fe6c18c3aaafd50ad045d1f4946a1be1688da3a4b097bdf34d,single_GPU,first_final,PASS,training_configuration:66e33251935910fe6c18c3aaafd50ad045d1f4946a1be1688da3a4b097bdf34d,single_GPU
task_7d93ebd1a642fe4329c1b4c7327fb1516162af0e35180eabab8af28ded6bc3bb,cik:0000796343,dual_sufficient,29,1,1,1,0,0,first_final,PASS,training_configuration:66e33251935910fe6c18c3aaafd50ad045d1f4946a1be1688da3a4b097bdf34d,single_GPU,first_final,PASS,training_configuration:66e33251935910fe6c18c3aaafd50ad045d1f4946a1be1688da3a4b097bdf34d,single_GPU,first_final,PASS,training_configuration:66e33251935910fe6c18c3aaafd50ad045d1f4946a1be1688da3a4b097bdf34d,single_GPU
task_7d93ebd1a642fe4329c1b4c7327fb1516162af0e35180eabab8af28ded6bc3bb,cik:0000796343,dual_sufficient,47,1,1,1,0,0,first_final,PASS,training_configuration:66e33251935910fe6c18c3aaafd50ad045d1f4946a1be1688da3a4b097bdf34d,single_GPU,first_final,PASS,training_configuration:66e33251935910fe6c18c3aaafd50ad045d1f4946a1be1688da3a4b097bdf34d,single_GPU,first_final,PASS,training_configuration:9959a7beb582708e6e56e89a63d55e5cb44f2a2f524eadaef711ce1b3070e76d,8GPU_global_SUM
task_7dfd87d61aaa9d4dcd5be3380e2bd3019ffeea05dd888d0735f6987624585529,cik:0000021344,dual_sufficient,11,1,1,1,0,0,first_final,PASS,training_configuration:66e33251935910fe6c18c3aaafd50ad045d1f4946a1be1688da3a4b097bdf34d,single_GPU,first_final,PASS,training_configuration:66e33251935910fe6c18c3aaafd50ad045d1f4946a1be1688da3a4b097bdf34d,single_GPU,first_final,PASS,training_configuration:66e33251935910fe6c18c3aaafd50ad045d1f4946a1be1688da3a4b097bdf34d,single_GPU
task_7dfd87d61aaa9d4dcd5be3380e2bd3019ffeea05dd888d0735f6987624585529,cik:0000021344,dual_sufficient,29,1,1,1,0,0,first_final,PASS,training_configuration:66e33251935910fe6c18c3aaafd50ad045d1f4946a1be1688da3a4b097bdf34d,single_GPU,first_final,PASS,training_configuration:66e33251935910fe6c18c3aaafd50ad045d1f4946a1be1688da3a4b097bdf34d,single_GPU,first_final,PASS,training_configuration:66e33251935910fe6c18c3aaafd50ad045d1f4946a1be1688da3a4b097bdf34d,single_GPU
task_7dfd87d61aaa9d4dcd5be3380e2bd3019ffeea05dd888d0735f6987624585529,cik:0000021344,dual_sufficient,47,1,1,1,0,0,first_final,PASS,training_configuration:66e33251935910fe6c18c3aaafd50ad045d1f4946a1be1688da3a4b097bdf34d,single_GPU,first_final,PASS,training_configuration:66e33251935910fe6c18c3aaafd50ad045d1f4946a1be1688da3a4b097bdf34d,single_GPU,first_final,PASS,training_configuration:9959a7beb582708e6e56e89a63d55e5cb44f2a2f524eadaef711ce1b3070e76d,8GPU_global_SUM
task_804ba790d1cff10cd0b56818cb932fe42d2ea4b5bcced1e48388736ad91079dc,cik:0000019617,other_financial,11,0,0,0,0,0,response_budget_exhausted,no_final,training_configuration:66e33251935910fe6c18c3aaafd50ad045d1f4946a1be1688da3a4b097bdf34d,single_GPU,response_budget_exhausted,no_final,training_configuration:66e33251935910fe6c18c3aaafd50ad045d1f4946a1be1688da3a4b097bdf34d,single_GPU,response_budget_exhausted,no_final,training_configuration:66e33251935910fe6c18c3aaafd50ad045d1f4946a1be1688da3a4b097bdf34d,single_GPU
task_804ba790d1cff10cd0b56818cb932fe42d2ea4b5bcced1e48388736ad91079dc,cik:0000019617,other_financial,29,0,0,0,0,0,response_budget_exhausted,no_final,training_configuration:66e33251935910fe6c18c3aaafd50ad045d1f4946a1be1688da3a4b097bdf34d,single_GPU,response_budget_exhausted,no_final,training_configuration:66e33251935910fe6c18c3aaafd50ad045d1f4946a1be1688da3a4b097bdf34d,single_GPU,response_budget_exhausted,no_final,training_configuration:66e33251935910fe6c18c3aaafd50ad045d1f4946a1be1688da3a4b097bdf34d,single_GPU
task_804ba790d1cff10cd0b56818cb932fe42d2ea4b5bcced1e48388736ad91079dc,cik:0000019617,other_financial,47,0,0,0,0,0,response_budget_exhausted,no_final,training_configuration:66e33251935910fe6c18c3aaafd50ad045d1f4946a1be1688da3a4b097bdf34d,single_GPU,response_budget_exhausted,no_final,training_configuration:66e33251935910fe6c18c3aaafd50ad045d1f4946a1be1688da3a4b097bdf34d,single_GPU,response_budget_exhausted,no_final,training_configuration:9959a7beb582708e6e56e89a63d55e5cb44f2a2f524eadaef711ce1b3070e76d,8GPU_global_SUM
task_827319955da2ce9e87c4838936ce99ec7378ccbb46a9a2f0d8df5b3a59b31806,cik:0000021344,dual_sufficient,11,0,0,0,0,0,first_final,assessment.not_equivalent_under_admitted_public_relations,training_configuration:66e33251935910fe6c18c3aaafd50ad045d1f4946a1be1688da3a4b097bdf34d,single_GPU,first_final,assessment.not_equivalent_under_admitted_public_relations,training_configuration:66e33251935910fe6c18c3aaafd50ad045d1f4946a1be1688da3a4b097bdf34d,single_GPU,first_final,assessment.not_equivalent_under_admitted_public_relations,training_configuration:66e33251935910fe6c18c3aaafd50ad045d1f4946a1be1688da3a4b097bdf34d,single_GPU
task_827319955da2ce9e87c4838936ce99ec7378ccbb46a9a2f0d8df5b3a59b31806,cik:0000021344,dual_sufficient,29,0,0,0,0,0,first_final,assessment.not_equivalent_under_admitted_public_relations,training_configuration:66e33251935910fe6c18c3aaafd50ad045d1f4946a1be1688da3a4b097bdf34d,single_GPU,first_final,assessment.not_equivalent_under_admitted_public_relations,training_configuration:66e33251935910fe6c18c3aaafd50ad045d1f4946a1be1688da3a4b097bdf34d,single_GPU,first_final,assessment.not_equivalent_under_admitted_public_relations,training_configuration:66e33251935910fe6c18c3aaafd50ad045d1f4946a1be1688da3a4b097bdf34d,single_GPU
task_827319955da2ce9e87c4838936ce99ec7378ccbb46a9a2f0d8df5b3a59b31806,cik:0000021344,dual_sufficient,47,0,0,0,0,0,first_final,assessment.not_equivalent_under_admitted_public_relations,training_configuration:66e33251935910fe6c18c3aaafd50ad045d1f4946a1be1688da3a4b097bdf34d,single_GPU,first_final,assessment.not_equivalent_under_admitted_public_relations,training_configuration:66e33251935910fe6c18c3aaafd50ad045d1f4946a1be1688da3a4b097bdf34d,single_GPU,first_final,assessment.not_equivalent_under_admitted_public_relations,training_configuration:9959a7beb582708e6e56e89a63d55e5cb44f2a2f524eadaef711ce1b3070e76d,8GPU_global_SUM
task_83e872d7675f00052a6419fa336d74edc45bbfdb41803c662f838803bf3a627a,cik:0000021344,dual_sufficient,11,1,1,1,0,0,first_final,PASS,training_configuration:66e33251935910fe6c18c3aaafd50ad045d1f4946a1be1688da3a4b097bdf34d,single_GPU,first_final,PASS,training_configuration:66e33251935910fe6c18c3aaafd50ad045d1f4946a1be1688da3a4b097bdf34d,single_GPU,first_final,PASS,training_configuration:66e33251935910fe6c18c3aaafd50ad045d1f4946a1be1688da3a4b097bdf34d,single_GPU
task_83e872d7675f00052a6419fa336d74edc45bbfdb41803c662f838803bf3a627a,cik:0000021344,dual_sufficient,29,1,1,1,0,0,first_final,PASS,training_configuration:66e33251935910fe6c18c3aaafd50ad045d1f4946a1be1688da3a4b097bdf34d,single_GPU,first_final,PASS,training_configuration:66e33251935910fe6c18c3aaafd50ad045d1f4946a1be1688da3a4b097bdf34d,single_GPU,first_final,PASS,training_configuration:66e33251935910fe6c18c3aaafd50ad045d1f4946a1be1688da3a4b097bdf34d,single_GPU
task_83e872d7675f00052a6419fa336d74edc45bbfdb41803c662f838803bf3a627a,cik:0000021344,dual_sufficient,47,1,1,1,0,0,first_final,PASS,training_configuration:66e33251935910fe6c18c3aaafd50ad045d1f4946a1be1688da3a4b097bdf34d,single_GPU,first_final,PASS,training_configuration:66e33251935910fe6c18c3aaafd50ad045d1f4946a1be1688da3a4b097bdf34d,single_GPU,first_final,PASS,training_configuration:9959a7beb582708e6e56e89a63d55e5cb44f2a2f524eadaef711ce1b3070e76d,8GPU_global_SUM
task_8457d80239e1115451de788ebb208fe6f6c5dac139869ad03cf55daf03009cfc,cik:0000796343,dual_sufficient,11,0,0,0,0,0,response_budget_exhausted,no_final,training_configuration:66e33251935910fe6c18c3aaafd50ad045d1f4946a1be1688da3a4b097bdf34d,single_GPU,first_final,assessment.final_not_supported_by_result,training_configuration:66e33251935910fe6c18c3aaafd50ad045d1f4946a1be1688da3a4b097bdf34d,single_GPU,first_final,assessment.final_not_supported_by_result,training_configuration:66e33251935910fe6c18c3aaafd50ad045d1f4946a1be1688da3a4b097bdf34d,single_GPU
task_8457d80239e1115451de788ebb208fe6f6c5dac139869ad03cf55daf03009cfc,cik:0000796343,dual_sufficient,29,0,0,0,0,0,first_final,assessment.final_not_supported_by_result,training_configuration:66e33251935910fe6c18c3aaafd50ad045d1f4946a1be1688da3a4b097bdf34d,single_GPU,first_final,assessment.final_not_supported_by_result,training_configuration:66e33251935910fe6c18c3aaafd50ad045d1f4946a1be1688da3a4b097bdf34d,single_GPU,first_final,assessment.final_not_supported_by_result,training_configuration:66e33251935910fe6c18c3aaafd50ad045d1f4946a1be1688da3a4b097bdf34d,single_GPU
task_8457d80239e1115451de788ebb208fe6f6c5dac139869ad03cf55daf03009cfc,cik:0000796343,dual_sufficient,47,0,0,0,0,0,provider_error,no_final,training_configuration:66e33251935910fe6c18c3aaafd50ad045d1f4946a1be1688da3a4b097bdf34d,single_GPU,first_final,assessment.final_not_supported_by_result,training_configuration:66e33251935910fe6c18c3aaafd50ad045d1f4946a1be1688da3a4b097bdf34d,single_GPU,first_final,assessment.not_equivalent_under_admitted_public_relations,training_configuration:9959a7beb582708e6e56e89a63d55e5cb44f2a2f524eadaef711ce1b3070e76d,8GPU_global_SUM
task_846eefa09f228fe089a8ce36390bf6c1dc6277a04573661abcbff6383da03ddd,cik:0000021344,other_financial,11,0,0,0,0,0,response_budget_exhausted,no_final,training_configuration:66e33251935910fe6c18c3aaafd50ad045d1f4946a1be1688da3a4b097bdf34d,single_GPU,response_budget_exhausted,no_final,training_configuration:66e33251935910fe6c18c3aaafd50ad045d1f4946a1be1688da3a4b097bdf34d,single_GPU,first_final,assessment.selection_unique_public_candidate_period,training_configuration:66e33251935910fe6c18c3aaafd50ad045d1f4946a1be1688da3a4b097bdf34d,single_GPU
task_846eefa09f228fe089a8ce36390bf6c1dc6277a04573661abcbff6383da03ddd,cik:0000021344,other_financial,29,0,0,0,0,0,response_budget_exhausted,no_final,training_configuration:66e33251935910fe6c18c3aaafd50ad045d1f4946a1be1688da3a4b097bdf34d,single_GPU,response_budget_exhausted,no_final,training_configuration:66e33251935910fe6c18c3aaafd50ad045d1f4946a1be1688da3a4b097bdf34d,single_GPU,response_budget_exhausted,no_final,training_configuration:66e33251935910fe6c18c3aaafd50ad045d1f4946a1be1688da3a4b097bdf34d,single_GPU
task_846eefa09f228fe089a8ce36390bf6c1dc6277a04573661abcbff6383da03ddd,cik:0000021344,other_financial,47,0,0,0,0,0,response_budget_exhausted,no_final,training_configuration:66e33251935910fe6c18c3aaafd50ad045d1f4946a1be1688da3a4b097bdf34d,single_GPU,response_budget_exhausted,no_final,training_configuration:66e33251935910fe6c18c3aaafd50ad045d1f4946a1be1688da3a4b097bdf34d,single_GPU,response_budget_exhausted,no_final,training_configuration:9959a7beb582708e6e56e89a63d55e5cb44f2a2f524eadaef711ce1b3070e76d,8GPU_global_SUM
task_87522cc6e91ca4bfa6d43512917819013217b2e9f371a9fe417dc82077ccdbfb,cik:0000109198,composition_required,11,1,1,1,0,0,first_final,PASS,training_configuration:66e33251935910fe6c18c3aaafd50ad045d1f4946a1be1688da3a4b097bdf34d,single_GPU,first_final,PASS,training_configuration:66e33251935910fe6c18c3aaafd50ad045d1f4946a1be1688da3a4b097bdf34d,single_GPU,first_final,PASS,training_configuration:66e33251935910fe6c18c3aaafd50ad045d1f4946a1be1688da3a4b097bdf34d,single_GPU
task_87522cc6e91ca4bfa6d43512917819013217b2e9f371a9fe417dc82077ccdbfb,cik:0000109198,composition_required,29,1,1,1,0,0,first_final,PASS,training_configuration:66e33251935910fe6c18c3aaafd50ad045d1f4946a1be1688da3a4b097bdf34d,single_GPU,first_final,PASS,training_configuration:66e33251935910fe6c18c3aaafd50ad045d1f4946a1be1688da3a4b097bdf34d,single_GPU,first_final,PASS,training_configuration:66e33251935910fe6c18c3aaafd50ad045d1f4946a1be1688da3a4b097bdf34d,single_GPU
task_87522cc6e91ca4bfa6d43512917819013217b2e9f371a9fe417dc82077ccdbfb,cik:0000109198,composition_required,47,1,1,1,0,0,first_final,PASS,training_configuration:66e33251935910fe6c18c3aaafd50ad045d1f4946a1be1688da3a4b097bdf34d,single_GPU,first_final,PASS,training_configuration:66e33251935910fe6c18c3aaafd50ad045d1f4946a1be1688da3a4b097bdf34d,single_GPU,first_final,PASS,training_configuration:9959a7beb582708e6e56e89a63d55e5cb44f2a2f524eadaef711ce1b3070e76d,8GPU_global_SUM
task_89bd2820acf274af267b4558bd2c251efd05e6fa849b3c1b4b73977083fe7403,cik:0000731766,composition_required,11,1,1,1,0,0,first_final,PASS,training_configuration:66e33251935910fe6c18c3aaafd50ad045d1f4946a1be1688da3a4b097bdf34d,single_GPU,first_final,PASS,training_configuration:66e33251935910fe6c18c3aaafd50ad045d1f4946a1be1688da3a4b097bdf34d,single_GPU,first_final,PASS,training_configuration:66e33251935910fe6c18c3aaafd50ad045d1f4946a1be1688da3a4b097bdf34d,single_GPU
task_89bd2820acf274af267b4558bd2c251efd05e6fa849b3c1b4b73977083fe7403,cik:0000731766,composition_required,29,1,1,0,0,-1,first_final,PASS,training_configuration:66e33251935910fe6c18c3aaafd50ad045d1f4946a1be1688da3a4b097bdf34d,single_GPU,first_final,PASS,training_configuration:66e33251935910fe6c18c3aaafd50ad045d1f4946a1be1688da3a4b097bdf34d,single_GPU,provider_error,no_final,training_configuration:66e33251935910fe6c18c3aaafd50ad045d1f4946a1be1688da3a4b097bdf34d,single_GPU
task_89bd2820acf274af267b4558bd2c251efd05e6fa849b3c1b4b73977083fe7403,cik:0000731766,composition_required,47,0,0,0,0,0,response_budget_exhausted,no_final,training_configuration:66e33251935910fe6c18c3aaafd50ad045d1f4946a1be1688da3a4b097bdf34d,single_GPU,response_budget_exhausted,no_final,training_configuration:66e33251935910fe6c18c3aaafd50ad045d1f4946a1be1688da3a4b097bdf34d,single_GPU,provider_error,no_final,training_configuration:9959a7beb582708e6e56e89a63d55e5cb44f2a2f524eadaef711ce1b3070e76d,8GPU_global_SUM
task_8c0f2aebc2982a0909068b15a543e829ee21844a06ef0fe7ff105b9f809a2ce5,cik:0000093410,composition_required,11,0,0,0,0,0,provider_error,no_final,training_configuration:66e33251935910fe6c18c3aaafd50ad045d1f4946a1be1688da3a4b097bdf34d,single_GPU,first_final,assessment.mean_requires_all_three_actual_interval_amounts,training_configuration:66e33251935910fe6c18c3aaafd50ad045d1f4946a1be1688da3a4b097bdf34d,single_GPU,provider_error,no_final,training_configuration:66e33251935910fe6c18c3aaafd50ad045d1f4946a1be1688da3a4b097bdf34d,single_GPU
task_8c0f2aebc2982a0909068b15a543e829ee21844a06ef0fe7ff105b9f809a2ce5,cik:0000093410,composition_required,29,0,0,0,0,0,response_budget_exhausted,no_final,training_configuration:66e33251935910fe6c18c3aaafd50ad045d1f4946a1be1688da3a4b097bdf34d,single_GPU,provider_error,no_final,training_configuration:66e33251935910fe6c18c3aaafd50ad045d1f4946a1be1688da3a4b097bdf34d,single_GPU,provider_error,no_final,training_configuration:66e33251935910fe6c18c3aaafd50ad045d1f4946a1be1688da3a4b097bdf34d,single_GPU
task_8c0f2aebc2982a0909068b15a543e829ee21844a06ef0fe7ff105b9f809a2ce5,cik:0000093410,composition_required,47,0,0,0,0,0,response_budget_exhausted,no_final,training_configuration:66e33251935910fe6c18c3aaafd50ad045d1f4946a1be1688da3a4b097bdf34d,single_GPU,provider_error,no_final,training_configuration:66e33251935910fe6c18c3aaafd50ad045d1f4946a1be1688da3a4b097bdf34d,single_GPU,provider_error,no_final,training_configuration:9959a7beb582708e6e56e89a63d55e5cb44f2a2f524eadaef711ce1b3070e76d,8GPU_global_SUM
task_8e1ac71366287cd742f04aec92605330d8bc791dae683f2120da1259b8b16986,cik:0000796343,dual_sufficient,11,0,0,0,0,0,first_final,assessment.final_not_supported_by_result,training_configuration:66e33251935910fe6c18c3aaafd50ad045d1f4946a1be1688da3a4b097bdf34d,single_GPU,first_final,assessment.final_not_supported_by_result,training_configuration:66e33251935910fe6c18c3aaafd50ad045d1f4946a1be1688da3a4b097bdf34d,single_GPU,first_final,assessment.final_not_supported_by_result,training_configuration:66e33251935910fe6c18c3aaafd50ad045d1f4946a1be1688da3a4b097bdf34d,single_GPU
task_8e1ac71366287cd742f04aec92605330d8bc791dae683f2120da1259b8b16986,cik:0000796343,dual_sufficient,29,1,0,0,-1,-1,first_final,PASS,training_configuration:66e33251935910fe6c18c3aaafd50ad045d1f4946a1be1688da3a4b097bdf34d,single_GPU,first_final,assessment.final_not_supported_by_result,training_configuration:66e33251935910fe6c18c3aaafd50ad045d1f4946a1be1688da3a4b097bdf34d,single_GPU,first_final,assessment.final_not_supported_by_result,training_configuration:66e33251935910fe6c18c3aaafd50ad045d1f4946a1be1688da3a4b097bdf34d,single_GPU
task_8e1ac71366287cd742f04aec92605330d8bc791dae683f2120da1259b8b16986,cik:0000796343,dual_sufficient,47,0,0,0,0,0,first_final,assessment.final_not_supported_by_result,training_configuration:66e33251935910fe6c18c3aaafd50ad045d1f4946a1be1688da3a4b097bdf34d,single_GPU,first_final,assessment.final_not_supported_by_result,training_configuration:66e33251935910fe6c18c3aaafd50ad045d1f4946a1be1688da3a4b097bdf34d,single_GPU,first_final,assessment.final_not_supported_by_result,training_configuration:9959a7beb582708e6e56e89a63d55e5cb44f2a2f524eadaef711ce1b3070e76d,8GPU_global_SUM
task_9007f2d3c7abb291e165209e48cf54ef4ccee26e6843c80b56f365cb314d4fa0,cik:0000731766,dual_sufficient,11,1,1,1,0,0,first_final,PASS,training_configuration:66e33251935910fe6c18c3aaafd50ad045d1f4946a1be1688da3a4b097bdf34d,single_GPU,first_final,PASS,training_configuration:66e33251935910fe6c18c3aaafd50ad045d1f4946a1be1688da3a4b097bdf34d,single_GPU,first_final,PASS,training_configuration:66e33251935910fe6c18c3aaafd50ad045d1f4946a1be1688da3a4b097bdf34d,single_GPU
task_9007f2d3c7abb291e165209e48cf54ef4ccee26e6843c80b56f365cb314d4fa0,cik:0000731766,dual_sufficient,29,1,1,1,0,0,first_final,PASS,training_configuration:66e33251935910fe6c18c3aaafd50ad045d1f4946a1be1688da3a4b097bdf34d,single_GPU,first_final,PASS,training_configuration:66e33251935910fe6c18c3aaafd50ad045d1f4946a1be1688da3a4b097bdf34d,single_GPU,first_final,PASS,training_configuration:66e33251935910fe6c18c3aaafd50ad045d1f4946a1be1688da3a4b097bdf34d,single_GPU
task_9007f2d3c7abb291e165209e48cf54ef4ccee26e6843c80b56f365cb314d4fa0,cik:0000731766,dual_sufficient,47,1,1,1,0,0,first_final,PASS,training_configuration:66e33251935910fe6c18c3aaafd50ad045d1f4946a1be1688da3a4b097bdf34d,single_GPU,first_final,PASS,training_configuration:66e33251935910fe6c18c3aaafd50ad045d1f4946a1be1688da3a4b097bdf34d,single_GPU,first_final,PASS,training_configuration:9959a7beb582708e6e56e89a63d55e5cb44f2a2f524eadaef711ce1b3070e76d,8GPU_global_SUM
task_9464f7bd7d11d78abbbb454b2706d504fae1677458b228e9d4c48e369f7ecfa2,cik:0000093410,composition_required,11,1,1,0,0,-1,first_final,PASS,training_configuration:66e33251935910fe6c18c3aaafd50ad045d1f4946a1be1688da3a4b097bdf34d,single_GPU,first_final,PASS,training_configuration:66e33251935910fe6c18c3aaafd50ad045d1f4946a1be1688da3a4b097bdf34d,single_GPU,provider_error,no_final,training_configuration:66e33251935910fe6c18c3aaafd50ad045d1f4946a1be1688da3a4b097bdf34d,single_GPU
task_9464f7bd7d11d78abbbb454b2706d504fae1677458b228e9d4c48e369f7ecfa2,cik:0000093410,composition_required,29,1,1,1,0,0,first_final,PASS,training_configuration:66e33251935910fe6c18c3aaafd50ad045d1f4946a1be1688da3a4b097bdf34d,single_GPU,first_final,PASS,training_configuration:66e33251935910fe6c18c3aaafd50ad045d1f4946a1be1688da3a4b097bdf34d,single_GPU,first_final,PASS,training_configuration:66e33251935910fe6c18c3aaafd50ad045d1f4946a1be1688da3a4b097bdf34d,single_GPU
task_9464f7bd7d11d78abbbb454b2706d504fae1677458b228e9d4c48e369f7ecfa2,cik:0000093410,composition_required,47,0,1,1,1,1,provider_error,no_final,training_configuration:66e33251935910fe6c18c3aaafd50ad045d1f4946a1be1688da3a4b097bdf34d,single_GPU,first_final,PASS,training_configuration:66e33251935910fe6c18c3aaafd50ad045d1f4946a1be1688da3a4b097bdf34d,single_GPU,first_final,PASS,training_configuration:9959a7beb582708e6e56e89a63d55e5cb44f2a2f524eadaef711ce1b3070e76d,8GPU_global_SUM
task_9528818fe36fe82f643762ea0955e63472f3b9b927b38e54246655abecb8d95a,cik:0000796343,dual_sufficient,11,1,1,0,0,-1,first_final,PASS,training_configuration:66e33251935910fe6c18c3aaafd50ad045d1f4946a1be1688da3a4b097bdf34d,single_GPU,first_final,PASS,training_configuration:66e33251935910fe6c18c3aaafd50ad045d1f4946a1be1688da3a4b097bdf34d,single_GPU,first_final,assessment.final_not_supported_by_result,training_configuration:66e33251935910fe6c18c3aaafd50ad045d1f4946a1be1688da3a4b097bdf34d,single_GPU
task_9528818fe36fe82f643762ea0955e63472f3b9b927b38e54246655abecb8d95a,cik:0000796343,dual_sufficient,29,1,1,1,0,0,first_final,PASS,training_configuration:66e33251935910fe6c18c3aaafd50ad045d1f4946a1be1688da3a4b097bdf34d,single_GPU,first_final,PASS,training_configuration:66e33251935910fe6c18c3aaafd50ad045d1f4946a1be1688da3a4b097bdf34d,single_GPU,first_final,PASS,training_configuration:66e33251935910fe6c18c3aaafd50ad045d1f4946a1be1688da3a4b097bdf34d,single_GPU
task_9528818fe36fe82f643762ea0955e63472f3b9b927b38e54246655abecb8d95a,cik:0000796343,dual_sufficient,47,1,1,0,0,-1,first_final,PASS,training_configuration:66e33251935910fe6c18c3aaafd50ad045d1f4946a1be1688da3a4b097bdf34d,single_GPU,first_final,PASS,training_configuration:66e33251935910fe6c18c3aaafd50ad045d1f4946a1be1688da3a4b097bdf34d,single_GPU,first_final,assessment.final_not_supported_by_result,training_configuration:9959a7beb582708e6e56e89a63d55e5cb44f2a2f524eadaef711ce1b3070e76d,8GPU_global_SUM
task_95938ce505918947ba9a88a931deabcf3c06ce530e4c0f81c1f9a9dc29956829,cik:0000796343,dual_sufficient,11,0,0,0,0,0,first_final,assessment.final_not_supported_by_result,training_configuration:66e33251935910fe6c18c3aaafd50ad045d1f4946a1be1688da3a4b097bdf34d,single_GPU,first_final,assessment.final_not_supported_by_result,training_configuration:66e33251935910fe6c18c3aaafd50ad045d1f4946a1be1688da3a4b097bdf34d,single_GPU,first_final,assessment.final_not_supported_by_result,training_configuration:66e33251935910fe6c18c3aaafd50ad045d1f4946a1be1688da3a4b097bdf34d,single_GPU
task_95938ce505918947ba9a88a931deabcf3c06ce530e4c0f81c1f9a9dc29956829,cik:0000796343,dual_sufficient,29,0,0,0,0,0,first_final,assessment.final_not_supported_by_result,training_configuration:66e33251935910fe6c18c3aaafd50ad045d1f4946a1be1688da3a4b097bdf34d,single_GPU,first_final,assessment.final_not_supported_by_result,training_configuration:66e33251935910fe6c18c3aaafd50ad045d1f4946a1be1688da3a4b097bdf34d,single_GPU,first_final,assessment.final_not_supported_by_result,training_configuration:66e33251935910fe6c18c3aaafd50ad045d1f4946a1be1688da3a4b097bdf34d,single_GPU
task_95938ce505918947ba9a88a931deabcf3c06ce530e4c0f81c1f9a9dc29956829,cik:0000796343,dual_sufficient,47,0,0,0,0,0,first_final,assessment.final_not_supported_by_result,training_configuration:66e33251935910fe6c18c3aaafd50ad045d1f4946a1be1688da3a4b097bdf34d,single_GPU,first_final,assessment.final_not_supported_by_result,training_configuration:66e33251935910fe6c18c3aaafd50ad045d1f4946a1be1688da3a4b097bdf34d,single_GPU,first_final,assessment.final_not_supported_by_result,training_configuration:9959a7beb582708e6e56e89a63d55e5cb44f2a2f524eadaef711ce1b3070e76d,8GPU_global_SUM
task_96f4d02949d0588689d132cc78e23273b96cf579b5ef1cd23721d435429586d9,cik:0000101829,other_financial,11,0,0,0,0,0,response_budget_exhausted,no_final,training_configuration:66e33251935910fe6c18c3aaafd50ad045d1f4946a1be1688da3a4b097bdf34d,single_GPU,response_budget_exhausted,no_final,training_configuration:66e33251935910fe6c18c3aaafd50ad045d1f4946a1be1688da3a4b097bdf34d,single_GPU,response_budget_exhausted,no_final,training_configuration:66e33251935910fe6c18c3aaafd50ad045d1f4946a1be1688da3a4b097bdf34d,single_GPU
task_96f4d02949d0588689d132cc78e23273b96cf579b5ef1cd23721d435429586d9,cik:0000101829,other_financial,29,0,0,0,0,0,provider_error,no_final,training_configuration:66e33251935910fe6c18c3aaafd50ad045d1f4946a1be1688da3a4b097bdf34d,single_GPU,response_budget_exhausted,no_final,training_configuration:66e33251935910fe6c18c3aaafd50ad045d1f4946a1be1688da3a4b097bdf34d,single_GPU,response_budget_exhausted,no_final,training_configuration:66e33251935910fe6c18c3aaafd50ad045d1f4946a1be1688da3a4b097bdf34d,single_GPU
task_96f4d02949d0588689d132cc78e23273b96cf579b5ef1cd23721d435429586d9,cik:0000101829,other_financial,47,0,0,0,0,0,provider_error,no_final,training_configuration:66e33251935910fe6c18c3aaafd50ad045d1f4946a1be1688da3a4b097bdf34d,single_GPU,response_budget_exhausted,no_final,training_configuration:66e33251935910fe6c18c3aaafd50ad045d1f4946a1be1688da3a4b097bdf34d,single_GPU,response_budget_exhausted,no_final,training_configuration:9959a7beb582708e6e56e89a63d55e5cb44f2a2f524eadaef711ce1b3070e76d,8GPU_global_SUM
task_97c9148db78cef43ace8187e15b9ead474ab61949c86111454df31b5776906f2,cik:0000101829,composition_required,11,1,0,0,-1,-1,first_final,PASS,training_configuration:66e33251935910fe6c18c3aaafd50ad045d1f4946a1be1688da3a4b097bdf34d,single_GPU,response_budget_exhausted,no_final,training_configuration:66e33251935910fe6c18c3aaafd50ad045d1f4946a1be1688da3a4b097bdf34d,single_GPU,provider_error,no_final,training_configuration:66e33251935910fe6c18c3aaafd50ad045d1f4946a1be1688da3a4b097bdf34d,single_GPU
task_97c9148db78cef43ace8187e15b9ead474ab61949c86111454df31b5776906f2,cik:0000101829,composition_required,29,0,1,0,1,0,first_final,assessment.mean_requires_all_three_actual_interval_amounts,training_configuration:66e33251935910fe6c18c3aaafd50ad045d1f4946a1be1688da3a4b097bdf34d,single_GPU,first_final,PASS,training_configuration:66e33251935910fe6c18c3aaafd50ad045d1f4946a1be1688da3a4b097bdf34d,single_GPU,first_final,assessment.mean_requires_all_three_actual_interval_amounts,training_configuration:66e33251935910fe6c18c3aaafd50ad045d1f4946a1be1688da3a4b097bdf34d,single_GPU
task_97c9148db78cef43ace8187e15b9ead474ab61949c86111454df31b5776906f2,cik:0000101829,composition_required,47,0,0,0,0,0,response_budget_exhausted,no_final,training_configuration:66e33251935910fe6c18c3aaafd50ad045d1f4946a1be1688da3a4b097bdf34d,single_GPU,response_budget_exhausted,no_final,training_configuration:66e33251935910fe6c18c3aaafd50ad045d1f4946a1be1688da3a4b097bdf34d,single_GPU,provider_error,no_final,training_configuration:9959a7beb582708e6e56e89a63d55e5cb44f2a2f524eadaef711ce1b3070e76d,8GPU_global_SUM
task_a0414a7f79d15b23161669f5a1351f10c5ec7061e287f995ca5d758f031ab636,cik:0000731766,dual_sufficient,11,0,0,0,0,0,first_final,assessment.final_not_supported_by_result,training_configuration:66e33251935910fe6c18c3aaafd50ad045d1f4946a1be1688da3a4b097bdf34d,single_GPU,first_final,assessment.final_not_supported_by_result,training_configuration:66e33251935910fe6c18c3aaafd50ad045d1f4946a1be1688da3a4b097bdf34d,single_GPU,first_final,assessment.final_not_supported_by_result,training_configuration:66e33251935910fe6c18c3aaafd50ad045d1f4946a1be1688da3a4b097bdf34d,single_GPU
task_a0414a7f79d15b23161669f5a1351f10c5ec7061e287f995ca5d758f031ab636,cik:0000731766,dual_sufficient,29,1,0,1,-1,0,first_final,PASS,training_configuration:66e33251935910fe6c18c3aaafd50ad045d1f4946a1be1688da3a4b097bdf34d,single_GPU,first_final,assessment.final_not_supported_by_result,training_configuration:66e33251935910fe6c18c3aaafd50ad045d1f4946a1be1688da3a4b097bdf34d,single_GPU,first_final,PASS,training_configuration:66e33251935910fe6c18c3aaafd50ad045d1f4946a1be1688da3a4b097bdf34d,single_GPU
task_a0414a7f79d15b23161669f5a1351f10c5ec7061e287f995ca5d758f031ab636,cik:0000731766,dual_sufficient,47,0,1,1,1,1,first_final,assessment.final_not_supported_by_result,training_configuration:66e33251935910fe6c18c3aaafd50ad045d1f4946a1be1688da3a4b097bdf34d,single_GPU,first_final,PASS,training_configuration:66e33251935910fe6c18c3aaafd50ad045d1f4946a1be1688da3a4b097bdf34d,single_GPU,first_final,PASS,training_configuration:9959a7beb582708e6e56e89a63d55e5cb44f2a2f524eadaef711ce1b3070e76d,8GPU_global_SUM
task_a3d4fbc2b79e47d807c4c01f1ba10137537569c44535d5e644fed32bad130033,cik:0000796343,dual_sufficient,11,0,0,0,0,0,first_final,assessment.final_not_supported_by_result,training_configuration:66e33251935910fe6c18c3aaafd50ad045d1f4946a1be1688da3a4b097bdf34d,single_GPU,first_final,assessment.final_not_supported_by_result,training_configuration:66e33251935910fe6c18c3aaafd50ad045d1f4946a1be1688da3a4b097bdf34d,single_GPU,first_final,assessment.final_not_supported_by_result,training_configuration:66e33251935910fe6c18c3aaafd50ad045d1f4946a1be1688da3a4b097bdf34d,single_GPU
task_a3d4fbc2b79e47d807c4c01f1ba10137537569c44535d5e644fed32bad130033,cik:0000796343,dual_sufficient,29,0,0,0,0,0,first_final,assessment.final_not_supported_by_result,training_configuration:66e33251935910fe6c18c3aaafd50ad045d1f4946a1be1688da3a4b097bdf34d,single_GPU,first_final,assessment.final_not_supported_by_result,training_configuration:66e33251935910fe6c18c3aaafd50ad045d1f4946a1be1688da3a4b097bdf34d,single_GPU,first_final,assessment.final_not_supported_by_result,training_configuration:66e33251935910fe6c18c3aaafd50ad045d1f4946a1be1688da3a4b097bdf34d,single_GPU
task_a3d4fbc2b79e47d807c4c01f1ba10137537569c44535d5e644fed32bad130033,cik:0000796343,dual_sufficient,47,0,0,0,0,0,first_final,assessment.final_not_supported_by_result,training_configuration:66e33251935910fe6c18c3aaafd50ad045d1f4946a1be1688da3a4b097bdf34d,single_GPU,first_final,assessment.final_not_supported_by_result,training_configuration:66e33251935910fe6c18c3aaafd50ad045d1f4946a1be1688da3a4b097bdf34d,single_GPU,first_final,assessment.final_not_supported_by_result,training_configuration:9959a7beb582708e6e56e89a63d55e5cb44f2a2f524eadaef711ce1b3070e76d,8GPU_global_SUM
task_a4faf62414184bcfdc8a3b083a4e0e4f607a60d26740d9427f578a965eefedbe,cik:0000021344,dual_sufficient,11,1,1,0,0,-1,first_final,PASS,training_configuration:66e33251935910fe6c18c3aaafd50ad045d1f4946a1be1688da3a4b097bdf34d,single_GPU,first_final,PASS,training_configuration:66e33251935910fe6c18c3aaafd50ad045d1f4946a1be1688da3a4b097bdf34d,single_GPU,first_final,assessment.not_equivalent_under_admitted_public_relations,training_configuration:66e33251935910fe6c18c3aaafd50ad045d1f4946a1be1688da3a4b097bdf34d,single_GPU
task_a4faf62414184bcfdc8a3b083a4e0e4f607a60d26740d9427f578a965eefedbe,cik:0000021344,dual_sufficient,29,1,0,0,-1,-1,first_final,PASS,training_configuration:66e33251935910fe6c18c3aaafd50ad045d1f4946a1be1688da3a4b097bdf34d,single_GPU,first_final,assessment.final_not_supported_by_result,training_configuration:66e33251935910fe6c18c3aaafd50ad045d1f4946a1be1688da3a4b097bdf34d,single_GPU,first_final,assessment.final_not_supported_by_result,training_configuration:66e33251935910fe6c18c3aaafd50ad045d1f4946a1be1688da3a4b097bdf34d,single_GPU
task_a4faf62414184bcfdc8a3b083a4e0e4f607a60d26740d9427f578a965eefedbe,cik:0000021344,dual_sufficient,47,0,1,1,1,1,first_final,assessment.not_equivalent_under_admitted_public_relations,training_configuration:66e33251935910fe6c18c3aaafd50ad045d1f4946a1be1688da3a4b097bdf34d,single_GPU,first_final,PASS,training_configuration:66e33251935910fe6c18c3aaafd50ad045d1f4946a1be1688da3a4b097bdf34d,single_GPU,first_final,PASS,training_configuration:9959a7beb582708e6e56e89a63d55e5cb44f2a2f524eadaef711ce1b3070e76d,8GPU_global_SUM
task_a5536d4705d1eef021ed1b62aa45ceccfbd1faaac345f316959e6e918b41ff48,cik:0001065280,other_financial,11,0,0,0,0,0,response_budget_exhausted,no_final,training_configuration:66e33251935910fe6c18c3aaafd50ad045d1f4946a1be1688da3a4b097bdf34d,single_GPU,response_budget_exhausted,no_final,training_configuration:66e33251935910fe6c18c3aaafd50ad045d1f4946a1be1688da3a4b097bdf34d,single_GPU,response_budget_exhausted,no_final,training_configuration:66e33251935910fe6c18c3aaafd50ad045d1f4946a1be1688da3a4b097bdf34d,single_GPU
task_a5536d4705d1eef021ed1b62aa45ceccfbd1faaac345f316959e6e918b41ff48,cik:0001065280,other_financial,29,0,0,0,0,0,response_budget_exhausted,no_final,training_configuration:66e33251935910fe6c18c3aaafd50ad045d1f4946a1be1688da3a4b097bdf34d,single_GPU,response_budget_exhausted,no_final,training_configuration:66e33251935910fe6c18c3aaafd50ad045d1f4946a1be1688da3a4b097bdf34d,single_GPU,first_final,assessment.peak_requires_all_three_candidate_periods,training_configuration:66e33251935910fe6c18c3aaafd50ad045d1f4946a1be1688da3a4b097bdf34d,single_GPU
task_a5536d4705d1eef021ed1b62aa45ceccfbd1faaac345f316959e6e918b41ff48,cik:0001065280,other_financial,47,0,0,0,0,0,response_budget_exhausted,no_final,training_configuration:66e33251935910fe6c18c3aaafd50ad045d1f4946a1be1688da3a4b097bdf34d,single_GPU,response_budget_exhausted,no_final,training_configuration:66e33251935910fe6c18c3aaafd50ad045d1f4946a1be1688da3a4b097bdf34d,single_GPU,response_budget_exhausted,no_final,training_configuration:9959a7beb582708e6e56e89a63d55e5cb44f2a2f524eadaef711ce1b3070e76d,8GPU_global_SUM
task_a55555c79bf3c65637d0e349f3b61acfaac09fe04ce88d9bdb6b556b8159a472,cik:0000101829,composition_required,11,1,1,1,0,0,first_final,PASS,training_configuration:66e33251935910fe6c18c3aaafd50ad045d1f4946a1be1688da3a4b097bdf34d,single_GPU,first_final,PASS,training_configuration:66e33251935910fe6c18c3aaafd50ad045d1f4946a1be1688da3a4b097bdf34d,single_GPU,first_final,PASS,training_configuration:66e33251935910fe6c18c3aaafd50ad045d1f4946a1be1688da3a4b097bdf34d,single_GPU
task_a55555c79bf3c65637d0e349f3b61acfaac09fe04ce88d9bdb6b556b8159a472,cik:0000101829,composition_required,29,1,1,1,0,0,first_final,PASS,training_configuration:66e33251935910fe6c18c3aaafd50ad045d1f4946a1be1688da3a4b097bdf34d,single_GPU,first_final,PASS,training_configuration:66e33251935910fe6c18c3aaafd50ad045d1f4946a1be1688da3a4b097bdf34d,single_GPU,first_final,PASS,training_configuration:66e33251935910fe6c18c3aaafd50ad045d1f4946a1be1688da3a4b097bdf34d,single_GPU
task_a55555c79bf3c65637d0e349f3b61acfaac09fe04ce88d9bdb6b556b8159a472,cik:0000101829,composition_required,47,1,1,1,0,0,first_final,PASS,training_configuration:66e33251935910fe6c18c3aaafd50ad045d1f4946a1be1688da3a4b097bdf34d,single_GPU,first_final,PASS,training_configuration:66e33251935910fe6c18c3aaafd50ad045d1f4946a1be1688da3a4b097bdf34d,single_GPU,first_final,PASS,training_configuration:9959a7beb582708e6e56e89a63d55e5cb44f2a2f524eadaef711ce1b3070e76d,8GPU_global_SUM
task_a64b3102cf74262668646f8f7f584d053a503174b71c26e13aef894fe6ebc72c,cik:0000101829,composition_required,11,0,1,0,1,0,response_budget_exhausted,no_final,training_configuration:66e33251935910fe6c18c3aaafd50ad045d1f4946a1be1688da3a4b097bdf34d,single_GPU,first_final,PASS,training_configuration:66e33251935910fe6c18c3aaafd50ad045d1f4946a1be1688da3a4b097bdf34d,single_GPU,provider_error,no_final,training_configuration:66e33251935910fe6c18c3aaafd50ad045d1f4946a1be1688da3a4b097bdf34d,single_GPU
task_a64b3102cf74262668646f8f7f584d053a503174b71c26e13aef894fe6ebc72c,cik:0000101829,composition_required,29,0,0,0,0,0,response_budget_exhausted,no_final,training_configuration:66e33251935910fe6c18c3aaafd50ad045d1f4946a1be1688da3a4b097bdf34d,single_GPU,response_budget_exhausted,no_final,training_configuration:66e33251935910fe6c18c3aaafd50ad045d1f4946a1be1688da3a4b097bdf34d,single_GPU,provider_error,no_final,training_configuration:66e33251935910fe6c18c3aaafd50ad045d1f4946a1be1688da3a4b097bdf34d,single_GPU
task_a64b3102cf74262668646f8f7f584d053a503174b71c26e13aef894fe6ebc72c,cik:0000101829,composition_required,47,0,0,0,0,0,response_budget_exhausted,no_final,training_configuration:66e33251935910fe6c18c3aaafd50ad045d1f4946a1be1688da3a4b097bdf34d,single_GPU,response_budget_exhausted,no_final,training_configuration:66e33251935910fe6c18c3aaafd50ad045d1f4946a1be1688da3a4b097bdf34d,single_GPU,response_budget_exhausted,no_final,training_configuration:9959a7beb582708e6e56e89a63d55e5cb44f2a2f524eadaef711ce1b3070e76d,8GPU_global_SUM
task_a6642a5fced29b1d7afd7cbf66799445148a218c94d70ebd34522e68ba7100dd,cik:0000019617,other_financial,11,0,0,0,0,0,provider_error,no_final,training_configuration:66e33251935910fe6c18c3aaafd50ad045d1f4946a1be1688da3a4b097bdf34d,single_GPU,response_budget_exhausted,no_final,training_configuration:66e33251935910fe6c18c3aaafd50ad045d1f4946a1be1688da3a4b097bdf34d,single_GPU,response_budget_exhausted,no_final,training_configuration:66e33251935910fe6c18c3aaafd50ad045d1f4946a1be1688da3a4b097bdf34d,single_GPU
task_a6642a5fced29b1d7afd7cbf66799445148a218c94d70ebd34522e68ba7100dd,cik:0000019617,other_financial,29,0,0,0,0,0,first_final,assessment.one_actual_selection_support_required,training_configuration:66e33251935910fe6c18c3aaafd50ad045d1f4946a1be1688da3a4b097bdf34d,single_GPU,response_budget_exhausted,no_final,training_configuration:66e33251935910fe6c18c3aaafd50ad045d1f4946a1be1688da3a4b097bdf34d,single_GPU,first_final,assessment.one_actual_selection_support_required,training_configuration:66e33251935910fe6c18c3aaafd50ad045d1f4946a1be1688da3a4b097bdf34d,single_GPU
task_a6642a5fced29b1d7afd7cbf66799445148a218c94d70ebd34522e68ba7100dd,cik:0000019617,other_financial,47,0,0,0,0,0,response_budget_exhausted,no_final,training_configuration:66e33251935910fe6c18c3aaafd50ad045d1f4946a1be1688da3a4b097bdf34d,single_GPU,response_budget_exhausted,no_final,training_configuration:66e33251935910fe6c18c3aaafd50ad045d1f4946a1be1688da3a4b097bdf34d,single_GPU,first_final,assessment.selection_unique_public_candidate_period,training_configuration:9959a7beb582708e6e56e89a63d55e5cb44f2a2f524eadaef711ce1b3070e76d,8GPU_global_SUM
task_a796acbcb0ba4b431206d8884f5acccdb4082c276925b4ba8ef1fe3eb8c5d3d1,cik:0000021344,dual_sufficient,11,0,0,0,0,0,first_final,assessment.not_equivalent_under_admitted_public_relations,training_configuration:66e33251935910fe6c18c3aaafd50ad045d1f4946a1be1688da3a4b097bdf34d,single_GPU,first_final,assessment.not_equivalent_under_admitted_public_relations,training_configuration:66e33251935910fe6c18c3aaafd50ad045d1f4946a1be1688da3a4b097bdf34d,single_GPU,first_final,assessment.not_equivalent_under_admitted_public_relations,training_configuration:66e33251935910fe6c18c3aaafd50ad045d1f4946a1be1688da3a4b097bdf34d,single_GPU
task_a796acbcb0ba4b431206d8884f5acccdb4082c276925b4ba8ef1fe3eb8c5d3d1,cik:0000021344,dual_sufficient,29,0,0,0,0,0,first_final,assessment.not_equivalent_under_admitted_public_relations,training_configuration:66e33251935910fe6c18c3aaafd50ad045d1f4946a1be1688da3a4b097bdf34d,single_GPU,first_final,assessment.not_equivalent_under_admitted_public_relations,training_configuration:66e33251935910fe6c18c3aaafd50ad045d1f4946a1be1688da3a4b097bdf34d,single_GPU,first_final,assessment.not_equivalent_under_admitted_public_relations,training_configuration:66e33251935910fe6c18c3aaafd50ad045d1f4946a1be1688da3a4b097bdf34d,single_GPU
task_a796acbcb0ba4b431206d8884f5acccdb4082c276925b4ba8ef1fe3eb8c5d3d1,cik:0000021344,dual_sufficient,47,1,1,0,0,-1,first_final,PASS,training_configuration:66e33251935910fe6c18c3aaafd50ad045d1f4946a1be1688da3a4b097bdf34d,single_GPU,first_final,PASS,training_configuration:66e33251935910fe6c18c3aaafd50ad045d1f4946a1be1688da3a4b097bdf34d,single_GPU,first_final,assessment.not_equivalent_under_admitted_public_relations,training_configuration:9959a7beb582708e6e56e89a63d55e5cb44f2a2f524eadaef711ce1b3070e76d,8GPU_global_SUM
task_aa2da4b67e944a8ba9da1fcc5b9856acc1a7036e590496058502af9481973c14,cik:0000019617,other_financial,11,0,0,0,0,0,response_budget_exhausted,no_final,training_configuration:66e33251935910fe6c18c3aaafd50ad045d1f4946a1be1688da3a4b097bdf34d,single_GPU,response_budget_exhausted,no_final,training_configuration:66e33251935910fe6c18c3aaafd50ad045d1f4946a1be1688da3a4b097bdf34d,single_GPU,response_budget_exhausted,no_final,training_configuration:66e33251935910fe6c18c3aaafd50ad045d1f4946a1be1688da3a4b097bdf34d,single_GPU
task_aa2da4b67e944a8ba9da1fcc5b9856acc1a7036e590496058502af9481973c14,cik:0000019617,other_financial,29,0,0,0,0,0,response_budget_exhausted,no_final,training_configuration:66e33251935910fe6c18c3aaafd50ad045d1f4946a1be1688da3a4b097bdf34d,single_GPU,first_final,assessment.one_actual_selection_support_required,training_configuration:66e33251935910fe6c18c3aaafd50ad045d1f4946a1be1688da3a4b097bdf34d,single_GPU,first_final,assessment.final_selected_actual_period,training_configuration:66e33251935910fe6c18c3aaafd50ad045d1f4946a1be1688da3a4b097bdf34d,single_GPU
task_aa2da4b67e944a8ba9da1fcc5b9856acc1a7036e590496058502af9481973c14,cik:0000019617,other_financial,47,0,0,0,0,0,first_final,assessment.selection_unique_public_candidate_period,training_configuration:66e33251935910fe6c18c3aaafd50ad045d1f4946a1be1688da3a4b097bdf34d,single_GPU,first_final,assessment.selection_unique_public_candidate_period,training_configuration:66e33251935910fe6c18c3aaafd50ad045d1f4946a1be1688da3a4b097bdf34d,single_GPU,response_budget_exhausted,no_final,training_configuration:9959a7beb582708e6e56e89a63d55e5cb44f2a2f524eadaef711ce1b3070e76d,8GPU_global_SUM
task_aae35a249e4bffe3129fd951eb5c34c762904381d4fe27950e0593676fb6b867,cik:0000731766,other_financial,11,0,0,0,0,0,response_budget_exhausted,no_final,training_configuration:66e33251935910fe6c18c3aaafd50ad045d1f4946a1be1688da3a4b097bdf34d,single_GPU,response_budget_exhausted,no_final,training_configuration:66e33251935910fe6c18c3aaafd50ad045d1f4946a1be1688da3a4b097bdf34d,single_GPU,response_budget_exhausted,no_final,training_configuration:66e33251935910fe6c18c3aaafd50ad045d1f4946a1be1688da3a4b097bdf34d,single_GPU
task_aae35a249e4bffe3129fd951eb5c34c762904381d4fe27950e0593676fb6b867,cik:0000731766,other_financial,29,0,0,0,0,0,response_budget_exhausted,no_final,training_configuration:66e33251935910fe6c18c3aaafd50ad045d1f4946a1be1688da3a4b097bdf34d,single_GPU,response_budget_exhausted,no_final,training_configuration:66e33251935910fe6c18c3aaafd50ad045d1f4946a1be1688da3a4b097bdf34d,single_GPU,response_budget_exhausted,no_final,training_configuration:66e33251935910fe6c18c3aaafd50ad045d1f4946a1be1688da3a4b097bdf34d,single_GPU
task_aae35a249e4bffe3129fd951eb5c34c762904381d4fe27950e0593676fb6b867,cik:0000731766,other_financial,47,0,0,0,0,0,response_budget_exhausted,no_final,training_configuration:66e33251935910fe6c18c3aaafd50ad045d1f4946a1be1688da3a4b097bdf34d,single_GPU,response_budget_exhausted,no_final,training_configuration:66e33251935910fe6c18c3aaafd50ad045d1f4946a1be1688da3a4b097bdf34d,single_GPU,response_budget_exhausted,no_final,training_configuration:9959a7beb582708e6e56e89a63d55e5cb44f2a2f524eadaef711ce1b3070e76d,8GPU_global_SUM
task_aca181049219126707f7489fb7dab841cce36395ebe8b59183c638ac8759f35c,cik:0000796343,other_financial,11,0,0,0,0,0,response_budget_exhausted,no_final,training_configuration:66e33251935910fe6c18c3aaafd50ad045d1f4946a1be1688da3a4b097bdf34d,single_GPU,response_budget_exhausted,no_final,training_configuration:66e33251935910fe6c18c3aaafd50ad045d1f4946a1be1688da3a4b097bdf34d,single_GPU,response_budget_exhausted,no_final,training_configuration:66e33251935910fe6c18c3aaafd50ad045d1f4946a1be1688da3a4b097bdf34d,single_GPU
task_aca181049219126707f7489fb7dab841cce36395ebe8b59183c638ac8759f35c,cik:0000796343,other_financial,29,0,0,0,0,0,response_budget_exhausted,no_final,training_configuration:66e33251935910fe6c18c3aaafd50ad045d1f4946a1be1688da3a4b097bdf34d,single_GPU,first_final,assessment.final_selected_actual_period,training_configuration:66e33251935910fe6c18c3aaafd50ad045d1f4946a1be1688da3a4b097bdf34d,single_GPU,first_final,assessment.one_actual_selection_support_required,training_configuration:66e33251935910fe6c18c3aaafd50ad045d1f4946a1be1688da3a4b097bdf34d,single_GPU
task_aca181049219126707f7489fb7dab841cce36395ebe8b59183c638ac8759f35c,cik:0000796343,other_financial,47,0,0,0,0,0,first_final,assessment.final_not_supported_by_result,training_configuration:66e33251935910fe6c18c3aaafd50ad045d1f4946a1be1688da3a4b097bdf34d,single_GPU,response_budget_exhausted,no_final,training_configuration:66e33251935910fe6c18c3aaafd50ad045d1f4946a1be1688da3a4b097bdf34d,single_GPU,response_budget_exhausted,no_final,training_configuration:9959a7beb582708e6e56e89a63d55e5cb44f2a2f524eadaef711ce1b3070e76d,8GPU_global_SUM
task_aee84298a9fa205a0220ce96bd3efb67ffda02a59c671098ccb17e908cd564b4,cik:0000072971,composition_required,11,1,0,0,-1,-1,first_final,PASS,training_configuration:66e33251935910fe6c18c3aaafd50ad045d1f4946a1be1688da3a4b097bdf34d,single_GPU,response_budget_exhausted,no_final,training_configuration:66e33251935910fe6c18c3aaafd50ad045d1f4946a1be1688da3a4b097bdf34d,single_GPU,response_budget_exhausted,no_final,training_configuration:66e33251935910fe6c18c3aaafd50ad045d1f4946a1be1688da3a4b097bdf34d,single_GPU
task_aee84298a9fa205a0220ce96bd3efb67ffda02a59c671098ccb17e908cd564b4,cik:0000072971,composition_required,29,1,0,0,-1,-1,first_final,PASS,training_configuration:66e33251935910fe6c18c3aaafd50ad045d1f4946a1be1688da3a4b097bdf34d,single_GPU,response_budget_exhausted,no_final,training_configuration:66e33251935910fe6c18c3aaafd50ad045d1f4946a1be1688da3a4b097bdf34d,single_GPU,response_budget_exhausted,no_final,training_configuration:66e33251935910fe6c18c3aaafd50ad045d1f4946a1be1688da3a4b097bdf34d,single_GPU
task_aee84298a9fa205a0220ce96bd3efb67ffda02a59c671098ccb17e908cd564b4,cik:0000072971,composition_required,47,0,0,0,0,0,response_budget_exhausted,no_final,training_configuration:66e33251935910fe6c18c3aaafd50ad045d1f4946a1be1688da3a4b097bdf34d,single_GPU,response_budget_exhausted,no_final,training_configuration:66e33251935910fe6c18c3aaafd50ad045d1f4946a1be1688da3a4b097bdf34d,single_GPU,response_budget_exhausted,no_final,training_configuration:9959a7beb582708e6e56e89a63d55e5cb44f2a2f524eadaef711ce1b3070e76d,8GPU_global_SUM
task_b0524531c18add74afd470aa9c1e0e7925b08b580ad0f3f52197dc929323e036,cik:0001403161,composition_required,11,1,1,0,0,-1,first_final,PASS,training_configuration:66e33251935910fe6c18c3aaafd50ad045d1f4946a1be1688da3a4b097bdf34d,single_GPU,first_final,PASS,training_configuration:66e33251935910fe6c18c3aaafd50ad045d1f4946a1be1688da3a4b097bdf34d,single_GPU,provider_error,no_final,training_configuration:66e33251935910fe6c18c3aaafd50ad045d1f4946a1be1688da3a4b097bdf34d,single_GPU
task_b0524531c18add74afd470aa9c1e0e7925b08b580ad0f3f52197dc929323e036,cik:0001403161,composition_required,29,1,1,0,0,-1,first_final,PASS,training_configuration:66e33251935910fe6c18c3aaafd50ad045d1f4946a1be1688da3a4b097bdf34d,single_GPU,first_final,PASS,training_configuration:66e33251935910fe6c18c3aaafd50ad045d1f4946a1be1688da3a4b097bdf34d,single_GPU,response_budget_exhausted,no_final,training_configuration:66e33251935910fe6c18c3aaafd50ad045d1f4946a1be1688da3a4b097bdf34d,single_GPU
task_b0524531c18add74afd470aa9c1e0e7925b08b580ad0f3f52197dc929323e036,cik:0001403161,composition_required,47,0,1,1,1,1,provider_error,no_final,training_configuration:66e33251935910fe6c18c3aaafd50ad045d1f4946a1be1688da3a4b097bdf34d,single_GPU,first_final,PASS,training_configuration:66e33251935910fe6c18c3aaafd50ad045d1f4946a1be1688da3a4b097bdf34d,single_GPU,first_final,PASS,training_configuration:9959a7beb582708e6e56e89a63d55e5cb44f2a2f524eadaef711ce1b3070e76d,8GPU_global_SUM
task_b0ce61f2454c9ea2c78173bd40bdd41d888847778e16931022d87467c86868be,cik:0000093410,other_financial,11,0,0,0,0,0,response_budget_exhausted,no_final,training_configuration:66e33251935910fe6c18c3aaafd50ad045d1f4946a1be1688da3a4b097bdf34d,single_GPU,response_budget_exhausted,no_final,training_configuration:66e33251935910fe6c18c3aaafd50ad045d1f4946a1be1688da3a4b097bdf34d,single_GPU,response_budget_exhausted,no_final,training_configuration:66e33251935910fe6c18c3aaafd50ad045d1f4946a1be1688da3a4b097bdf34d,single_GPU
task_b0ce61f2454c9ea2c78173bd40bdd41d888847778e16931022d87467c86868be,cik:0000093410,other_financial,29,0,0,0,0,0,response_budget_exhausted,no_final,training_configuration:66e33251935910fe6c18c3aaafd50ad045d1f4946a1be1688da3a4b097bdf34d,single_GPU,response_budget_exhausted,no_final,training_configuration:66e33251935910fe6c18c3aaafd50ad045d1f4946a1be1688da3a4b097bdf34d,single_GPU,response_budget_exhausted,no_final,training_configuration:66e33251935910fe6c18c3aaafd50ad045d1f4946a1be1688da3a4b097bdf34d,single_GPU
task_b0ce61f2454c9ea2c78173bd40bdd41d888847778e16931022d87467c86868be,cik:0000093410,other_financial,47,0,0,0,0,0,response_budget_exhausted,no_final,training_configuration:66e33251935910fe6c18c3aaafd50ad045d1f4946a1be1688da3a4b097bdf34d,single_GPU,response_budget_exhausted,no_final,training_configuration:66e33251935910fe6c18c3aaafd50ad045d1f4946a1be1688da3a4b097bdf34d,single_GPU,response_budget_exhausted,no_final,training_configuration:9959a7beb582708e6e56e89a63d55e5cb44f2a2f524eadaef711ce1b3070e76d,8GPU_global_SUM
task_b45d14d4d7f42dc637620b515121e9ece01dfd4c2e176c71cbc0a0d4874115a2,cik:0000072971,other_financial,11,0,0,0,0,0,response_budget_exhausted,no_final,training_configuration:66e33251935910fe6c18c3aaafd50ad045d1f4946a1be1688da3a4b097bdf34d,single_GPU,response_budget_exhausted,no_final,training_configuration:66e33251935910fe6c18c3aaafd50ad045d1f4946a1be1688da3a4b097bdf34d,single_GPU,response_budget_exhausted,no_final,training_configuration:66e33251935910fe6c18c3aaafd50ad045d1f4946a1be1688da3a4b097bdf34d,single_GPU
task_b45d14d4d7f42dc637620b515121e9ece01dfd4c2e176c71cbc0a0d4874115a2,cik:0000072971,other_financial,29,0,0,0,0,0,response_budget_exhausted,no_final,training_configuration:66e33251935910fe6c18c3aaafd50ad045d1f4946a1be1688da3a4b097bdf34d,single_GPU,response_budget_exhausted,no_final,training_configuration:66e33251935910fe6c18c3aaafd50ad045d1f4946a1be1688da3a4b097bdf34d,single_GPU,response_budget_exhausted,no_final,training_configuration:66e33251935910fe6c18c3aaafd50ad045d1f4946a1be1688da3a4b097bdf34d,single_GPU
task_b45d14d4d7f42dc637620b515121e9ece01dfd4c2e176c71cbc0a0d4874115a2,cik:0000072971,other_financial,47,0,0,0,0,0,response_budget_exhausted,no_final,training_configuration:66e33251935910fe6c18c3aaafd50ad045d1f4946a1be1688da3a4b097bdf34d,single_GPU,response_budget_exhausted,no_final,training_configuration:66e33251935910fe6c18c3aaafd50ad045d1f4946a1be1688da3a4b097bdf34d,single_GPU,response_budget_exhausted,no_final,training_configuration:9959a7beb582708e6e56e89a63d55e5cb44f2a2f524eadaef711ce1b3070e76d,8GPU_global_SUM
task_b51c17b4a75f4a17f46e7a09cffb0e92b6d122bfed0615e7e81504d52ec951c3,cik:0000021344,dual_sufficient,11,0,0,0,0,0,first_final,assessment.final_not_supported_by_result,training_configuration:66e33251935910fe6c18c3aaafd50ad045d1f4946a1be1688da3a4b097bdf34d,single_GPU,first_final,assessment.final_not_supported_by_result,training_configuration:66e33251935910fe6c18c3aaafd50ad045d1f4946a1be1688da3a4b097bdf34d,single_GPU,first_final,assessment.not_equivalent_under_admitted_public_relations,training_configuration:66e33251935910fe6c18c3aaafd50ad045d1f4946a1be1688da3a4b097bdf34d,single_GPU
task_b51c17b4a75f4a17f46e7a09cffb0e92b6d122bfed0615e7e81504d52ec951c3,cik:0000021344,dual_sufficient,29,1,0,0,-1,-1,first_final,PASS,training_configuration:66e33251935910fe6c18c3aaafd50ad045d1f4946a1be1688da3a4b097bdf34d,single_GPU,first_final,assessment.not_equivalent_under_admitted_public_relations,training_configuration:66e33251935910fe6c18c3aaafd50ad045d1f4946a1be1688da3a4b097bdf34d,single_GPU,first_final,assessment.final_not_supported_by_result,training_configuration:66e33251935910fe6c18c3aaafd50ad045d1f4946a1be1688da3a4b097bdf34d,single_GPU
task_b51c17b4a75f4a17f46e7a09cffb0e92b6d122bfed0615e7e81504d52ec951c3,cik:0000021344,dual_sufficient,47,0,0,0,0,0,first_final,assessment.not_equivalent_under_admitted_public_relations,training_configuration:66e33251935910fe6c18c3aaafd50ad045d1f4946a1be1688da3a4b097bdf34d,single_GPU,first_final,assessment.final_not_supported_by_result,training_configuration:66e33251935910fe6c18c3aaafd50ad045d1f4946a1be1688da3a4b097bdf34d,single_GPU,first_final,assessment.not_equivalent_under_admitted_public_relations,training_configuration:9959a7beb582708e6e56e89a63d55e5cb44f2a2f524eadaef711ce1b3070e76d,8GPU_global_SUM
task_b52997c138156760c8e8ce1084dff6f7f62ca715a5115b9ba7cac9ac9846f92a,cik:0000092122,other_financial,11,0,0,0,0,0,response_budget_exhausted,no_final,training_configuration:66e33251935910fe6c18c3aaafd50ad045d1f4946a1be1688da3a4b097bdf34d,single_GPU,response_budget_exhausted,no_final,training_configuration:66e33251935910fe6c18c3aaafd50ad045d1f4946a1be1688da3a4b097bdf34d,single_GPU,response_budget_exhausted,no_final,training_configuration:66e33251935910fe6c18c3aaafd50ad045d1f4946a1be1688da3a4b097bdf34d,single_GPU
task_b52997c138156760c8e8ce1084dff6f7f62ca715a5115b9ba7cac9ac9846f92a,cik:0000092122,other_financial,29,0,0,0,0,0,response_budget_exhausted,no_final,training_configuration:66e33251935910fe6c18c3aaafd50ad045d1f4946a1be1688da3a4b097bdf34d,single_GPU,response_budget_exhausted,no_final,training_configuration:66e33251935910fe6c18c3aaafd50ad045d1f4946a1be1688da3a4b097bdf34d,single_GPU,response_budget_exhausted,no_final,training_configuration:66e33251935910fe6c18c3aaafd50ad045d1f4946a1be1688da3a4b097bdf34d,single_GPU
task_b52997c138156760c8e8ce1084dff6f7f62ca715a5115b9ba7cac9ac9846f92a,cik:0000092122,other_financial,47,0,0,0,0,0,response_budget_exhausted,no_final,training_configuration:66e33251935910fe6c18c3aaafd50ad045d1f4946a1be1688da3a4b097bdf34d,single_GPU,response_budget_exhausted,no_final,training_configuration:66e33251935910fe6c18c3aaafd50ad045d1f4946a1be1688da3a4b097bdf34d,single_GPU,response_budget_exhausted,no_final,training_configuration:9959a7beb582708e6e56e89a63d55e5cb44f2a2f524eadaef711ce1b3070e76d,8GPU_global_SUM
task_b6495efa63b5ec11e8e031a7c556d9222eadccb7ca732eb1619b18d9d2c10391,cik:0000804328,other_financial,11,0,0,0,0,0,first_final,assessment.not_a_financial_arithmetic_result,training_configuration:66e33251935910fe6c18c3aaafd50ad045d1f4946a1be1688da3a4b097bdf34d,single_GPU,response_budget_exhausted,no_final,training_configuration:66e33251935910fe6c18c3aaafd50ad045d1f4946a1be1688da3a4b097bdf34d,single_GPU,response_budget_exhausted,no_final,training_configuration:66e33251935910fe6c18c3aaafd50ad045d1f4946a1be1688da3a4b097bdf34d,single_GPU
task_b6495efa63b5ec11e8e031a7c556d9222eadccb7ca732eb1619b18d9d2c10391,cik:0000804328,other_financial,29,0,0,0,0,0,response_budget_exhausted,no_final,training_configuration:66e33251935910fe6c18c3aaafd50ad045d1f4946a1be1688da3a4b097bdf34d,single_GPU,response_budget_exhausted,no_final,training_configuration:66e33251935910fe6c18c3aaafd50ad045d1f4946a1be1688da3a4b097bdf34d,single_GPU,response_budget_exhausted,no_final,training_configuration:66e33251935910fe6c18c3aaafd50ad045d1f4946a1be1688da3a4b097bdf34d,single_GPU
task_b6495efa63b5ec11e8e031a7c556d9222eadccb7ca732eb1619b18d9d2c10391,cik:0000804328,other_financial,47,0,0,0,0,0,response_budget_exhausted,no_final,training_configuration:66e33251935910fe6c18c3aaafd50ad045d1f4946a1be1688da3a4b097bdf34d,single_GPU,response_budget_exhausted,no_final,training_configuration:66e33251935910fe6c18c3aaafd50ad045d1f4946a1be1688da3a4b097bdf34d,single_GPU,response_budget_exhausted,no_final,training_configuration:9959a7beb582708e6e56e89a63d55e5cb44f2a2f524eadaef711ce1b3070e76d,8GPU_global_SUM
task_b65f57f907360f6da4afdd7be036555d1b5a1664c3e85df9123f24214305c7d6,cik:0000796343,other_financial,11,0,0,0,0,0,response_budget_exhausted,no_final,training_configuration:66e33251935910fe6c18c3aaafd50ad045d1f4946a1be1688da3a4b097bdf34d,single_GPU,response_budget_exhausted,no_final,training_configuration:66e33251935910fe6c18c3aaafd50ad045d1f4946a1be1688da3a4b097bdf34d,single_GPU,response_budget_exhausted,no_final,training_configuration:66e33251935910fe6c18c3aaafd50ad045d1f4946a1be1688da3a4b097bdf34d,single_GPU
task_b65f57f907360f6da4afdd7be036555d1b5a1664c3e85df9123f24214305c7d6,cik:0000796343,other_financial,29,0,0,0,0,0,response_budget_exhausted,no_final,training_configuration:66e33251935910fe6c18c3aaafd50ad045d1f4946a1be1688da3a4b097bdf34d,single_GPU,first_final,assessment.one_actual_selection_support_required,training_configuration:66e33251935910fe6c18c3aaafd50ad045d1f4946a1be1688da3a4b097bdf34d,single_GPU,first_final,assessment.one_actual_selection_support_required,training_configuration:66e33251935910fe6c18c3aaafd50ad045d1f4946a1be1688da3a4b097bdf34d,single_GPU
task_b65f57f907360f6da4afdd7be036555d1b5a1664c3e85df9123f24214305c7d6,cik:0000796343,other_financial,47,0,0,0,0,0,response_budget_exhausted,no_final,training_configuration:66e33251935910fe6c18c3aaafd50ad045d1f4946a1be1688da3a4b097bdf34d,single_GPU,first_final,assessment.final_selected_actual_period,training_configuration:66e33251935910fe6c18c3aaafd50ad045d1f4946a1be1688da3a4b097bdf34d,single_GPU,response_budget_exhausted,no_final,training_configuration:9959a7beb582708e6e56e89a63d55e5cb44f2a2f524eadaef711ce1b3070e76d,8GPU_global_SUM
task_b6963acbf1c34ffa1c7d996408726ff16d5b76dd5a605cea6bc38c28d4577e62,cik:0000796343,other_financial,11,0,0,0,0,0,provider_error,no_final,training_configuration:66e33251935910fe6c18c3aaafd50ad045d1f4946a1be1688da3a4b097bdf34d,single_GPU,response_budget_exhausted,no_final,training_configuration:66e33251935910fe6c18c3aaafd50ad045d1f4946a1be1688da3a4b097bdf34d,single_GPU,response_budget_exhausted,no_final,training_configuration:66e33251935910fe6c18c3aaafd50ad045d1f4946a1be1688da3a4b097bdf34d,single_GPU
task_b6963acbf1c34ffa1c7d996408726ff16d5b76dd5a605cea6bc38c28d4577e62,cik:0000796343,other_financial,29,0,0,0,0,0,response_budget_exhausted,no_final,training_configuration:66e33251935910fe6c18c3aaafd50ad045d1f4946a1be1688da3a4b097bdf34d,single_GPU,first_final,assessment.one_actual_selection_support_required,training_configuration:66e33251935910fe6c18c3aaafd50ad045d1f4946a1be1688da3a4b097bdf34d,single_GPU,response_budget_exhausted,no_final,training_configuration:66e33251935910fe6c18c3aaafd50ad045d1f4946a1be1688da3a4b097bdf34d,single_GPU
task_b6963acbf1c34ffa1c7d996408726ff16d5b76dd5a605cea6bc38c28d4577e62,cik:0000796343,other_financial,47,0,0,0,0,0,response_budget_exhausted,no_final,training_configuration:66e33251935910fe6c18c3aaafd50ad045d1f4946a1be1688da3a4b097bdf34d,single_GPU,response_budget_exhausted,no_final,training_configuration:66e33251935910fe6c18c3aaafd50ad045d1f4946a1be1688da3a4b097bdf34d,single_GPU,response_budget_exhausted,no_final,training_configuration:9959a7beb582708e6e56e89a63d55e5cb44f2a2f524eadaef711ce1b3070e76d,8GPU_global_SUM
task_b6dcbe68c7f4bd783529b935089fd6f3a8752b2a398015d2321b611f270b442f,cik:0000796343,composition_required,11,1,0,0,-1,-1,first_final,PASS,training_configuration:66e33251935910fe6c18c3aaafd50ad045d1f4946a1be1688da3a4b097bdf34d,single_GPU,first_final,assessment.final_not_supported_by_result,training_configuration:66e33251935910fe6c18c3aaafd50ad045d1f4946a1be1688da3a4b097bdf34d,single_GPU,first_final,assessment.final_not_supported_by_result,training_configuration:66e33251935910fe6c18c3aaafd50ad045d1f4946a1be1688da3a4b097bdf34d,single_GPU
task_b6dcbe68c7f4bd783529b935089fd6f3a8752b2a398015d2321b611f270b442f,cik:0000796343,composition_required,29,1,0,1,-1,0,first_final,PASS,training_configuration:66e33251935910fe6c18c3aaafd50ad045d1f4946a1be1688da3a4b097bdf34d,single_GPU,first_final,assessment.final_not_supported_by_result,training_configuration:66e33251935910fe6c18c3aaafd50ad045d1f4946a1be1688da3a4b097bdf34d,single_GPU,first_final,PASS,training_configuration:66e33251935910fe6c18c3aaafd50ad045d1f4946a1be1688da3a4b097bdf34d,single_GPU
task_b6dcbe68c7f4bd783529b935089fd6f3a8752b2a398015d2321b611f270b442f,cik:0000796343,composition_required,47,0,0,0,0,0,first_final,assessment.final_not_supported_by_result,training_configuration:66e33251935910fe6c18c3aaafd50ad045d1f4946a1be1688da3a4b097bdf34d,single_GPU,first_final,assessment.final_not_supported_by_result,training_configuration:66e33251935910fe6c18c3aaafd50ad045d1f4946a1be1688da3a4b097bdf34d,single_GPU,first_final,assessment.final_not_supported_by_result,training_configuration:9959a7beb582708e6e56e89a63d55e5cb44f2a2f524eadaef711ce1b3070e76d,8GPU_global_SUM
task_b6e24d6a9c8a27c82067ea878dbe0260aa9c44bb7362b11f5fc177b9c18d1586,cik:0000804328,composition_required,11,1,1,1,0,0,first_final,PASS,training_configuration:66e33251935910fe6c18c3aaafd50ad045d1f4946a1be1688da3a4b097bdf34d,single_GPU,first_final,PASS,training_configuration:66e33251935910fe6c18c3aaafd50ad045d1f4946a1be1688da3a4b097bdf34d,single_GPU,first_final,PASS,training_configuration:66e33251935910fe6c18c3aaafd50ad045d1f4946a1be1688da3a4b097bdf34d,single_GPU
task_b6e24d6a9c8a27c82067ea878dbe0260aa9c44bb7362b11f5fc177b9c18d1586,cik:0000804328,composition_required,29,0,1,1,1,1,first_final,tool.unit_dimension_conflict,training_configuration:66e33251935910fe6c18c3aaafd50ad045d1f4946a1be1688da3a4b097bdf34d,single_GPU,first_final,PASS,training_configuration:66e33251935910fe6c18c3aaafd50ad045d1f4946a1be1688da3a4b097bdf34d,single_GPU,first_final,PASS,training_configuration:66e33251935910fe6c18c3aaafd50ad045d1f4946a1be1688da3a4b097bdf34d,single_GPU
task_b6e24d6a9c8a27c82067ea878dbe0260aa9c44bb7362b11f5fc177b9c18d1586,cik:0000804328,composition_required,47,1,1,0,0,-1,first_final,PASS,training_configuration:66e33251935910fe6c18c3aaafd50ad045d1f4946a1be1688da3a4b097bdf34d,single_GPU,first_final,PASS,training_configuration:66e33251935910fe6c18c3aaafd50ad045d1f4946a1be1688da3a4b097bdf34d,single_GPU,first_final,tool.unit_dimension_conflict,training_configuration:9959a7beb582708e6e56e89a63d55e5cb44f2a2f524eadaef711ce1b3070e76d,8GPU_global_SUM
task_b83649256d908bb986a2661194b629fc1f03b9b8141dcb0d3f83b4d361ea2850,cik:0000021344,dual_sufficient,11,1,1,1,0,0,first_final,PASS,training_configuration:66e33251935910fe6c18c3aaafd50ad045d1f4946a1be1688da3a4b097bdf34d,single_GPU,first_final,PASS,training_configuration:66e33251935910fe6c18c3aaafd50ad045d1f4946a1be1688da3a4b097bdf34d,single_GPU,first_final,PASS,training_configuration:66e33251935910fe6c18c3aaafd50ad045d1f4946a1be1688da3a4b097bdf34d,single_GPU
task_b83649256d908bb986a2661194b629fc1f03b9b8141dcb0d3f83b4d361ea2850,cik:0000021344,dual_sufficient,29,1,1,1,0,0,first_final,PASS,training_configuration:66e33251935910fe6c18c3aaafd50ad045d1f4946a1be1688da3a4b097bdf34d,single_GPU,first_final,PASS,training_configuration:66e33251935910fe6c18c3aaafd50ad045d1f4946a1be1688da3a4b097bdf34d,single_GPU,first_final,PASS,training_configuration:66e33251935910fe6c18c3aaafd50ad045d1f4946a1be1688da3a4b097bdf34d,single_GPU
task_b83649256d908bb986a2661194b629fc1f03b9b8141dcb0d3f83b4d361ea2850,cik:0000021344,dual_sufficient,47,1,1,1,0,0,first_final,PASS,training_configuration:66e33251935910fe6c18c3aaafd50ad045d1f4946a1be1688da3a4b097bdf34d,single_GPU,first_final,PASS,training_configuration:66e33251935910fe6c18c3aaafd50ad045d1f4946a1be1688da3a4b097bdf34d,single_GPU,first_final,PASS,training_configuration:9959a7beb582708e6e56e89a63d55e5cb44f2a2f524eadaef711ce1b3070e76d,8GPU_global_SUM
task_b8a4825ded8eefb04a48fabfd6c68a3582642a5e955068eeb5ad64ea4ddb4717,cik:0000796343,dual_sufficient,11,0,0,0,0,0,first_final,assessment.final_not_supported_by_result,training_configuration:66e33251935910fe6c18c3aaafd50ad045d1f4946a1be1688da3a4b097bdf34d,single_GPU,first_final,assessment.final_not_supported_by_result,training_configuration:66e33251935910fe6c18c3aaafd50ad045d1f4946a1be1688da3a4b097bdf34d,single_GPU,provider_error,no_final,training_configuration:66e33251935910fe6c18c3aaafd50ad045d1f4946a1be1688da3a4b097bdf34d,single_GPU
task_b8a4825ded8eefb04a48fabfd6c68a3582642a5e955068eeb5ad64ea4ddb4717,cik:0000796343,dual_sufficient,29,0,0,0,0,0,first_final,assessment.final_not_supported_by_result,training_configuration:66e33251935910fe6c18c3aaafd50ad045d1f4946a1be1688da3a4b097bdf34d,single_GPU,first_final,assessment.final_not_supported_by_result,training_configuration:66e33251935910fe6c18c3aaafd50ad045d1f4946a1be1688da3a4b097bdf34d,single_GPU,first_final,assessment.final_not_supported_by_result,training_configuration:66e33251935910fe6c18c3aaafd50ad045d1f4946a1be1688da3a4b097bdf34d,single_GPU
task_b8a4825ded8eefb04a48fabfd6c68a3582642a5e955068eeb5ad64ea4ddb4717,cik:0000796343,dual_sufficient,47,0,0,0,0,0,first_final,assessment.final_not_supported_by_result,training_configuration:66e33251935910fe6c18c3aaafd50ad045d1f4946a1be1688da3a4b097bdf34d,single_GPU,first_final,assessment.final_not_supported_by_result,training_configuration:66e33251935910fe6c18c3aaafd50ad045d1f4946a1be1688da3a4b097bdf34d,single_GPU,first_final,assessment.final_not_supported_by_result,training_configuration:9959a7beb582708e6e56e89a63d55e5cb44f2a2f524eadaef711ce1b3070e76d,8GPU_global_SUM
task_b94dd8b12272fb318a2a883616d4389a90876ca3cb790d26024f0b9a8dad78d4,cik:0000092122,other_financial,11,0,0,0,0,0,response_budget_exhausted,no_final,training_configuration:66e33251935910fe6c18c3aaafd50ad045d1f4946a1be1688da3a4b097bdf34d,single_GPU,response_budget_exhausted,no_final,training_configuration:66e33251935910fe6c18c3aaafd50ad045d1f4946a1be1688da3a4b097bdf34d,single_GPU,response_budget_exhausted,no_final,training_configuration:66e33251935910fe6c18c3aaafd50ad045d1f4946a1be1688da3a4b097bdf34d,single_GPU
task_b94dd8b12272fb318a2a883616d4389a90876ca3cb790d26024f0b9a8dad78d4,cik:0000092122,other_financial,29,0,0,0,0,0,response_budget_exhausted,no_final,training_configuration:66e33251935910fe6c18c3aaafd50ad045d1f4946a1be1688da3a4b097bdf34d,single_GPU,response_budget_exhausted,no_final,training_configuration:66e33251935910fe6c18c3aaafd50ad045d1f4946a1be1688da3a4b097bdf34d,single_GPU,response_budget_exhausted,no_final,training_configuration:66e33251935910fe6c18c3aaafd50ad045d1f4946a1be1688da3a4b097bdf34d,single_GPU
task_b94dd8b12272fb318a2a883616d4389a90876ca3cb790d26024f0b9a8dad78d4,cik:0000092122,other_financial,47,0,0,0,0,0,response_budget_exhausted,no_final,training_configuration:66e33251935910fe6c18c3aaafd50ad045d1f4946a1be1688da3a4b097bdf34d,single_GPU,response_budget_exhausted,no_final,training_configuration:66e33251935910fe6c18c3aaafd50ad045d1f4946a1be1688da3a4b097bdf34d,single_GPU,response_budget_exhausted,no_final,training_configuration:9959a7beb582708e6e56e89a63d55e5cb44f2a2f524eadaef711ce1b3070e76d,8GPU_global_SUM
task_b95f0ddf24427263174b987b11e8b7037b80d445bf3e2975fd7d9bc303711ad5,cik:0000796343,dual_sufficient,11,1,1,1,0,0,first_final,PASS,training_configuration:66e33251935910fe6c18c3aaafd50ad045d1f4946a1be1688da3a4b097bdf34d,single_GPU,first_final,PASS,training_configuration:66e33251935910fe6c18c3aaafd50ad045d1f4946a1be1688da3a4b097bdf34d,single_GPU,first_final,PASS,training_configuration:66e33251935910fe6c18c3aaafd50ad045d1f4946a1be1688da3a4b097bdf34d,single_GPU
task_b95f0ddf24427263174b987b11e8b7037b80d445bf3e2975fd7d9bc303711ad5,cik:0000796343,dual_sufficient,29,1,1,1,0,0,first_final,PASS,training_configuration:66e33251935910fe6c18c3aaafd50ad045d1f4946a1be1688da3a4b097bdf34d,single_GPU,first_final,PASS,training_configuration:66e33251935910fe6c18c3aaafd50ad045d1f4946a1be1688da3a4b097bdf34d,single_GPU,first_final,PASS,training_configuration:66e33251935910fe6c18c3aaafd50ad045d1f4946a1be1688da3a4b097bdf34d,single_GPU
task_b95f0ddf24427263174b987b11e8b7037b80d445bf3e2975fd7d9bc303711ad5,cik:0000796343,dual_sufficient,47,1,1,1,0,0,first_final,PASS,training_configuration:66e33251935910fe6c18c3aaafd50ad045d1f4946a1be1688da3a4b097bdf34d,single_GPU,first_final,PASS,training_configuration:66e33251935910fe6c18c3aaafd50ad045d1f4946a1be1688da3a4b097bdf34d,single_GPU,first_final,PASS,training_configuration:9959a7beb582708e6e56e89a63d55e5cb44f2a2f524eadaef711ce1b3070e76d,8GPU_global_SUM
task_bb80d549cb89ca24e0f5f1319cbd45e5c07cbae109bcd6b4c970f513a26a8d58,cik:0000019617,other_financial,11,0,0,0,0,0,response_budget_exhausted,no_final,training_configuration:66e33251935910fe6c18c3aaafd50ad045d1f4946a1be1688da3a4b097bdf34d,single_GPU,response_budget_exhausted,no_final,training_configuration:66e33251935910fe6c18c3aaafd50ad045d1f4946a1be1688da3a4b097bdf34d,single_GPU,first_final,assessment.final_selected_actual_period,training_configuration:66e33251935910fe6c18c3aaafd50ad045d1f4946a1be1688da3a4b097bdf34d,single_GPU
task_bb80d549cb89ca24e0f5f1319cbd45e5c07cbae109bcd6b4c970f513a26a8d58,cik:0000019617,other_financial,29,0,0,0,0,0,response_budget_exhausted,no_final,training_configuration:66e33251935910fe6c18c3aaafd50ad045d1f4946a1be1688da3a4b097bdf34d,single_GPU,response_budget_exhausted,no_final,training_configuration:66e33251935910fe6c18c3aaafd50ad045d1f4946a1be1688da3a4b097bdf34d,single_GPU,response_budget_exhausted,no_final,training_configuration:66e33251935910fe6c18c3aaafd50ad045d1f4946a1be1688da3a4b097bdf34d,single_GPU
task_bb80d549cb89ca24e0f5f1319cbd45e5c07cbae109bcd6b4c970f513a26a8d58,cik:0000019617,other_financial,47,0,0,0,0,0,response_budget_exhausted,no_final,training_configuration:66e33251935910fe6c18c3aaafd50ad045d1f4946a1be1688da3a4b097bdf34d,single_GPU,response_budget_exhausted,no_final,training_configuration:66e33251935910fe6c18c3aaafd50ad045d1f4946a1be1688da3a4b097bdf34d,single_GPU,response_budget_exhausted,no_final,training_configuration:9959a7beb582708e6e56e89a63d55e5cb44f2a2f524eadaef711ce1b3070e76d,8GPU_global_SUM
task_be4a170b3084847872b8e57d67a712ee3bda3a5b2a4ab7b896265af144be4abe,cik:0000021344,dual_sufficient,11,1,0,1,-1,0,first_final,PASS,training_configuration:66e33251935910fe6c18c3aaafd50ad045d1f4946a1be1688da3a4b097bdf34d,single_GPU,first_final,assessment.not_equivalent_under_admitted_public_relations,training_configuration:66e33251935910fe6c18c3aaafd50ad045d1f4946a1be1688da3a4b097bdf34d,single_GPU,first_final,PASS,training_configuration:66e33251935910fe6c18c3aaafd50ad045d1f4946a1be1688da3a4b097bdf34d,single_GPU
task_be4a170b3084847872b8e57d67a712ee3bda3a5b2a4ab7b896265af144be4abe,cik:0000021344,dual_sufficient,29,1,0,0,-1,-1,first_final,PASS,training_configuration:66e33251935910fe6c18c3aaafd50ad045d1f4946a1be1688da3a4b097bdf34d,single_GPU,first_final,assessment.not_equivalent_under_admitted_public_relations,training_configuration:66e33251935910fe6c18c3aaafd50ad045d1f4946a1be1688da3a4b097bdf34d,single_GPU,first_final,assessment.not_equivalent_under_admitted_public_relations,training_configuration:66e33251935910fe6c18c3aaafd50ad045d1f4946a1be1688da3a4b097bdf34d,single_GPU
task_be4a170b3084847872b8e57d67a712ee3bda3a5b2a4ab7b896265af144be4abe,cik:0000021344,dual_sufficient,47,0,0,1,0,1,first_final,assessment.not_equivalent_under_admitted_public_relations,training_configuration:66e33251935910fe6c18c3aaafd50ad045d1f4946a1be1688da3a4b097bdf34d,single_GPU,first_final,assessment.not_equivalent_under_admitted_public_relations,training_configuration:66e33251935910fe6c18c3aaafd50ad045d1f4946a1be1688da3a4b097bdf34d,single_GPU,first_final,PASS,training_configuration:9959a7beb582708e6e56e89a63d55e5cb44f2a2f524eadaef711ce1b3070e76d,8GPU_global_SUM
task_c022e6905394c2b00bcb980702f340391d343b00f78c9aad6775c10d2c05640f,cik:0000092122,composition_required,11,0,0,1,0,1,provider_error,no_final,training_configuration:66e33251935910fe6c18c3aaafd50ad045d1f4946a1be1688da3a4b097bdf34d,single_GPU,provider_error,no_final,training_configuration:66e33251935910fe6c18c3aaafd50ad045d1f4946a1be1688da3a4b097bdf34d,single_GPU,first_final,PASS,training_configuration:66e33251935910fe6c18c3aaafd50ad045d1f4946a1be1688da3a4b097bdf34d,single_GPU
task_c022e6905394c2b00bcb980702f340391d343b00f78c9aad6775c10d2c05640f,cik:0000092122,composition_required,29,0,1,0,1,0,response_budget_exhausted,no_final,training_configuration:66e33251935910fe6c18c3aaafd50ad045d1f4946a1be1688da3a4b097bdf34d,single_GPU,first_final,PASS,training_configuration:66e33251935910fe6c18c3aaafd50ad045d1f4946a1be1688da3a4b097bdf34d,single_GPU,first_final,assessment.mean_requires_all_three_actual_interval_amounts,training_configuration:66e33251935910fe6c18c3aaafd50ad045d1f4946a1be1688da3a4b097bdf34d,single_GPU
task_c022e6905394c2b00bcb980702f340391d343b00f78c9aad6775c10d2c05640f,cik:0000092122,composition_required,47,0,1,0,1,0,response_budget_exhausted,no_final,training_configuration:66e33251935910fe6c18c3aaafd50ad045d1f4946a1be1688da3a4b097bdf34d,single_GPU,first_final,PASS,training_configuration:66e33251935910fe6c18c3aaafd50ad045d1f4946a1be1688da3a4b097bdf34d,single_GPU,provider_error,no_final,training_configuration:9959a7beb582708e6e56e89a63d55e5cb44f2a2f524eadaef711ce1b3070e76d,8GPU_global_SUM
task_c3121516420acafd35122e3eafff58378d5be8ff7fe1f6f486b926289ba8295c,cik:0000796343,other_financial,11,0,0,0,0,0,response_budget_exhausted,no_final,training_configuration:66e33251935910fe6c18c3aaafd50ad045d1f4946a1be1688da3a4b097bdf34d,single_GPU,provider_error,no_final,training_configuration:66e33251935910fe6c18c3aaafd50ad045d1f4946a1be1688da3a4b097bdf34d,single_GPU,response_budget_exhausted,no_final,training_configuration:66e33251935910fe6c18c3aaafd50ad045d1f4946a1be1688da3a4b097bdf34d,single_GPU
task_c3121516420acafd35122e3eafff58378d5be8ff7fe1f6f486b926289ba8295c,cik:0000796343,other_financial,29,0,0,0,0,0,response_budget_exhausted,no_final,training_configuration:66e33251935910fe6c18c3aaafd50ad045d1f4946a1be1688da3a4b097bdf34d,single_GPU,response_budget_exhausted,no_final,training_configuration:66e33251935910fe6c18c3aaafd50ad045d1f4946a1be1688da3a4b097bdf34d,single_GPU,first_final,assessment.peak_requires_all_three_candidate_periods,training_configuration:66e33251935910fe6c18c3aaafd50ad045d1f4946a1be1688da3a4b097bdf34d,single_GPU
task_c3121516420acafd35122e3eafff58378d5be8ff7fe1f6f486b926289ba8295c,cik:0000796343,other_financial,47,0,0,0,0,0,response_budget_exhausted,no_final,training_configuration:66e33251935910fe6c18c3aaafd50ad045d1f4946a1be1688da3a4b097bdf34d,single_GPU,first_final,assessment.selection_unique_public_candidate_period,training_configuration:66e33251935910fe6c18c3aaafd50ad045d1f4946a1be1688da3a4b097bdf34d,single_GPU,response_budget_exhausted,no_final,training_configuration:9959a7beb582708e6e56e89a63d55e5cb44f2a2f524eadaef711ce1b3070e76d,8GPU_global_SUM
task_c4e6e75623bc68f1005cf8528834051d84be243130ba7095115c065845eee1dc,cik:0000019617,dual_sufficient,11,0,0,0,0,0,first_final,assessment.final_not_supported_by_result,training_configuration:66e33251935910fe6c18c3aaafd50ad045d1f4946a1be1688da3a4b097bdf34d,single_GPU,first_final,assessment.final_not_supported_by_result,training_configuration:66e33251935910fe6c18c3aaafd50ad045d1f4946a1be1688da3a4b097bdf34d,single_GPU,first_final,assessment.final_not_supported_by_result,training_configuration:66e33251935910fe6c18c3aaafd50ad045d1f4946a1be1688da3a4b097bdf34d,single_GPU
task_c4e6e75623bc68f1005cf8528834051d84be243130ba7095115c065845eee1dc,cik:0000019617,dual_sufficient,29,0,0,0,0,0,first_final,assessment.final_not_supported_by_result,training_configuration:66e33251935910fe6c18c3aaafd50ad045d1f4946a1be1688da3a4b097bdf34d,single_GPU,first_final,assessment.final_not_supported_by_result,training_configuration:66e33251935910fe6c18c3aaafd50ad045d1f4946a1be1688da3a4b097bdf34d,single_GPU,first_final,assessment.final_not_supported_by_result,training_configuration:66e33251935910fe6c18c3aaafd50ad045d1f4946a1be1688da3a4b097bdf34d,single_GPU
task_c4e6e75623bc68f1005cf8528834051d84be243130ba7095115c065845eee1dc,cik:0000019617,dual_sufficient,47,0,0,0,0,0,first_final,assessment.final_not_supported_by_result,training_configuration:66e33251935910fe6c18c3aaafd50ad045d1f4946a1be1688da3a4b097bdf34d,single_GPU,first_final,assessment.final_not_supported_by_result,training_configuration:66e33251935910fe6c18c3aaafd50ad045d1f4946a1be1688da3a4b097bdf34d,single_GPU,first_final,assessment.final_not_supported_by_result,training_configuration:9959a7beb582708e6e56e89a63d55e5cb44f2a2f524eadaef711ce1b3070e76d,8GPU_global_SUM
task_c7ddd28864360f4f0443c3686d3b52d669508429930275f9e1b8f847e0891113,cik:0001403161,other_financial,11,0,0,0,0,0,response_budget_exhausted,no_final,training_configuration:66e33251935910fe6c18c3aaafd50ad045d1f4946a1be1688da3a4b097bdf34d,single_GPU,response_budget_exhausted,no_final,training_configuration:66e33251935910fe6c18c3aaafd50ad045d1f4946a1be1688da3a4b097bdf34d,single_GPU,response_budget_exhausted,no_final,training_configuration:66e33251935910fe6c18c3aaafd50ad045d1f4946a1be1688da3a4b097bdf34d,single_GPU
task_c7ddd28864360f4f0443c3686d3b52d669508429930275f9e1b8f847e0891113,cik:0001403161,other_financial,29,0,0,0,0,0,first_final,assessment.one_actual_selection_support_required,training_configuration:66e33251935910fe6c18c3aaafd50ad045d1f4946a1be1688da3a4b097bdf34d,single_GPU,first_final,assessment.one_actual_selection_support_required,training_configuration:66e33251935910fe6c18c3aaafd50ad045d1f4946a1be1688da3a4b097bdf34d,single_GPU,first_final,assessment.one_actual_selection_support_required,training_configuration:66e33251935910fe6c18c3aaafd50ad045d1f4946a1be1688da3a4b097bdf34d,single_GPU
task_c7ddd28864360f4f0443c3686d3b52d669508429930275f9e1b8f847e0891113,cik:0001403161,other_financial,47,0,0,0,0,0,response_budget_exhausted,no_final,training_configuration:66e33251935910fe6c18c3aaafd50ad045d1f4946a1be1688da3a4b097bdf34d,single_GPU,response_budget_exhausted,no_final,training_configuration:66e33251935910fe6c18c3aaafd50ad045d1f4946a1be1688da3a4b097bdf34d,single_GPU,response_budget_exhausted,no_final,training_configuration:9959a7beb582708e6e56e89a63d55e5cb44f2a2f524eadaef711ce1b3070e76d,8GPU_global_SUM
task_c7ee7d5e8b809194056e888a021bbd2183b2d9be7c52d2f50874b02f8c464c2d,cik:0000804328,other_financial,11,0,0,0,0,0,response_budget_exhausted,no_final,training_configuration:66e33251935910fe6c18c3aaafd50ad045d1f4946a1be1688da3a4b097bdf34d,single_GPU,response_budget_exhausted,no_final,training_configuration:66e33251935910fe6c18c3aaafd50ad045d1f4946a1be1688da3a4b097bdf34d,single_GPU,response_budget_exhausted,no_final,training_configuration:66e33251935910fe6c18c3aaafd50ad045d1f4946a1be1688da3a4b097bdf34d,single_GPU
task_c7ee7d5e8b809194056e888a021bbd2183b2d9be7c52d2f50874b02f8c464c2d,cik:0000804328,other_financial,29,0,0,0,0,0,response_budget_exhausted,no_final,training_configuration:66e33251935910fe6c18c3aaafd50ad045d1f4946a1be1688da3a4b097bdf34d,single_GPU,response_budget_exhausted,no_final,training_configuration:66e33251935910fe6c18c3aaafd50ad045d1f4946a1be1688da3a4b097bdf34d,single_GPU,response_budget_exhausted,no_final,training_configuration:66e33251935910fe6c18c3aaafd50ad045d1f4946a1be1688da3a4b097bdf34d,single_GPU
task_c7ee7d5e8b809194056e888a021bbd2183b2d9be7c52d2f50874b02f8c464c2d,cik:0000804328,other_financial,47,0,0,0,0,0,response_budget_exhausted,no_final,training_configuration:66e33251935910fe6c18c3aaafd50ad045d1f4946a1be1688da3a4b097bdf34d,single_GPU,response_budget_exhausted,no_final,training_configuration:66e33251935910fe6c18c3aaafd50ad045d1f4946a1be1688da3a4b097bdf34d,single_GPU,response_budget_exhausted,no_final,training_configuration:9959a7beb582708e6e56e89a63d55e5cb44f2a2f524eadaef711ce1b3070e76d,8GPU_global_SUM
task_c80057b89edd2f8480fe6d130d1c1112ece0d6966b987300c7bc2c1dcba2063f,cik:0000019617,composition_required,11,1,0,0,-1,-1,first_final,PASS,training_configuration:66e33251935910fe6c18c3aaafd50ad045d1f4946a1be1688da3a4b097bdf34d,single_GPU,response_budget_exhausted,no_final,training_configuration:66e33251935910fe6c18c3aaafd50ad045d1f4946a1be1688da3a4b097bdf34d,single_GPU,provider_error,no_final,training_configuration:66e33251935910fe6c18c3aaafd50ad045d1f4946a1be1688da3a4b097bdf34d,single_GPU
task_c80057b89edd2f8480fe6d130d1c1112ece0d6966b987300c7bc2c1dcba2063f,cik:0000019617,composition_required,29,0,1,0,1,0,provider_error,no_final,training_configuration:66e33251935910fe6c18c3aaafd50ad045d1f4946a1be1688da3a4b097bdf34d,single_GPU,first_final,PASS,training_configuration:66e33251935910fe6c18c3aaafd50ad045d1f4946a1be1688da3a4b097bdf34d,single_GPU,provider_error,no_final,training_configuration:66e33251935910fe6c18c3aaafd50ad045d1f4946a1be1688da3a4b097bdf34d,single_GPU
task_c80057b89edd2f8480fe6d130d1c1112ece0d6966b987300c7bc2c1dcba2063f,cik:0000019617,composition_required,47,0,0,0,0,0,provider_error,no_final,training_configuration:66e33251935910fe6c18c3aaafd50ad045d1f4946a1be1688da3a4b097bdf34d,single_GPU,provider_error,no_final,training_configuration:66e33251935910fe6c18c3aaafd50ad045d1f4946a1be1688da3a4b097bdf34d,single_GPU,provider_error,no_final,training_configuration:9959a7beb582708e6e56e89a63d55e5cb44f2a2f524eadaef711ce1b3070e76d,8GPU_global_SUM
task_ca6be13cc907ca99b9378e351c9a2ac457f65ea0eb36c6652d24c3b797747bcd,cik:0000796343,composition_required,11,1,1,1,0,0,first_final,PASS,training_configuration:66e33251935910fe6c18c3aaafd50ad045d1f4946a1be1688da3a4b097bdf34d,single_GPU,first_final,PASS,training_configuration:66e33251935910fe6c18c3aaafd50ad045d1f4946a1be1688da3a4b097bdf34d,single_GPU,first_final,PASS,training_configuration:66e33251935910fe6c18c3aaafd50ad045d1f4946a1be1688da3a4b097bdf34d,single_GPU
task_ca6be13cc907ca99b9378e351c9a2ac457f65ea0eb36c6652d24c3b797747bcd,cik:0000796343,composition_required,29,0,1,0,1,0,response_budget_exhausted,no_final,training_configuration:66e33251935910fe6c18c3aaafd50ad045d1f4946a1be1688da3a4b097bdf34d,single_GPU,first_final,PASS,training_configuration:66e33251935910fe6c18c3aaafd50ad045d1f4946a1be1688da3a4b097bdf34d,single_GPU,response_budget_exhausted,no_final,training_configuration:66e33251935910fe6c18c3aaafd50ad045d1f4946a1be1688da3a4b097bdf34d,single_GPU
task_ca6be13cc907ca99b9378e351c9a2ac457f65ea0eb36c6652d24c3b797747bcd,cik:0000796343,composition_required,47,0,1,1,1,1,response_budget_exhausted,no_final,training_configuration:66e33251935910fe6c18c3aaafd50ad045d1f4946a1be1688da3a4b097bdf34d,single_GPU,first_final,PASS,training_configuration:66e33251935910fe6c18c3aaafd50ad045d1f4946a1be1688da3a4b097bdf34d,single_GPU,first_final,PASS,training_configuration:9959a7beb582708e6e56e89a63d55e5cb44f2a2f524eadaef711ce1b3070e76d,8GPU_global_SUM
task_cae0ed735975350233d62411f676a406559868cf536a77de5ba13ddb5daf3ba0,cik:0000796343,dual_sufficient,11,1,1,1,0,0,first_final,PASS,training_configuration:66e33251935910fe6c18c3aaafd50ad045d1f4946a1be1688da3a4b097bdf34d,single_GPU,first_final,PASS,training_configuration:66e33251935910fe6c18c3aaafd50ad045d1f4946a1be1688da3a4b097bdf34d,single_GPU,first_final,PASS,training_configuration:66e33251935910fe6c18c3aaafd50ad045d1f4946a1be1688da3a4b097bdf34d,single_GPU
task_cae0ed735975350233d62411f676a406559868cf536a77de5ba13ddb5daf3ba0,cik:0000796343,dual_sufficient,29,1,1,1,0,0,first_final,PASS,training_configuration:66e33251935910fe6c18c3aaafd50ad045d1f4946a1be1688da3a4b097bdf34d,single_GPU,first_final,PASS,training_configuration:66e33251935910fe6c18c3aaafd50ad045d1f4946a1be1688da3a4b097bdf34d,single_GPU,first_final,PASS,training_configuration:66e33251935910fe6c18c3aaafd50ad045d1f4946a1be1688da3a4b097bdf34d,single_GPU
task_cae0ed735975350233d62411f676a406559868cf536a77de5ba13ddb5daf3ba0,cik:0000796343,dual_sufficient,47,1,1,1,0,0,first_final,PASS,training_configuration:66e33251935910fe6c18c3aaafd50ad045d1f4946a1be1688da3a4b097bdf34d,single_GPU,first_final,PASS,training_configuration:66e33251935910fe6c18c3aaafd50ad045d1f4946a1be1688da3a4b097bdf34d,single_GPU,first_final,PASS,training_configuration:9959a7beb582708e6e56e89a63d55e5cb44f2a2f524eadaef711ce1b3070e76d,8GPU_global_SUM
task_cb4fd015d4dabcb960ebc4be17e7256a2cd8c0a006470e41a68c408c729ae8e7,cik:0000101829,other_financial,11,0,0,0,0,0,first_final,assessment.one_actual_selection_support_required,training_configuration:66e33251935910fe6c18c3aaafd50ad045d1f4946a1be1688da3a4b097bdf34d,single_GPU,response_budget_exhausted,no_final,training_configuration:66e33251935910fe6c18c3aaafd50ad045d1f4946a1be1688da3a4b097bdf34d,single_GPU,first_final,assessment.one_actual_selection_support_required,training_configuration:66e33251935910fe6c18c3aaafd50ad045d1f4946a1be1688da3a4b097bdf34d,single_GPU
task_cb4fd015d4dabcb960ebc4be17e7256a2cd8c0a006470e41a68c408c729ae8e7,cik:0000101829,other_financial,29,0,0,0,0,0,response_budget_exhausted,no_final,training_configuration:66e33251935910fe6c18c3aaafd50ad045d1f4946a1be1688da3a4b097bdf34d,single_GPU,response_budget_exhausted,no_final,training_configuration:66e33251935910fe6c18c3aaafd50ad045d1f4946a1be1688da3a4b097bdf34d,single_GPU,response_budget_exhausted,no_final,training_configuration:66e33251935910fe6c18c3aaafd50ad045d1f4946a1be1688da3a4b097bdf34d,single_GPU
task_cb4fd015d4dabcb960ebc4be17e7256a2cd8c0a006470e41a68c408c729ae8e7,cik:0000101829,other_financial,47,0,0,0,0,0,response_budget_exhausted,no_final,training_configuration:66e33251935910fe6c18c3aaafd50ad045d1f4946a1be1688da3a4b097bdf34d,single_GPU,response_budget_exhausted,no_final,training_configuration:66e33251935910fe6c18c3aaafd50ad045d1f4946a1be1688da3a4b097bdf34d,single_GPU,response_budget_exhausted,no_final,training_configuration:9959a7beb582708e6e56e89a63d55e5cb44f2a2f524eadaef711ce1b3070e76d,8GPU_global_SUM
task_ce76f4063c604a9473f14cb9bc8d5f7c5b43b887638530c0b0b145e7c211a0aa,cik:0000092122,composition_required,11,1,1,1,0,0,first_final,PASS,training_configuration:66e33251935910fe6c18c3aaafd50ad045d1f4946a1be1688da3a4b097bdf34d,single_GPU,first_final,PASS,training_configuration:66e33251935910fe6c18c3aaafd50ad045d1f4946a1be1688da3a4b097bdf34d,single_GPU,first_final,PASS,training_configuration:66e33251935910fe6c18c3aaafd50ad045d1f4946a1be1688da3a4b097bdf34d,single_GPU
task_ce76f4063c604a9473f14cb9bc8d5f7c5b43b887638530c0b0b145e7c211a0aa,cik:0000092122,composition_required,29,1,1,0,0,-1,first_final,PASS,training_configuration:66e33251935910fe6c18c3aaafd50ad045d1f4946a1be1688da3a4b097bdf34d,single_GPU,first_final,PASS,training_configuration:66e33251935910fe6c18c3aaafd50ad045d1f4946a1be1688da3a4b097bdf34d,single_GPU,provider_error,no_final,training_configuration:66e33251935910fe6c18c3aaafd50ad045d1f4946a1be1688da3a4b097bdf34d,single_GPU
task_ce76f4063c604a9473f14cb9bc8d5f7c5b43b887638530c0b0b145e7c211a0aa,cik:0000092122,composition_required,47,0,0,1,0,1,provider_error,no_final,training_configuration:66e33251935910fe6c18c3aaafd50ad045d1f4946a1be1688da3a4b097bdf34d,single_GPU,provider_error,no_final,training_configuration:66e33251935910fe6c18c3aaafd50ad045d1f4946a1be1688da3a4b097bdf34d,single_GPU,first_final,PASS,training_configuration:9959a7beb582708e6e56e89a63d55e5cb44f2a2f524eadaef711ce1b3070e76d,8GPU_global_SUM
task_cf28947cc89ec31fdf2f4f2e9e69deb2e9edd72bdc7867ed75ff22911e691189,cik:0001403161,other_financial,11,0,0,0,0,0,response_budget_exhausted,no_final,training_configuration:66e33251935910fe6c18c3aaafd50ad045d1f4946a1be1688da3a4b097bdf34d,single_GPU,first_final,invalid_numeric_literal,training_configuration:66e33251935910fe6c18c3aaafd50ad045d1f4946a1be1688da3a4b097bdf34d,single_GPU,first_final,tool.unit_dimension_conflict,training_configuration:66e33251935910fe6c18c3aaafd50ad045d1f4946a1be1688da3a4b097bdf34d,single_GPU
task_cf28947cc89ec31fdf2f4f2e9e69deb2e9edd72bdc7867ed75ff22911e691189,cik:0001403161,other_financial,29,0,0,0,0,0,first_final,invalid_numeric_literal,training_configuration:66e33251935910fe6c18c3aaafd50ad045d1f4946a1be1688da3a4b097bdf34d,single_GPU,first_final,invalid_numeric_literal,training_configuration:66e33251935910fe6c18c3aaafd50ad045d1f4946a1be1688da3a4b097bdf34d,single_GPU,response_budget_exhausted,no_final,training_configuration:66e33251935910fe6c18c3aaafd50ad045d1f4946a1be1688da3a4b097bdf34d,single_GPU
task_cf28947cc89ec31fdf2f4f2e9e69deb2e9edd72bdc7867ed75ff22911e691189,cik:0001403161,other_financial,47,0,0,0,0,0,response_budget_exhausted,no_final,training_configuration:66e33251935910fe6c18c3aaafd50ad045d1f4946a1be1688da3a4b097bdf34d,single_GPU,response_budget_exhausted,no_final,training_configuration:66e33251935910fe6c18c3aaafd50ad045d1f4946a1be1688da3a4b097bdf34d,single_GPU,response_budget_exhausted,no_final,training_configuration:9959a7beb582708e6e56e89a63d55e5cb44f2a2f524eadaef711ce1b3070e76d,8GPU_global_SUM
task_d1f965f96c0410d317cdf4518c3c9c6990650b1dbd6a1ffcf07dc7cadc416476,cik:0000019617,dual_sufficient,11,1,1,1,0,0,first_final,PASS,training_configuration:66e33251935910fe6c18c3aaafd50ad045d1f4946a1be1688da3a4b097bdf34d,single_GPU,first_final,PASS,training_configuration:66e33251935910fe6c18c3aaafd50ad045d1f4946a1be1688da3a4b097bdf34d,single_GPU,first_final,PASS,training_configuration:66e33251935910fe6c18c3aaafd50ad045d1f4946a1be1688da3a4b097bdf34d,single_GPU
task_d1f965f96c0410d317cdf4518c3c9c6990650b1dbd6a1ffcf07dc7cadc416476,cik:0000019617,dual_sufficient,29,1,1,1,0,0,first_final,PASS,training_configuration:66e33251935910fe6c18c3aaafd50ad045d1f4946a1be1688da3a4b097bdf34d,single_GPU,first_final,PASS,training_configuration:66e33251935910fe6c18c3aaafd50ad045d1f4946a1be1688da3a4b097bdf34d,single_GPU,first_final,PASS,training_configuration:66e33251935910fe6c18c3aaafd50ad045d1f4946a1be1688da3a4b097bdf34d,single_GPU
task_d1f965f96c0410d317cdf4518c3c9c6990650b1dbd6a1ffcf07dc7cadc416476,cik:0000019617,dual_sufficient,47,1,1,1,0,0,first_final,PASS,training_configuration:66e33251935910fe6c18c3aaafd50ad045d1f4946a1be1688da3a4b097bdf34d,single_GPU,first_final,PASS,training_configuration:66e33251935910fe6c18c3aaafd50ad045d1f4946a1be1688da3a4b097bdf34d,single_GPU,first_final,PASS,training_configuration:9959a7beb582708e6e56e89a63d55e5cb44f2a2f524eadaef711ce1b3070e76d,8GPU_global_SUM
task_d5fddace8548448f2802045556cc43da1a0c9a6428b4cd3cb61a5c98b170c1c2,cik:0000072971,composition_required,11,0,0,0,0,0,response_budget_exhausted,no_final,training_configuration:66e33251935910fe6c18c3aaafd50ad045d1f4946a1be1688da3a4b097bdf34d,single_GPU,response_budget_exhausted,no_final,training_configuration:66e33251935910fe6c18c3aaafd50ad045d1f4946a1be1688da3a4b097bdf34d,single_GPU,response_budget_exhausted,no_final,training_configuration:66e33251935910fe6c18c3aaafd50ad045d1f4946a1be1688da3a4b097bdf34d,single_GPU
task_d5fddace8548448f2802045556cc43da1a0c9a6428b4cd3cb61a5c98b170c1c2,cik:0000072971,composition_required,29,0,0,0,0,0,first_final,assessment.mean_requires_all_three_actual_interval_amounts,training_configuration:66e33251935910fe6c18c3aaafd50ad045d1f4946a1be1688da3a4b097bdf34d,single_GPU,first_final,assessment.mean_requires_all_three_actual_interval_amounts,training_configuration:66e33251935910fe6c18c3aaafd50ad045d1f4946a1be1688da3a4b097bdf34d,single_GPU,response_budget_exhausted,no_final,training_configuration:66e33251935910fe6c18c3aaafd50ad045d1f4946a1be1688da3a4b097bdf34d,single_GPU
task_d5fddace8548448f2802045556cc43da1a0c9a6428b4cd3cb61a5c98b170c1c2,cik:0000072971,composition_required,47,0,0,0,0,0,response_budget_exhausted,no_final,training_configuration:66e33251935910fe6c18c3aaafd50ad045d1f4946a1be1688da3a4b097bdf34d,single_GPU,response_budget_exhausted,no_final,training_configuration:66e33251935910fe6c18c3aaafd50ad045d1f4946a1be1688da3a4b097bdf34d,single_GPU,response_budget_exhausted,no_final,training_configuration:9959a7beb582708e6e56e89a63d55e5cb44f2a2f524eadaef711ce1b3070e76d,8GPU_global_SUM
task_d6a5bef47c061f6ad6cb8dc903f5b650fb3ef4b2b13e7d966dbf96015ff8bdd0,cik:0000092122,other_financial,11,0,0,0,0,0,response_budget_exhausted,no_final,training_configuration:66e33251935910fe6c18c3aaafd50ad045d1f4946a1be1688da3a4b097bdf34d,single_GPU,response_budget_exhausted,no_final,training_configuration:66e33251935910fe6c18c3aaafd50ad045d1f4946a1be1688da3a4b097bdf34d,single_GPU,response_budget_exhausted,no_final,training_configuration:66e33251935910fe6c18c3aaafd50ad045d1f4946a1be1688da3a4b097bdf34d,single_GPU
task_d6a5bef47c061f6ad6cb8dc903f5b650fb3ef4b2b13e7d966dbf96015ff8bdd0,cik:0000092122,other_financial,29,0,0,0,0,0,response_budget_exhausted,no_final,training_configuration:66e33251935910fe6c18c3aaafd50ad045d1f4946a1be1688da3a4b097bdf34d,single_GPU,response_budget_exhausted,no_final,training_configuration:66e33251935910fe6c18c3aaafd50ad045d1f4946a1be1688da3a4b097bdf34d,single_GPU,response_budget_exhausted,no_final,training_configuration:66e33251935910fe6c18c3aaafd50ad045d1f4946a1be1688da3a4b097bdf34d,single_GPU
task_d6a5bef47c061f6ad6cb8dc903f5b650fb3ef4b2b13e7d966dbf96015ff8bdd0,cik:0000092122,other_financial,47,0,0,0,0,0,response_budget_exhausted,no_final,training_configuration:66e33251935910fe6c18c3aaafd50ad045d1f4946a1be1688da3a4b097bdf34d,single_GPU,response_budget_exhausted,no_final,training_configuration:66e33251935910fe6c18c3aaafd50ad045d1f4946a1be1688da3a4b097bdf34d,single_GPU,response_budget_exhausted,no_final,training_configuration:9959a7beb582708e6e56e89a63d55e5cb44f2a2f524eadaef711ce1b3070e76d,8GPU_global_SUM
task_d7c391cf9a772d16bd38e84703b70e0e2a7dc1828ae6d6131442cc2a8251b34a,cik:0000093410,other_financial,11,0,0,0,0,0,response_budget_exhausted,no_final,training_configuration:66e33251935910fe6c18c3aaafd50ad045d1f4946a1be1688da3a4b097bdf34d,single_GPU,provider_error,no_final,training_configuration:66e33251935910fe6c18c3aaafd50ad045d1f4946a1be1688da3a4b097bdf34d,single_GPU,response_budget_exhausted,no_final,training_configuration:66e33251935910fe6c18c3aaafd50ad045d1f4946a1be1688da3a4b097bdf34d,single_GPU
task_d7c391cf9a772d16bd38e84703b70e0e2a7dc1828ae6d6131442cc2a8251b34a,cik:0000093410,other_financial,29,0,0,0,0,0,response_budget_exhausted,no_final,training_configuration:66e33251935910fe6c18c3aaafd50ad045d1f4946a1be1688da3a4b097bdf34d,single_GPU,response_budget_exhausted,no_final,training_configuration:66e33251935910fe6c18c3aaafd50ad045d1f4946a1be1688da3a4b097bdf34d,single_GPU,response_budget_exhausted,no_final,training_configuration:66e33251935910fe6c18c3aaafd50ad045d1f4946a1be1688da3a4b097bdf34d,single_GPU
task_d7c391cf9a772d16bd38e84703b70e0e2a7dc1828ae6d6131442cc2a8251b34a,cik:0000093410,other_financial,47,0,0,0,0,0,response_budget_exhausted,no_final,training_configuration:66e33251935910fe6c18c3aaafd50ad045d1f4946a1be1688da3a4b097bdf34d,single_GPU,response_budget_exhausted,no_final,training_configuration:66e33251935910fe6c18c3aaafd50ad045d1f4946a1be1688da3a4b097bdf34d,single_GPU,response_budget_exhausted,no_final,training_configuration:9959a7beb582708e6e56e89a63d55e5cb44f2a2f524eadaef711ce1b3070e76d,8GPU_global_SUM
task_d88d2bda3429eb255e33a5bece5fe832f0c01278a456778c336703735fd9a707,cik:0000796343,dual_sufficient,11,1,1,0,0,-1,first_final,PASS,training_configuration:66e33251935910fe6c18c3aaafd50ad045d1f4946a1be1688da3a4b097bdf34d,single_GPU,first_final,PASS,training_configuration:66e33251935910fe6c18c3aaafd50ad045d1f4946a1be1688da3a4b097bdf34d,single_GPU,first_final,assessment.final_not_supported_by_result,training_configuration:66e33251935910fe6c18c3aaafd50ad045d1f4946a1be1688da3a4b097bdf34d,single_GPU
task_d88d2bda3429eb255e33a5bece5fe832f0c01278a456778c336703735fd9a707,cik:0000796343,dual_sufficient,29,1,1,0,0,-1,first_final,PASS,training_configuration:66e33251935910fe6c18c3aaafd50ad045d1f4946a1be1688da3a4b097bdf34d,single_GPU,first_final,PASS,training_configuration:66e33251935910fe6c18c3aaafd50ad045d1f4946a1be1688da3a4b097bdf34d,single_GPU,first_final,assessment.final_not_supported_by_result,training_configuration:66e33251935910fe6c18c3aaafd50ad045d1f4946a1be1688da3a4b097bdf34d,single_GPU
task_d88d2bda3429eb255e33a5bece5fe832f0c01278a456778c336703735fd9a707,cik:0000796343,dual_sufficient,47,0,1,0,1,0,first_final,assessment.final_not_supported_by_result,training_configuration:66e33251935910fe6c18c3aaafd50ad045d1f4946a1be1688da3a4b097bdf34d,single_GPU,first_final,PASS,training_configuration:66e33251935910fe6c18c3aaafd50ad045d1f4946a1be1688da3a4b097bdf34d,single_GPU,first_final,assessment.final_not_supported_by_result,training_configuration:9959a7beb582708e6e56e89a63d55e5cb44f2a2f524eadaef711ce1b3070e76d,8GPU_global_SUM
task_d8f71fbd746361b54d9193399e6327579b0e4a47981c44d56862d123418dd89f,cik:0000731766,composition_required,11,1,1,1,0,0,first_final,PASS,training_configuration:66e33251935910fe6c18c3aaafd50ad045d1f4946a1be1688da3a4b097bdf34d,single_GPU,first_final,PASS,training_configuration:66e33251935910fe6c18c3aaafd50ad045d1f4946a1be1688da3a4b097bdf34d,single_GPU,first_final,PASS,training_configuration:66e33251935910fe6c18c3aaafd50ad045d1f4946a1be1688da3a4b097bdf34d,single_GPU
task_d8f71fbd746361b54d9193399e6327579b0e4a47981c44d56862d123418dd89f,cik:0000731766,composition_required,29,0,1,1,1,1,response_budget_exhausted,no_final,training_configuration:66e33251935910fe6c18c3aaafd50ad045d1f4946a1be1688da3a4b097bdf34d,single_GPU,first_final,PASS,training_configuration:66e33251935910fe6c18c3aaafd50ad045d1f4946a1be1688da3a4b097bdf34d,single_GPU,first_final,PASS,training_configuration:66e33251935910fe6c18c3aaafd50ad045d1f4946a1be1688da3a4b097bdf34d,single_GPU
task_d8f71fbd746361b54d9193399e6327579b0e4a47981c44d56862d123418dd89f,cik:0000731766,composition_required,47,0,0,0,0,0,response_budget_exhausted,no_final,training_configuration:66e33251935910fe6c18c3aaafd50ad045d1f4946a1be1688da3a4b097bdf34d,single_GPU,response_budget_exhausted,no_final,training_configuration:66e33251935910fe6c18c3aaafd50ad045d1f4946a1be1688da3a4b097bdf34d,single_GPU,response_budget_exhausted,no_final,training_configuration:9959a7beb582708e6e56e89a63d55e5cb44f2a2f524eadaef711ce1b3070e76d,8GPU_global_SUM
task_da2a22e5368d1cecd39b9baeddd89005a30cc89dd72c4cf04b24a38f1e097908,cik:0000019617,other_financial,11,0,0,0,0,0,response_budget_exhausted,no_final,training_configuration:66e33251935910fe6c18c3aaafd50ad045d1f4946a1be1688da3a4b097bdf34d,single_GPU,response_budget_exhausted,no_final,training_configuration:66e33251935910fe6c18c3aaafd50ad045d1f4946a1be1688da3a4b097bdf34d,single_GPU,response_budget_exhausted,no_final,training_configuration:66e33251935910fe6c18c3aaafd50ad045d1f4946a1be1688da3a4b097bdf34d,single_GPU
task_da2a22e5368d1cecd39b9baeddd89005a30cc89dd72c4cf04b24a38f1e097908,cik:0000019617,other_financial,29,0,0,0,0,0,response_budget_exhausted,no_final,training_configuration:66e33251935910fe6c18c3aaafd50ad045d1f4946a1be1688da3a4b097bdf34d,single_GPU,response_budget_exhausted,no_final,training_configuration:66e33251935910fe6c18c3aaafd50ad045d1f4946a1be1688da3a4b097bdf34d,single_GPU,response_budget_exhausted,no_final,training_configuration:66e33251935910fe6c18c3aaafd50ad045d1f4946a1be1688da3a4b097bdf34d,single_GPU
task_da2a22e5368d1cecd39b9baeddd89005a30cc89dd72c4cf04b24a38f1e097908,cik:0000019617,other_financial,47,0,0,0,0,0,response_budget_exhausted,no_final,training_configuration:66e33251935910fe6c18c3aaafd50ad045d1f4946a1be1688da3a4b097bdf34d,single_GPU,response_budget_exhausted,no_final,training_configuration:66e33251935910fe6c18c3aaafd50ad045d1f4946a1be1688da3a4b097bdf34d,single_GPU,response_budget_exhausted,no_final,training_configuration:9959a7beb582708e6e56e89a63d55e5cb44f2a2f524eadaef711ce1b3070e76d,8GPU_global_SUM
task_da2f1302f9401d528530168937e8f06d66170646e668e6cb24a3deff151434ea,cik:0000021344,other_financial,11,0,0,0,0,0,response_budget_exhausted,no_final,training_configuration:66e33251935910fe6c18c3aaafd50ad045d1f4946a1be1688da3a4b097bdf34d,single_GPU,response_budget_exhausted,no_final,training_configuration:66e33251935910fe6c18c3aaafd50ad045d1f4946a1be1688da3a4b097bdf34d,single_GPU,response_budget_exhausted,no_final,training_configuration:66e33251935910fe6c18c3aaafd50ad045d1f4946a1be1688da3a4b097bdf34d,single_GPU
task_da2f1302f9401d528530168937e8f06d66170646e668e6cb24a3deff151434ea,cik:0000021344,other_financial,29,0,0,0,0,0,response_budget_exhausted,no_final,training_configuration:66e33251935910fe6c18c3aaafd50ad045d1f4946a1be1688da3a4b097bdf34d,single_GPU,response_budget_exhausted,no_final,training_configuration:66e33251935910fe6c18c3aaafd50ad045d1f4946a1be1688da3a4b097bdf34d,single_GPU,response_budget_exhausted,no_final,training_configuration:66e33251935910fe6c18c3aaafd50ad045d1f4946a1be1688da3a4b097bdf34d,single_GPU
task_da2f1302f9401d528530168937e8f06d66170646e668e6cb24a3deff151434ea,cik:0000021344,other_financial,47,0,0,0,0,0,response_budget_exhausted,no_final,training_configuration:66e33251935910fe6c18c3aaafd50ad045d1f4946a1be1688da3a4b097bdf34d,single_GPU,response_budget_exhausted,no_final,training_configuration:66e33251935910fe6c18c3aaafd50ad045d1f4946a1be1688da3a4b097bdf34d,single_GPU,response_budget_exhausted,no_final,training_configuration:9959a7beb582708e6e56e89a63d55e5cb44f2a2f524eadaef711ce1b3070e76d,8GPU_global_SUM
task_dd39f7dcf8a8dc76fb3b02a60ed42158e2b1653da35509490ec5621e6766acd3,cik:0000019617,composition_required,11,0,0,0,0,0,provider_error,no_final,training_configuration:66e33251935910fe6c18c3aaafd50ad045d1f4946a1be1688da3a4b097bdf34d,single_GPU,provider_error,no_final,training_configuration:66e33251935910fe6c18c3aaafd50ad045d1f4946a1be1688da3a4b097bdf34d,single_GPU,provider_error,no_final,training_configuration:66e33251935910fe6c18c3aaafd50ad045d1f4946a1be1688da3a4b097bdf34d,single_GPU
task_dd39f7dcf8a8dc76fb3b02a60ed42158e2b1653da35509490ec5621e6766acd3,cik:0000019617,composition_required,29,1,1,0,0,-1,first_final,PASS,training_configuration:66e33251935910fe6c18c3aaafd50ad045d1f4946a1be1688da3a4b097bdf34d,single_GPU,first_final,PASS,training_configuration:66e33251935910fe6c18c3aaafd50ad045d1f4946a1be1688da3a4b097bdf34d,single_GPU,response_budget_exhausted,no_final,training_configuration:66e33251935910fe6c18c3aaafd50ad045d1f4946a1be1688da3a4b097bdf34d,single_GPU
task_dd39f7dcf8a8dc76fb3b02a60ed42158e2b1653da35509490ec5621e6766acd3,cik:0000019617,composition_required,47,0,0,0,0,0,provider_error,no_final,training_configuration:66e33251935910fe6c18c3aaafd50ad045d1f4946a1be1688da3a4b097bdf34d,single_GPU,provider_error,no_final,training_configuration:66e33251935910fe6c18c3aaafd50ad045d1f4946a1be1688da3a4b097bdf34d,single_GPU,provider_error,no_final,training_configuration:9959a7beb582708e6e56e89a63d55e5cb44f2a2f524eadaef711ce1b3070e76d,8GPU_global_SUM
task_ddfbc811c5502f6e5b5720a5b757490b1a9d5752580caa58c56b879a654fa13f,cik:0000092122,other_financial,11,0,0,0,0,0,response_budget_exhausted,no_final,training_configuration:66e33251935910fe6c18c3aaafd50ad045d1f4946a1be1688da3a4b097bdf34d,single_GPU,response_budget_exhausted,no_final,training_configuration:66e33251935910fe6c18c3aaafd50ad045d1f4946a1be1688da3a4b097bdf34d,single_GPU,response_budget_exhausted,no_final,training_configuration:66e33251935910fe6c18c3aaafd50ad045d1f4946a1be1688da3a4b097bdf34d,single_GPU
task_ddfbc811c5502f6e5b5720a5b757490b1a9d5752580caa58c56b879a654fa13f,cik:0000092122,other_financial,29,0,0,0,0,0,response_budget_exhausted,no_final,training_configuration:66e33251935910fe6c18c3aaafd50ad045d1f4946a1be1688da3a4b097bdf34d,single_GPU,response_budget_exhausted,no_final,training_configuration:66e33251935910fe6c18c3aaafd50ad045d1f4946a1be1688da3a4b097bdf34d,single_GPU,response_budget_exhausted,no_final,training_configuration:66e33251935910fe6c18c3aaafd50ad045d1f4946a1be1688da3a4b097bdf34d,single_GPU
task_ddfbc811c5502f6e5b5720a5b757490b1a9d5752580caa58c56b879a654fa13f,cik:0000092122,other_financial,47,0,0,0,0,0,response_budget_exhausted,no_final,training_configuration:66e33251935910fe6c18c3aaafd50ad045d1f4946a1be1688da3a4b097bdf34d,single_GPU,response_budget_exhausted,no_final,training_configuration:66e33251935910fe6c18c3aaafd50ad045d1f4946a1be1688da3a4b097bdf34d,single_GPU,response_budget_exhausted,no_final,training_configuration:9959a7beb582708e6e56e89a63d55e5cb44f2a2f524eadaef711ce1b3070e76d,8GPU_global_SUM
task_e0b58fab58bc2af26e37f47b3aa61b579e51cf1c0115bd22810fe688ab77d21f,cik:0000804328,composition_required,11,0,0,0,0,0,response_budget_exhausted,no_final,training_configuration:66e33251935910fe6c18c3aaafd50ad045d1f4946a1be1688da3a4b097bdf34d,single_GPU,response_budget_exhausted,no_final,training_configuration:66e33251935910fe6c18c3aaafd50ad045d1f4946a1be1688da3a4b097bdf34d,single_GPU,response_budget_exhausted,no_final,training_configuration:66e33251935910fe6c18c3aaafd50ad045d1f4946a1be1688da3a4b097bdf34d,single_GPU
task_e0b58fab58bc2af26e37f47b3aa61b579e51cf1c0115bd22810fe688ab77d21f,cik:0000804328,composition_required,29,0,0,0,0,0,response_budget_exhausted,no_final,training_configuration:66e33251935910fe6c18c3aaafd50ad045d1f4946a1be1688da3a4b097bdf34d,single_GPU,first_final,assessment.mean_requires_all_three_actual_interval_amounts,training_configuration:66e33251935910fe6c18c3aaafd50ad045d1f4946a1be1688da3a4b097bdf34d,single_GPU,response_budget_exhausted,no_final,training_configuration:66e33251935910fe6c18c3aaafd50ad045d1f4946a1be1688da3a4b097bdf34d,single_GPU
task_e0b58fab58bc2af26e37f47b3aa61b579e51cf1c0115bd22810fe688ab77d21f,cik:0000804328,composition_required,47,0,0,0,0,0,response_budget_exhausted,no_final,training_configuration:66e33251935910fe6c18c3aaafd50ad045d1f4946a1be1688da3a4b097bdf34d,single_GPU,response_budget_exhausted,no_final,training_configuration:66e33251935910fe6c18c3aaafd50ad045d1f4946a1be1688da3a4b097bdf34d,single_GPU,first_final,assessment.mean_requires_all_three_actual_interval_amounts,training_configuration:9959a7beb582708e6e56e89a63d55e5cb44f2a2f524eadaef711ce1b3070e76d,8GPU_global_SUM
task_e0dcbf4658eacfccfeae3ff5889277237165d79b55e7520abcd098ca4ce7f1a1,cik:0000796343,dual_sufficient,11,0,0,0,0,0,first_final,assessment.final_not_supported_by_result,training_configuration:66e33251935910fe6c18c3aaafd50ad045d1f4946a1be1688da3a4b097bdf34d,single_GPU,first_final,assessment.final_not_supported_by_result,training_configuration:66e33251935910fe6c18c3aaafd50ad045d1f4946a1be1688da3a4b097bdf34d,single_GPU,first_final,assessment.final_not_supported_by_result,training_configuration:66e33251935910fe6c18c3aaafd50ad045d1f4946a1be1688da3a4b097bdf34d,single_GPU
task_e0dcbf4658eacfccfeae3ff5889277237165d79b55e7520abcd098ca4ce7f1a1,cik:0000796343,dual_sufficient,29,0,0,0,0,0,first_final,assessment.final_not_supported_by_result,training_configuration:66e33251935910fe6c18c3aaafd50ad045d1f4946a1be1688da3a4b097bdf34d,single_GPU,first_final,assessment.final_not_supported_by_result,training_configuration:66e33251935910fe6c18c3aaafd50ad045d1f4946a1be1688da3a4b097bdf34d,single_GPU,first_final,assessment.final_not_supported_by_result,training_configuration:66e33251935910fe6c18c3aaafd50ad045d1f4946a1be1688da3a4b097bdf34d,single_GPU
task_e0dcbf4658eacfccfeae3ff5889277237165d79b55e7520abcd098ca4ce7f1a1,cik:0000796343,dual_sufficient,47,0,0,0,0,0,first_final,assessment.final_not_supported_by_result,training_configuration:66e33251935910fe6c18c3aaafd50ad045d1f4946a1be1688da3a4b097bdf34d,single_GPU,first_final,assessment.final_not_supported_by_result,training_configuration:66e33251935910fe6c18c3aaafd50ad045d1f4946a1be1688da3a4b097bdf34d,single_GPU,first_final,assessment.final_not_supported_by_result,training_configuration:9959a7beb582708e6e56e89a63d55e5cb44f2a2f524eadaef711ce1b3070e76d,8GPU_global_SUM
task_e14e5e563b865d769498021907a06c2f72729175fdd7259924b536284073291b,cik:0000101829,other_financial,11,0,0,0,0,0,response_budget_exhausted,no_final,training_configuration:66e33251935910fe6c18c3aaafd50ad045d1f4946a1be1688da3a4b097bdf34d,single_GPU,response_budget_exhausted,no_final,training_configuration:66e33251935910fe6c18c3aaafd50ad045d1f4946a1be1688da3a4b097bdf34d,single_GPU,provider_error,no_final,training_configuration:66e33251935910fe6c18c3aaafd50ad045d1f4946a1be1688da3a4b097bdf34d,single_GPU
task_e14e5e563b865d769498021907a06c2f72729175fdd7259924b536284073291b,cik:0000101829,other_financial,29,0,0,0,0,0,response_budget_exhausted,no_final,training_configuration:66e33251935910fe6c18c3aaafd50ad045d1f4946a1be1688da3a4b097bdf34d,single_GPU,response_budget_exhausted,no_final,training_configuration:66e33251935910fe6c18c3aaafd50ad045d1f4946a1be1688da3a4b097bdf34d,single_GPU,response_budget_exhausted,no_final,training_configuration:66e33251935910fe6c18c3aaafd50ad045d1f4946a1be1688da3a4b097bdf34d,single_GPU
task_e14e5e563b865d769498021907a06c2f72729175fdd7259924b536284073291b,cik:0000101829,other_financial,47,0,0,0,0,0,response_budget_exhausted,no_final,training_configuration:66e33251935910fe6c18c3aaafd50ad045d1f4946a1be1688da3a4b097bdf34d,single_GPU,response_budget_exhausted,no_final,training_configuration:66e33251935910fe6c18c3aaafd50ad045d1f4946a1be1688da3a4b097bdf34d,single_GPU,response_budget_exhausted,no_final,training_configuration:9959a7beb582708e6e56e89a63d55e5cb44f2a2f524eadaef711ce1b3070e76d,8GPU_global_SUM
task_e2ce90b3d259689e753c1817663170a35b34e2544391226268e4bbe4d6754d84,cik:0001065280,composition_required,11,1,0,0,-1,-1,first_final,PASS,training_configuration:66e33251935910fe6c18c3aaafd50ad045d1f4946a1be1688da3a4b097bdf34d,single_GPU,response_budget_exhausted,no_final,training_configuration:66e33251935910fe6c18c3aaafd50ad045d1f4946a1be1688da3a4b097bdf34d,single_GPU,first_final,assessment.mean_requires_all_three_actual_interval_amounts,training_configuration:66e33251935910fe6c18c3aaafd50ad045d1f4946a1be1688da3a4b097bdf34d,single_GPU
task_e2ce90b3d259689e753c1817663170a35b34e2544391226268e4bbe4d6754d84,cik:0001065280,composition_required,29,0,0,0,0,0,response_budget_exhausted,no_final,training_configuration:66e33251935910fe6c18c3aaafd50ad045d1f4946a1be1688da3a4b097bdf34d,single_GPU,response_budget_exhausted,no_final,training_configuration:66e33251935910fe6c18c3aaafd50ad045d1f4946a1be1688da3a4b097bdf34d,single_GPU,response_budget_exhausted,no_final,training_configuration:66e33251935910fe6c18c3aaafd50ad045d1f4946a1be1688da3a4b097bdf34d,single_GPU
task_e2ce90b3d259689e753c1817663170a35b34e2544391226268e4bbe4d6754d84,cik:0001065280,composition_required,47,0,0,0,0,0,response_budget_exhausted,no_final,training_configuration:66e33251935910fe6c18c3aaafd50ad045d1f4946a1be1688da3a4b097bdf34d,single_GPU,response_budget_exhausted,no_final,training_configuration:66e33251935910fe6c18c3aaafd50ad045d1f4946a1be1688da3a4b097bdf34d,single_GPU,response_budget_exhausted,no_final,training_configuration:9959a7beb582708e6e56e89a63d55e5cb44f2a2f524eadaef711ce1b3070e76d,8GPU_global_SUM
task_ea109313ef382be1291c2a9d96cc056e0bcbf95c074856211c44824498348ca5,cik:0001065280,dual_sufficient,11,1,1,1,0,0,first_final,PASS,training_configuration:66e33251935910fe6c18c3aaafd50ad045d1f4946a1be1688da3a4b097bdf34d,single_GPU,first_final,PASS,training_configuration:66e33251935910fe6c18c3aaafd50ad045d1f4946a1be1688da3a4b097bdf34d,single_GPU,first_final,PASS,training_configuration:66e33251935910fe6c18c3aaafd50ad045d1f4946a1be1688da3a4b097bdf34d,single_GPU
task_ea109313ef382be1291c2a9d96cc056e0bcbf95c074856211c44824498348ca5,cik:0001065280,dual_sufficient,29,1,1,1,0,0,first_final,PASS,training_configuration:66e33251935910fe6c18c3aaafd50ad045d1f4946a1be1688da3a4b097bdf34d,single_GPU,first_final,PASS,training_configuration:66e33251935910fe6c18c3aaafd50ad045d1f4946a1be1688da3a4b097bdf34d,single_GPU,first_final,PASS,training_configuration:66e33251935910fe6c18c3aaafd50ad045d1f4946a1be1688da3a4b097bdf34d,single_GPU
task_ea109313ef382be1291c2a9d96cc056e0bcbf95c074856211c44824498348ca5,cik:0001065280,dual_sufficient,47,1,1,1,0,0,first_final,PASS,training_configuration:66e33251935910fe6c18c3aaafd50ad045d1f4946a1be1688da3a4b097bdf34d,single_GPU,first_final,PASS,training_configuration:66e33251935910fe6c18c3aaafd50ad045d1f4946a1be1688da3a4b097bdf34d,single_GPU,first_final,PASS,training_configuration:9959a7beb582708e6e56e89a63d55e5cb44f2a2f524eadaef711ce1b3070e76d,8GPU_global_SUM
task_ea5b6c231cb8bcb84d9c01c2f06569e7dc2692d039fe799a986c4a9780b22cae,cik:0000796343,dual_sufficient,11,1,1,0,0,-1,first_final,PASS,training_configuration:66e33251935910fe6c18c3aaafd50ad045d1f4946a1be1688da3a4b097bdf34d,single_GPU,first_final,PASS,training_configuration:66e33251935910fe6c18c3aaafd50ad045d1f4946a1be1688da3a4b097bdf34d,single_GPU,first_final,assessment.not_equivalent_under_admitted_public_relations,training_configuration:66e33251935910fe6c18c3aaafd50ad045d1f4946a1be1688da3a4b097bdf34d,single_GPU
task_ea5b6c231cb8bcb84d9c01c2f06569e7dc2692d039fe799a986c4a9780b22cae,cik:0000796343,dual_sufficient,29,1,1,1,0,0,first_final,PASS,training_configuration:66e33251935910fe6c18c3aaafd50ad045d1f4946a1be1688da3a4b097bdf34d,single_GPU,first_final,PASS,training_configuration:66e33251935910fe6c18c3aaafd50ad045d1f4946a1be1688da3a4b097bdf34d,single_GPU,first_final,PASS,training_configuration:66e33251935910fe6c18c3aaafd50ad045d1f4946a1be1688da3a4b097bdf34d,single_GPU
task_ea5b6c231cb8bcb84d9c01c2f06569e7dc2692d039fe799a986c4a9780b22cae,cik:0000796343,dual_sufficient,47,1,1,1,0,0,first_final,PASS,training_configuration:66e33251935910fe6c18c3aaafd50ad045d1f4946a1be1688da3a4b097bdf34d,single_GPU,first_final,PASS,training_configuration:66e33251935910fe6c18c3aaafd50ad045d1f4946a1be1688da3a4b097bdf34d,single_GPU,first_final,PASS,training_configuration:9959a7beb582708e6e56e89a63d55e5cb44f2a2f524eadaef711ce1b3070e76d,8GPU_global_SUM
task_ebe0916320bd19b256522052585b8aa24248ed320b885ba83c78bd77df0a76d6,cik:0000021344,other_financial,11,0,0,0,0,0,provider_error,no_final,training_configuration:66e33251935910fe6c18c3aaafd50ad045d1f4946a1be1688da3a4b097bdf34d,single_GPU,response_budget_exhausted,no_final,training_configuration:66e33251935910fe6c18c3aaafd50ad045d1f4946a1be1688da3a4b097bdf34d,single_GPU,response_budget_exhausted,no_final,training_configuration:66e33251935910fe6c18c3aaafd50ad045d1f4946a1be1688da3a4b097bdf34d,single_GPU
task_ebe0916320bd19b256522052585b8aa24248ed320b885ba83c78bd77df0a76d6,cik:0000021344,other_financial,29,0,0,0,0,0,response_budget_exhausted,no_final,training_configuration:66e33251935910fe6c18c3aaafd50ad045d1f4946a1be1688da3a4b097bdf34d,single_GPU,first_final,assessment.one_actual_selection_support_required,training_configuration:66e33251935910fe6c18c3aaafd50ad045d1f4946a1be1688da3a4b097bdf34d,single_GPU,first_final,assessment.one_actual_selection_support_required,training_configuration:66e33251935910fe6c18c3aaafd50ad045d1f4946a1be1688da3a4b097bdf34d,single_GPU
task_ebe0916320bd19b256522052585b8aa24248ed320b885ba83c78bd77df0a76d6,cik:0000021344,other_financial,47,0,0,0,0,0,response_budget_exhausted,no_final,training_configuration:66e33251935910fe6c18c3aaafd50ad045d1f4946a1be1688da3a4b097bdf34d,single_GPU,response_budget_exhausted,no_final,training_configuration:66e33251935910fe6c18c3aaafd50ad045d1f4946a1be1688da3a4b097bdf34d,single_GPU,first_final,assessment.final_selected_actual_period,training_configuration:9959a7beb582708e6e56e89a63d55e5cb44f2a2f524eadaef711ce1b3070e76d,8GPU_global_SUM
task_ee379b9ec7de296a2d4df4f68e62245e6504ae19690d7a64950ec7c9ed754484,cik:0000796343,dual_sufficient,11,1,1,1,0,0,first_final,PASS,training_configuration:66e33251935910fe6c18c3aaafd50ad045d1f4946a1be1688da3a4b097bdf34d,single_GPU,first_final,PASS,training_configuration:66e33251935910fe6c18c3aaafd50ad045d1f4946a1be1688da3a4b097bdf34d,single_GPU,first_final,PASS,training_configuration:66e33251935910fe6c18c3aaafd50ad045d1f4946a1be1688da3a4b097bdf34d,single_GPU
task_ee379b9ec7de296a2d4df4f68e62245e6504ae19690d7a64950ec7c9ed754484,cik:0000796343,dual_sufficient,29,1,1,1,0,0,first_final,PASS,training_configuration:66e33251935910fe6c18c3aaafd50ad045d1f4946a1be1688da3a4b097bdf34d,single_GPU,first_final,PASS,training_configuration:66e33251935910fe6c18c3aaafd50ad045d1f4946a1be1688da3a4b097bdf34d,single_GPU,first_final,PASS,training_configuration:66e33251935910fe6c18c3aaafd50ad045d1f4946a1be1688da3a4b097bdf34d,single_GPU
task_ee379b9ec7de296a2d4df4f68e62245e6504ae19690d7a64950ec7c9ed754484,cik:0000796343,dual_sufficient,47,1,1,1,0,0,first_final,PASS,training_configuration:66e33251935910fe6c18c3aaafd50ad045d1f4946a1be1688da3a4b097bdf34d,single_GPU,first_final,PASS,training_configuration:66e33251935910fe6c18c3aaafd50ad045d1f4946a1be1688da3a4b097bdf34d,single_GPU,first_final,PASS,training_configuration:9959a7beb582708e6e56e89a63d55e5cb44f2a2f524eadaef711ce1b3070e76d,8GPU_global_SUM
task_f02f01fd0aaab6cb36dda72395b9ed814585a9e1876afe1b1e81018168a01b94,cik:0000109198,other_financial,11,0,0,0,0,0,response_budget_exhausted,no_final,training_configuration:66e33251935910fe6c18c3aaafd50ad045d1f4946a1be1688da3a4b097bdf34d,single_GPU,response_budget_exhausted,no_final,training_configuration:66e33251935910fe6c18c3aaafd50ad045d1f4946a1be1688da3a4b097bdf34d,single_GPU,response_budget_exhausted,no_final,training_configuration:66e33251935910fe6c18c3aaafd50ad045d1f4946a1be1688da3a4b097bdf34d,single_GPU
task_f02f01fd0aaab6cb36dda72395b9ed814585a9e1876afe1b1e81018168a01b94,cik:0000109198,other_financial,29,0,0,0,0,0,response_budget_exhausted,no_final,training_configuration:66e33251935910fe6c18c3aaafd50ad045d1f4946a1be1688da3a4b097bdf34d,single_GPU,response_budget_exhausted,no_final,training_configuration:66e33251935910fe6c18c3aaafd50ad045d1f4946a1be1688da3a4b097bdf34d,single_GPU,response_budget_exhausted,no_final,training_configuration:66e33251935910fe6c18c3aaafd50ad045d1f4946a1be1688da3a4b097bdf34d,single_GPU
task_f02f01fd0aaab6cb36dda72395b9ed814585a9e1876afe1b1e81018168a01b94,cik:0000109198,other_financial,47,0,0,0,0,0,response_budget_exhausted,no_final,training_configuration:66e33251935910fe6c18c3aaafd50ad045d1f4946a1be1688da3a4b097bdf34d,single_GPU,response_budget_exhausted,no_final,training_configuration:66e33251935910fe6c18c3aaafd50ad045d1f4946a1be1688da3a4b097bdf34d,single_GPU,first_final,assessment.selection_unique_public_candidate_period,training_configuration:9959a7beb582708e6e56e89a63d55e5cb44f2a2f524eadaef711ce1b3070e76d,8GPU_global_SUM
task_f40c9fa3d79f09c37555a10f659b67cc6fc3313e208746e1514783c1f24e8701,cik:0000101829,other_financial,11,0,0,0,0,0,response_budget_exhausted,no_final,training_configuration:66e33251935910fe6c18c3aaafd50ad045d1f4946a1be1688da3a4b097bdf34d,single_GPU,response_budget_exhausted,no_final,training_configuration:66e33251935910fe6c18c3aaafd50ad045d1f4946a1be1688da3a4b097bdf34d,single_GPU,response_budget_exhausted,no_final,training_configuration:66e33251935910fe6c18c3aaafd50ad045d1f4946a1be1688da3a4b097bdf34d,single_GPU
task_f40c9fa3d79f09c37555a10f659b67cc6fc3313e208746e1514783c1f24e8701,cik:0000101829,other_financial,29,0,0,0,0,0,response_budget_exhausted,no_final,training_configuration:66e33251935910fe6c18c3aaafd50ad045d1f4946a1be1688da3a4b097bdf34d,single_GPU,response_budget_exhausted,no_final,training_configuration:66e33251935910fe6c18c3aaafd50ad045d1f4946a1be1688da3a4b097bdf34d,single_GPU,response_budget_exhausted,no_final,training_configuration:66e33251935910fe6c18c3aaafd50ad045d1f4946a1be1688da3a4b097bdf34d,single_GPU
task_f40c9fa3d79f09c37555a10f659b67cc6fc3313e208746e1514783c1f24e8701,cik:0000101829,other_financial,47,0,0,0,0,0,response_budget_exhausted,no_final,training_configuration:66e33251935910fe6c18c3aaafd50ad045d1f4946a1be1688da3a4b097bdf34d,single_GPU,response_budget_exhausted,no_final,training_configuration:66e33251935910fe6c18c3aaafd50ad045d1f4946a1be1688da3a4b097bdf34d,single_GPU,response_budget_exhausted,no_final,training_configuration:9959a7beb582708e6e56e89a63d55e5cb44f2a2f524eadaef711ce1b3070e76d,8GPU_global_SUM
task_f58d044471758d099e4d6fb7657f143d7fb9ce8ac1a012c6d128ca5d966563b6,cik:0001065280,other_financial,11,0,0,0,0,0,provider_error,no_final,training_configuration:66e33251935910fe6c18c3aaafd50ad045d1f4946a1be1688da3a4b097bdf34d,single_GPU,response_budget_exhausted,no_final,training_configuration:66e33251935910fe6c18c3aaafd50ad045d1f4946a1be1688da3a4b097bdf34d,single_GPU,response_budget_exhausted,no_final,training_configuration:66e33251935910fe6c18c3aaafd50ad045d1f4946a1be1688da3a4b097bdf34d,single_GPU
task_f58d044471758d099e4d6fb7657f143d7fb9ce8ac1a012c6d128ca5d966563b6,cik:0001065280,other_financial,29,0,0,0,0,0,response_budget_exhausted,no_final,training_configuration:66e33251935910fe6c18c3aaafd50ad045d1f4946a1be1688da3a4b097bdf34d,single_GPU,response_budget_exhausted,no_final,training_configuration:66e33251935910fe6c18c3aaafd50ad045d1f4946a1be1688da3a4b097bdf34d,single_GPU,response_budget_exhausted,no_final,training_configuration:66e33251935910fe6c18c3aaafd50ad045d1f4946a1be1688da3a4b097bdf34d,single_GPU
task_f58d044471758d099e4d6fb7657f143d7fb9ce8ac1a012c6d128ca5d966563b6,cik:0001065280,other_financial,47,0,0,0,0,0,response_budget_exhausted,no_final,training_configuration:66e33251935910fe6c18c3aaafd50ad045d1f4946a1be1688da3a4b097bdf34d,single_GPU,response_budget_exhausted,no_final,training_configuration:66e33251935910fe6c18c3aaafd50ad045d1f4946a1be1688da3a4b097bdf34d,single_GPU,response_budget_exhausted,no_final,training_configuration:9959a7beb582708e6e56e89a63d55e5cb44f2a2f524eadaef711ce1b3070e76d,8GPU_global_SUM
task_f6af9418a0a4a918649e8934d5d2723e029a730c63fd092879757cb3824ff8a6,cik:0000731766,other_financial,11,0,0,0,0,0,response_budget_exhausted,no_final,training_configuration:66e33251935910fe6c18c3aaafd50ad045d1f4946a1be1688da3a4b097bdf34d,single_GPU,response_budget_exhausted,no_final,training_configuration:66e33251935910fe6c18c3aaafd50ad045d1f4946a1be1688da3a4b097bdf34d,single_GPU,response_budget_exhausted,no_final,training_configuration:66e33251935910fe6c18c3aaafd50ad045d1f4946a1be1688da3a4b097bdf34d,single_GPU
task_f6af9418a0a4a918649e8934d5d2723e029a730c63fd092879757cb3824ff8a6,cik:0000731766,other_financial,29,0,0,0,0,0,response_budget_exhausted,no_final,training_configuration:66e33251935910fe6c18c3aaafd50ad045d1f4946a1be1688da3a4b097bdf34d,single_GPU,response_budget_exhausted,no_final,training_configuration:66e33251935910fe6c18c3aaafd50ad045d1f4946a1be1688da3a4b097bdf34d,single_GPU,response_budget_exhausted,no_final,training_configuration:66e33251935910fe6c18c3aaafd50ad045d1f4946a1be1688da3a4b097bdf34d,single_GPU
task_f6af9418a0a4a918649e8934d5d2723e029a730c63fd092879757cb3824ff8a6,cik:0000731766,other_financial,47,0,0,0,0,0,response_budget_exhausted,no_final,training_configuration:66e33251935910fe6c18c3aaafd50ad045d1f4946a1be1688da3a4b097bdf34d,single_GPU,response_budget_exhausted,no_final,training_configuration:66e33251935910fe6c18c3aaafd50ad045d1f4946a1be1688da3a4b097bdf34d,single_GPU,response_budget_exhausted,no_final,training_configuration:9959a7beb582708e6e56e89a63d55e5cb44f2a2f524eadaef711ce1b3070e76d,8GPU_global_SUM
task_f81960a5b8f6be1c24e360f7c06e8cbc257035a3c668225cdd09327c57916d42,cik:0000796343,dual_sufficient,11,1,0,1,-1,0,first_final,PASS,training_configuration:66e33251935910fe6c18c3aaafd50ad045d1f4946a1be1688da3a4b097bdf34d,single_GPU,first_final,assessment.final_not_supported_by_result,training_configuration:66e33251935910fe6c18c3aaafd50ad045d1f4946a1be1688da3a4b097bdf34d,single_GPU,first_final,PASS,training_configuration:66e33251935910fe6c18c3aaafd50ad045d1f4946a1be1688da3a4b097bdf34d,single_GPU
task_f81960a5b8f6be1c24e360f7c06e8cbc257035a3c668225cdd09327c57916d42,cik:0000796343,dual_sufficient,29,0,0,0,0,0,first_final,assessment.final_not_supported_by_result,training_configuration:66e33251935910fe6c18c3aaafd50ad045d1f4946a1be1688da3a4b097bdf34d,single_GPU,first_final,assessment.final_not_supported_by_result,training_configuration:66e33251935910fe6c18c3aaafd50ad045d1f4946a1be1688da3a4b097bdf34d,single_GPU,first_final,assessment.final_not_supported_by_result,training_configuration:66e33251935910fe6c18c3aaafd50ad045d1f4946a1be1688da3a4b097bdf34d,single_GPU
task_f81960a5b8f6be1c24e360f7c06e8cbc257035a3c668225cdd09327c57916d42,cik:0000796343,dual_sufficient,47,0,0,1,0,1,first_final,assessment.final_not_supported_by_result,training_configuration:66e33251935910fe6c18c3aaafd50ad045d1f4946a1be1688da3a4b097bdf34d,single_GPU,first_final,assessment.final_not_supported_by_result,training_configuration:66e33251935910fe6c18c3aaafd50ad045d1f4946a1be1688da3a4b097bdf34d,single_GPU,first_final,PASS,training_configuration:9959a7beb582708e6e56e89a63d55e5cb44f2a2f524eadaef711ce1b3070e76d,8GPU_global_SUM
task_f9a53eff3e037e1b3788554c5a72c4651a15735befeca8a09fff9047e23be716,cik:0000021344,dual_sufficient,11,0,0,0,0,0,first_final,assessment.final_not_supported_by_result,training_configuration:66e33251935910fe6c18c3aaafd50ad045d1f4946a1be1688da3a4b097bdf34d,single_GPU,first_final,assessment.final_not_supported_by_result,training_configuration:66e33251935910fe6c18c3aaafd50ad045d1f4946a1be1688da3a4b097bdf34d,single_GPU,first_final,assessment.final_not_supported_by_result,training_configuration:66e33251935910fe6c18c3aaafd50ad045d1f4946a1be1688da3a4b097bdf34d,single_GPU
task_f9a53eff3e037e1b3788554c5a72c4651a15735befeca8a09fff9047e23be716,cik:0000021344,dual_sufficient,29,0,0,0,0,0,first_final,assessment.final_not_supported_by_result,training_configuration:66e33251935910fe6c18c3aaafd50ad045d1f4946a1be1688da3a4b097bdf34d,single_GPU,first_final,assessment.final_not_supported_by_result,training_configuration:66e33251935910fe6c18c3aaafd50ad045d1f4946a1be1688da3a4b097bdf34d,single_GPU,first_final,assessment.final_not_supported_by_result,training_configuration:66e33251935910fe6c18c3aaafd50ad045d1f4946a1be1688da3a4b097bdf34d,single_GPU
task_f9a53eff3e037e1b3788554c5a72c4651a15735befeca8a09fff9047e23be716,cik:0000021344,dual_sufficient,47,0,0,0,0,0,first_final,assessment.final_not_supported_by_result,training_configuration:66e33251935910fe6c18c3aaafd50ad045d1f4946a1be1688da3a4b097bdf34d,single_GPU,first_final,assessment.final_not_supported_by_result,training_configuration:66e33251935910fe6c18c3aaafd50ad045d1f4946a1be1688da3a4b097bdf34d,single_GPU,first_final,assessment.final_not_supported_by_result,training_configuration:9959a7beb582708e6e56e89a63d55e5cb44f2a2f524eadaef711ce1b3070e76d,8GPU_global_SUM
task_f9cd9377eb62d03f1188383edad582e866fdb37114e722e26117f69eefe6c52f,cik:0000796343,composition_required,11,1,0,1,-1,0,first_final,PASS,training_configuration:66e33251935910fe6c18c3aaafd50ad045d1f4946a1be1688da3a4b097bdf34d,single_GPU,response_budget_exhausted,no_final,training_configuration:66e33251935910fe6c18c3aaafd50ad045d1f4946a1be1688da3a4b097bdf34d,single_GPU,first_final,PASS,training_configuration:66e33251935910fe6c18c3aaafd50ad045d1f4946a1be1688da3a4b097bdf34d,single_GPU
task_f9cd9377eb62d03f1188383edad582e866fdb37114e722e26117f69eefe6c52f,cik:0000796343,composition_required,29,1,1,1,0,0,first_final,PASS,training_configuration:66e33251935910fe6c18c3aaafd50ad045d1f4946a1be1688da3a4b097bdf34d,single_GPU,first_final,PASS,training_configuration:66e33251935910fe6c18c3aaafd50ad045d1f4946a1be1688da3a4b097bdf34d,single_GPU,first_final,PASS,training_configuration:66e33251935910fe6c18c3aaafd50ad045d1f4946a1be1688da3a4b097bdf34d,single_GPU
task_f9cd9377eb62d03f1188383edad582e866fdb37114e722e26117f69eefe6c52f,cik:0000796343,composition_required,47,1,1,1,0,0,first_final,PASS,training_configuration:66e33251935910fe6c18c3aaafd50ad045d1f4946a1be1688da3a4b097bdf34d,single_GPU,first_final,PASS,training_configuration:66e33251935910fe6c18c3aaafd50ad045d1f4946a1be1688da3a4b097bdf34d,single_GPU,first_final,PASS,training_configuration:9959a7beb582708e6e56e89a63d55e5cb44f2a2f524eadaef711ce1b3070e76d,8GPU_global_SUM
task_fa123162e8d455fbdc79501c92f1982c9dcb05b684494831f22973b1eb0a252a,cik:0000796343,composition_required,11,0,0,0,0,0,first_final,assessment.final_not_supported_by_result,training_configuration:66e33251935910fe6c18c3aaafd50ad045d1f4946a1be1688da3a4b097bdf34d,single_GPU,first_final,assessment.final_not_supported_by_result,training_configuration:66e33251935910fe6c18c3aaafd50ad045d1f4946a1be1688da3a4b097bdf34d,single_GPU,first_final,assessment.final_not_supported_by_result,training_configuration:66e33251935910fe6c18c3aaafd50ad045d1f4946a1be1688da3a4b097bdf34d,single_GPU
task_fa123162e8d455fbdc79501c92f1982c9dcb05b684494831f22973b1eb0a252a,cik:0000796343,composition_required,29,0,0,0,0,0,response_budget_exhausted,no_final,training_configuration:66e33251935910fe6c18c3aaafd50ad045d1f4946a1be1688da3a4b097bdf34d,single_GPU,first_final,assessment.final_not_supported_by_result,training_configuration:66e33251935910fe6c18c3aaafd50ad045d1f4946a1be1688da3a4b097bdf34d,single_GPU,first_final,assessment.final_not_supported_by_result,training_configuration:66e33251935910fe6c18c3aaafd50ad045d1f4946a1be1688da3a4b097bdf34d,single_GPU
task_fa123162e8d455fbdc79501c92f1982c9dcb05b684494831f22973b1eb0a252a,cik:0000796343,composition_required,47,0,0,1,0,1,first_final,tool.unit_dimension_conflict,training_configuration:66e33251935910fe6c18c3aaafd50ad045d1f4946a1be1688da3a4b097bdf34d,single_GPU,first_final,assessment.final_not_supported_by_result,training_configuration:66e33251935910fe6c18c3aaafd50ad045d1f4946a1be1688da3a4b097bdf34d,single_GPU,first_final,PASS,training_configuration:9959a7beb582708e6e56e89a63d55e5cb44f2a2f524eadaef711ce1b3070e76d,8GPU_global_SUM
task_fca3da82c7ada0659d103d4e9cd67e0333be1a15c98d26a46ffa1d13aada71e2,cik:0000021344,other_financial,11,0,0,0,0,0,response_budget_exhausted,no_final,training_configuration:66e33251935910fe6c18c3aaafd50ad045d1f4946a1be1688da3a4b097bdf34d,single_GPU,response_budget_exhausted,no_final,training_configuration:66e33251935910fe6c18c3aaafd50ad045d1f4946a1be1688da3a4b097bdf34d,single_GPU,response_budget_exhausted,no_final,training_configuration:66e33251935910fe6c18c3aaafd50ad045d1f4946a1be1688da3a4b097bdf34d,single_GPU
task_fca3da82c7ada0659d103d4e9cd67e0333be1a15c98d26a46ffa1d13aada71e2,cik:0000021344,other_financial,29,0,0,0,0,0,first_final,assessment.successful_support_result_required,training_configuration:66e33251935910fe6c18c3aaafd50ad045d1f4946a1be1688da3a4b097bdf34d,single_GPU,response_budget_exhausted,no_final,training_configuration:66e33251935910fe6c18c3aaafd50ad045d1f4946a1be1688da3a4b097bdf34d,single_GPU,response_budget_exhausted,no_final,training_configuration:66e33251935910fe6c18c3aaafd50ad045d1f4946a1be1688da3a4b097bdf34d,single_GPU
task_fca3da82c7ada0659d103d4e9cd67e0333be1a15c98d26a46ffa1d13aada71e2,cik:0000021344,other_financial,47,0,0,0,0,0,response_budget_exhausted,no_final,training_configuration:66e33251935910fe6c18c3aaafd50ad045d1f4946a1be1688da3a4b097bdf34d,single_GPU,response_budget_exhausted,no_final,training_configuration:66e33251935910fe6c18c3aaafd50ad045d1f4946a1be1688da3a4b097bdf34d,single_GPU,first_final,assessment.successful_support_result_required,training_configuration:9959a7beb582708e6e56e89a63d55e5cb44f2a2f524eadaef711ce1b3070e76d,8GPU_global_SUM
task_fe9a03484e7889bd140ca22b0e22ad01ca0a7965f6c3c48f44eef1a6fc7bb9c2,cik:0000021344,dual_sufficient,11,1,1,1,0,0,first_final,PASS,training_configuration:66e33251935910fe6c18c3aaafd50ad045d1f4946a1be1688da3a4b097bdf34d,single_GPU,first_final,PASS,training_configuration:66e33251935910fe6c18c3aaafd50ad045d1f4946a1be1688da3a4b097bdf34d,single_GPU,first_final,PASS,training_configuration:66e33251935910fe6c18c3aaafd50ad045d1f4946a1be1688da3a4b097bdf34d,single_GPU
task_fe9a03484e7889bd140ca22b0e22ad01ca0a7965f6c3c48f44eef1a6fc7bb9c2,cik:0000021344,dual_sufficient,29,1,1,1,0,0,first_final,PASS,training_configuration:66e33251935910fe6c18c3aaafd50ad045d1f4946a1be1688da3a4b097bdf34d,single_GPU,first_final,PASS,training_configuration:66e33251935910fe6c18c3aaafd50ad045d1f4946a1be1688da3a4b097bdf34d,single_GPU,first_final,PASS,training_configuration:66e33251935910fe6c18c3aaafd50ad045d1f4946a1be1688da3a4b097bdf34d,single_GPU
task_fe9a03484e7889bd140ca22b0e22ad01ca0a7965f6c3c48f44eef1a6fc7bb9c2,cik:0000021344,dual_sufficient,47,1,1,1,0,0,first_final,PASS,training_configuration:66e33251935910fe6c18c3aaafd50ad045d1f4946a1be1688da3a4b097bdf34d,single_GPU,first_final,PASS,training_configuration:66e33251935910fe6c18c3aaafd50ad045d1f4946a1be1688da3a4b097bdf34d,single_GPU,first_final,PASS,training_configuration:9959a7beb582708e6e56e89a63d55e5cb44f2a2f524eadaef711ce1b3070e76d,8GPU_global_SUM
task_ffb6f5cd3125be2e78c7a8636bb5a457fdf239906f73632333603072be3d41ec,cik:0000109198,composition_required,11,1,1,1,0,0,first_final,PASS,training_configuration:66e33251935910fe6c18c3aaafd50ad045d1f4946a1be1688da3a4b097bdf34d,single_GPU,first_final,PASS,training_configuration:66e33251935910fe6c18c3aaafd50ad045d1f4946a1be1688da3a4b097bdf34d,single_GPU,first_final,PASS,training_configuration:66e33251935910fe6c18c3aaafd50ad045d1f4946a1be1688da3a4b097bdf34d,single_GPU
task_ffb6f5cd3125be2e78c7a8636bb5a457fdf239906f73632333603072be3d41ec,cik:0000109198,composition_required,29,1,1,1,0,0,first_final,PASS,training_configuration:66e33251935910fe6c18c3aaafd50ad045d1f4946a1be1688da3a4b097bdf34d,single_GPU,first_final,PASS,training_configuration:66e33251935910fe6c18c3aaafd50ad045d1f4946a1be1688da3a4b097bdf34d,single_GPU,first_final,PASS,training_configuration:66e33251935910fe6c18c3aaafd50ad045d1f4946a1be1688da3a4b097bdf34d,single_GPU
task_ffb6f5cd3125be2e78c7a8636bb5a457fdf239906f73632333603072be3d41ec,cik:0000109198,composition_required,47,0,0,1,0,1,first_final,assessment.final_not_supported_by_result,training_configuration:66e33251935910fe6c18c3aaafd50ad045d1f4946a1be1688da3a4b097bdf34d,single_GPU,first_final,assessment.final_not_supported_by_result,training_configuration:66e33251935910fe6c18c3aaafd50ad045d1f4946a1be1688da3a4b097bdf34d,single_GPU,first_final,PASS,training_configuration:9959a7beb582708e6e56e89a63d55e5cb44f2a2f524eadaef711ce1b3070e76d,8GPU_global_SUM
task_ffda6a7d2cc9700ddbb6b588822c76e372abc3ac974ad5f4d3799b670c0f2e3c,cik:0001403161,other_financial,11,0,0,0,0,0,response_budget_exhausted,no_final,training_configuration:66e33251935910fe6c18c3aaafd50ad045d1f4946a1be1688da3a4b097bdf34d,single_GPU,response_budget_exhausted,no_final,training_configuration:66e33251935910fe6c18c3aaafd50ad045d1f4946a1be1688da3a4b097bdf34d,single_GPU,response_budget_exhausted,no_final,training_configuration:66e33251935910fe6c18c3aaafd50ad045d1f4946a1be1688da3a4b097bdf34d,single_GPU
task_ffda6a7d2cc9700ddbb6b588822c76e372abc3ac974ad5f4d3799b670c0f2e3c,cik:0001403161,other_financial,29,0,0,0,0,0,response_budget_exhausted,no_final,training_configuration:66e33251935910fe6c18c3aaafd50ad045d1f4946a1be1688da3a4b097bdf34d,single_GPU,first_final,assessment.one_actual_selection_support_required,training_configuration:66e33251935910fe6c18c3aaafd50ad045d1f4946a1be1688da3a4b097bdf34d,single_GPU,response_budget_exhausted,no_final,training_configuration:66e33251935910fe6c18c3aaafd50ad045d1f4946a1be1688da3a4b097bdf34d,single_GPU
task_ffda6a7d2cc9700ddbb6b588822c76e372abc3ac974ad5f4d3799b670c0f2e3c,cik:0001403161,other_financial,47,0,0,0,0,0,response_budget_exhausted,no_final,training_configuration:66e33251935910fe6c18c3aaafd50ad045d1f4946a1be1688da3a4b097bdf34d,single_GPU,response_budget_exhausted,no_final,training_configuration:66e33251935910fe6c18c3aaafd50ad045d1f4946a1be1688da3a4b097bdf34d,single_GPU,response_budget_exhausted,no_final,training_configuration:9959a7beb582708e6e56e89a63d55e5cb44f2a2f524eadaef711ce1b3070e76d,8GPU_global_SUM
